att0,att1,att2,att3,att4,att5,att6,att7,att8,att9,Class
-0.6878240508029057,-2.8933899390525846,-0.17766849190956463,1.2018356949636237,0.747398476110977,1.7015252208579974,-0.2745084061326365,1.1771013721363301,1.0908455154326897,0.5042122626779642,Pastry
-1.9927728606880266,-1.711029758906037,-0.38850805324662485,-0.6468776070624365,-0.6222631513784329,0.1101784908074956,0.23976623169360725,1.3649793782447428,0.35107148848048175,-0.9345918274199528,Pastry
-2.742582050463703,-0.9980263216936764,0.29204317294058985,-0.8771168341365861,0.05700508227925446,-0.0992045670559994,0.2126681889030653,1.084676117765674,0.29801439876599883,-1.456796291671476,Pastry
-1.694079944540128,-2.639170104280069,1.5545074151418712,0.6792522429890059,0.22096243057239606,-1.0265536903329533,2.1583416534410778,0.8306891130507095,0.7954784834030295,-1.3729846500337552,Pastry
1.140432266997293,-4.110812598045689,0.5177534563414189,0.5479314080765502,0.11428501657320138,-2.236095119129506,0.3590513169984876,-0.2877500102758407,1.4184311456053067,0.014985339220997946,Pastry
0.11620306466643071,-2.39866193778143,0.7093520906235302,1.1435151936263734,-0.31756226187998193,0.14436124576315607,-0.7784859002795129,-0.359909826531565,1.4006652098286931,-1.834988891636399,Pastry
3.194056866458801,-2.333505729010369,4.175880887427115,-0.6105808101256432,-1.0759358358025084,-1.462327341751387,-1.9318793083283727,3.55752200068624,1.1960169858633853,-0.4117002655262202,Pastry
-1.9582972623435075,0.4308464472871618,3.1012484445199995,0.4032533806959642,-0.3152288989900898,0.5320076093452585,-0.4812569123430003,2.4609419843990294,0.6585774508264507,1.1336355102815485,Pastry
-1.2129010875716253,-1.0508171599819254,0.7763345521798781,0.2960784873850248,0.8623696459224316,0.8009576625882339,-1.0617990951505416,2.22482934297571,0.8871819813290832,-0.14566506724733136,Pastry
1.1743215257707351,-3.010675282556055,1.335631943069292,1.491350999915756,-0.5887087070596368,-0.059394940797072485,-0.15121733044674826,2.3158061375973022,0.8066173795785233,0.41987600482061993,Pastry
-0.5971189904501681,-1.5566405202523044,0.7976810257329674,0.9609666007631118,0.13299823452568646,0.9130799674483836,-0.5903536921694464,2.4796983119867395,1.5317387504564703,0.418271396062711,Pastry
-0.3719117174703777,-2.9816279136385972,1.365965124091674,1.1880873323409906,0.057870937612192655,-1.0503486648104514,1.0215349548338526,1.2440879987783062,-0.17544251805340316,-0.8615609861327661,Pastry
-0.5287769423004111,-1.3026351935822467,2.1120877889177514,1.284275711618622,-0.25919415727078604,0.568250833155917,-0.6132193416405523,2.646140550121506,1.4958705182293421,0.8334261619494848,Pastry
-0.8537524224664295,-3.4277944045592714,0.0007136072843194343,0.602991581604308,0.9135303412455431,-0.06738443597363675,-0.32877229685203657,1.626701544572535,1.206017322558921,-1.6253013479149203,Pastry
0.002113405120996636,-2.900019939496337,0.19183211712813303,0.8143390286003921,0.7335618447341464,-0.1303544344640405,-0.7603106080241773,2.0619121565866467,0.9881094668546305,-1.1282303950784032,Pastry
0.3220338719279562,-3.3386966906246474,1.0090557321881222,0.6475151661970704,-0.031950226601471204,-1.4397392846899344,-0.08240329009797395,1.8782767811090997,0.3149078288019519,-1.7049870619364356,Pastry
2.763681283481918,-3.508500506747036,1.0682209545566401,0.919691433332632,-0.10925159181366985,-0.3650165668030653,-0.45545674336956865,2.303518296769548,0.4664044403981522,-0.05792785898825836,Pastry
0.43238825547181775,-2.7216324881923533,1.0353207193849574,1.6015831421157773,-0.3302688058621371,0.08653923685003276,0.3875191144982634,1.8816626913286696,0.3851605417236858,0.4754878507819285,Pastry
-1.7165901077767218,-1.47203491510062,0.5575642193758643,0.6254823245121618,0.4823229759609915,1.7031726054551446,-0.01570544441961974,1.9259107242414943,1.5393464654207738,0.7519985540625568,Pastry
-2.16087927133558,-1.6318110666858254,1.0687385014247073,-0.6696604610449964,1.4271713453402113,-2.3079001894510442,-0.12192423144281601,1.1074418034827862,0.9389067476213356,1.3090013026330145,Pastry
-0.8609830770800824,-1.9133845793498714,1.501805153078742,1.3087036449321736,0.544830122208816,1.0962027849766427,-0.01964115691198322,2.492609773579698,1.1152176612027342,0.9449887499968128,Pastry
-1.2227068046487013,-1.689519462349121,1.613045390513945,1.272086442042587,0.5422215788372166,0.9537757381334332,0.8839314737597204,2.0686211654425364,0.6130729578829038,1.0759012607396539,Pastry
-1.7882526239732583,-0.5025938364175185,2.1515180149694193,0.8301549055557351,0.5048525085937978,1.0978926430803981,0.45150856775565235,2.34761899678765,0.5383781699459618,1.333320082805166,Pastry
-0.9143230601702018,-1.8314708803670663,1.7222766177742779,1.2715787934049636,0.29489122189111727,0.6927494287299123,0.32005309904166995,2.471531069554023,1.0107289533838488,0.7958851486883602,Pastry
-1.2537866450637922,-1.3736496919904975,2.5783803605608786,1.2030152886685914,-0.25092335825137607,0.5028952677756743,0.4610272878280924,2.524590191325569,0.8741342697839466,1.1662568998165457,Pastry
-1.971829015955285,-1.2221034607072618,-1.3725154725120012,-1.0226329341559421,0.14175375209445956,-0.10921096394680935,-1.0881716361019669,-1.473159378135236,2.2592628162980324,0.68204542396629,Pastry
-0.7897747205129523,-1.8013020722081818,-1.1666901772984375,-0.5158579913722224,-0.5367871062377769,-1.0067513241662558,-0.9967801918993254,-1.3469870681322949,1.6689653262169895,0.5362824627572375,Pastry
-2.5909175250908936,-1.2476331504479115,-1.9839555817312824,-2.2261569025744152,-1.8197885677392314,-0.7119904890319715,-0.6616401923648958,0.12793520344373532,1.4408270891235295,0.7033563771601199,Pastry
1.6252764086615765,-2.996530974024468,-0.8440531241249734,-0.8862580451450186,-2.7639323084455443,-2.031563092075178,-1.067573827954049,-0.4278620878985866,1.5065734690464627,0.16875738564024487,Pastry
0.019610600774360745,-1.1552777953640387,-2.0275720019519143,0.19666168114056012,-2.303522081816772,2.0671761325066136,-0.7658200362962536,0.24592434300929328,1.5469954055914044,0.0909959505960376,Pastry
-1.9572436699037823,-0.9336812910311301,0.4451733152387772,-0.5458553588244776,-1.1299153675995144,0.09169407021243464,-0.8235183704197234,-0.33205360037520837,1.852359774923558,-1.6150673035344774,Pastry
0.5984519459617123,-2.054593754699228,-0.7898329765273296,1.1300207741880763,-1.2551173982252521,1.2897226173148804,-0.5266390132533915,-0.12979250140345058,1.3510993011313277,-0.31587497759357314,Pastry
-1.458355459371739,-1.039800108144232,-0.7172514803361546,0.012506117556283069,-1.3099751299513092,2.353311163797053,-1.0388463283020302,0.021047713780761926,2.2587233028793428,-0.18673493920104633,Pastry
-1.6373787426386104,-1.4367377950070654,-1.730764509266516,-0.9818974995512543,-0.13974873632307644,-0.2855936641013202,-0.7834534379561948,-1.233375480996103,2.0000026962843234,0.4234707725088425,Pastry
0.33658138744365673,-2.431075754541106,-3.0317890542308112,-0.7213696833369048,-0.6386857405734139,-0.7580229454347305,-1.133434430836087,-0.8206747384276469,1.3647246079304678,-0.35517026316363964,Pastry
-0.7724821585239775,-1.4024153128695005,-1.349827090533381,-0.650731354253409,-1.8592909217581206,-0.006971324337539059,-0.6654211053220069,0.1298452806598861,1.0410314862638783,-2.343620924505933,Pastry
-0.0012170415409470292,-1.5920122093264537,0.37534084087392433,1.5815881288409703,0.05890570485169797,1.7743757506974573,-0.545331643795926,-0.3313883920978681,1.530531717980956,0.09541571561581964,Pastry
0.4558748512799158,-2.3121457544380815,1.5089176194984246,1.7465050050271047,-1.211301873851636,0.3134411264355118,0.07308397418445907,-0.34850967941004146,0.9018498302742852,-0.3731701721043807,Pastry
0.5794464500340131,-2.8531412350015484,-0.5346573657195437,1.8118046878556242,-1.0649761482780216,1.388430980425477,0.9343749925667748,-1.4968713917090937,0.39680237830580684,0.1323968513070248,Pastry
-2.073994599664889,-2.4913193325115985,0.3409098483815685,-0.5840910921767433,1.8503302902502634,-1.9536610380511046,0.19610884966042788,0.8906767982639914,0.8358923172458479,1.3644664725879936,Pastry
-1.3327896416710792,-3.007457229664301,1.2865956521401383,0.03234694630083817,0.40763193851768514,-1.992116860198418,0.04074662501834456,1.804153562158379,0.8885919921280989,-0.7848977069652511,Pastry
-0.7738226185849487,-2.375747475832974,-0.6878341240435307,-0.28335689852790946,-0.48298537904461664,-0.8901786426073746,-0.8181447573663638,-1.1734543918519706,1.5304309803882696,0.1631938123402264,Pastry
-1.6002289335032813,-1.9644638100360123,-0.19897908896064756,-0.7417961378734235,1.3982353268980705,-1.3893054206450763,-1.7183463730216677,-0.661635483986883,1.323250388634298,0.7419893223887936,Pastry
-1.005079670630978,-2.7225406667793144,-1.5243805750097121,-1.2115398007589542,-1.5019417531493306,-2.0800370602363656,-0.6864399051047749,-0.2673127269764227,1.26389870205395,0.9588205922755879,Pastry
-1.7823890100496338,-1.3045454894556012,0.684614663233406,-0.03562842254362854,-0.02524970383434004,0.47618850718494354,-0.11876239488897425,1.0029896695140206,-0.09644307764272454,-0.14156307686465375,Pastry
-1.0590617869544552,-3.6500706747979508,-1.3108464550880028,-0.7430931744524932,0.39670722721939305,-2.120586214565186,-0.2938592194509995,-0.26120827853784934,0.6851326292517754,0.895769571331154,Pastry
-2.617366447121329,-1.410784101171868,-1.6684108345665882,-1.9459027589482203,-0.21470974529217324,-0.9995909524445308,-0.14725483130521386,-0.03249143724115152,-0.015357761636124052,1.1495845581665538,Pastry
-2.6370741292670314,-1.2837838760803857,-0.9184851365212369,-1.592248679922024,-1.0030273627713413,-0.18602922940582714,-0.1855323090394451,1.0702579197397142,0.20634222548876938,-0.9718227239596323,Pastry
-2.3584017065098,-0.7027213867792199,-1.5962439122538992,-1.2819474001406925,3.161782228359112,-0.587390395125406,-0.7834267251329075,-0.9673403425435716,-0.808474992232558,0.9037551175802523,Pastry
-2.952010934980884,-0.33757328824306504,-0.08608234334244502,-1.286224473072281,0.37136609216057276,0.47269359052374466,-0.6597233336173406,0.9935045049387622,-0.2925676437194124,-1.1506464782047578,Pastry
-2.9006323292006995,-0.49659462511865726,-0.2618258280057421,-1.615827313733473,-0.10701194195021632,-0.5142146120920263,-0.4094054900422309,0.7301773724688919,-0.04260123854079795,-0.10837517345317295,Pastry
0.43114005153261775,-3.50164570765213,-1.5385400846047406,0.9577472769891385,-0.6342252795944019,1.5138644411630582,-0.574686649785731,1.4403436878487117,0.865668216581019,0.39685648452072925,Pastry
-0.8409032947820984,-2.2335001026764574,-1.4114190777003182,0.3631070036714225,-0.5383787582120093,2.1064025191417133,-0.23661289998547427,1.2077344780697619,0.5758409280299609,0.9270345282315633,Pastry
-1.7895790626040202,-2.350905916568111,-2.4143470891223413,-1.672391821297683,-0.2809414515469588,-1.3282074461058662,-0.1748660566469774,-0.17362323898917348,0.3878822756136905,1.2423468424713777,Pastry
-1.6525491297548003,-1.6124882482216147,-0.8370049470442233,-1.0717249836116685,-1.907156708022538,-0.4667389401451364,0.1757246628744839,1.361172496999776,-0.1179230198453166,-1.3893092809023646,Pastry
-1.83398003758813,-1.6412018181093604,-1.8128306410519301,-1.8596867593472333,-2.1604558467420576,-1.2103086858941612,0.14814224722316519,0.7902540683380264,0.05810558873440261,0.34507543586209477,Pastry
-2.004748273950439,3.0066081816242014,-1.2441095303601581,-1.2072915755553784,-2.0196427483758237,0.763378486908151,0.8585915684304986,2.0492190459344486,0.25954750182503133,0.8035808452672937,Pastry
-1.519778646047452,-2.20885829759806,-0.16150601295495212,-0.4974100571119334,0.6553646641383665,-1.5837415057547979,0.20862744377839357,0.2185593707831422,-0.24796898309289003,0.06792260000464896,Pastry
-2.9958612952581234,-0.5379586745411541,0.16443840663403264,-1.3592304896139307,0.99337625813569,-0.3203062257171329,-0.5881010101406369,1.0763008608474143,-0.22467387365581964,-0.40030104649354503,Pastry
-2.5217183848673193,-1.4206100644825927,0.40117134313229863,-0.5549790807639287,0.41987648752580725,-0.35800667241657796,0.06821596716988591,-1.0893233241609985,1.1815284198573168,0.7597718792913912,Pastry
-2.6707439597984193,-0.7887048226988225,-0.2031764733639389,-0.5810647856938556,0.8993918717201458,1.1857174164099065,-0.08332155110477042,-0.5842981967667028,-0.07503231909101485,-1.9247410310976174,Pastry
-2.793474394408048,-0.683555046516806,0.8139738288999018,-0.679435610818453,0.889507544720771,-0.0405112719330181,-0.3747263420328344,-0.7291664314290718,0.8095208509232952,0.5715048087917622,Pastry
-2.429242547316609,-0.28644792096867044,-0.13153986036961254,-0.8323833366446204,-0.0996354550788839,1.118094501953288,-0.21069477956382782,0.06475057760044839,-0.475951897426092,-1.5751000082090367,Pastry
-3.000367050187835,-1.343058509883232,-0.6205165139349342,-1.4149358903078615,1.5545289507789453,-0.6254183364481058,-0.6869897934479454,-0.03270895767951252,0.8229661344459474,1.078210212489993,Pastry
-3.06941262623207,-0.026983030776425176,-0.004620226394182048,-1.4081028811152492,1.2991375207854297,-0.11607874743877102,-0.6715361792909157,0.5080257746766522,-0.2672680072347104,-0.03183398108492087,Pastry
-1.046276170910753,-3.549038731561651,-0.326400339980913,-0.407963276716232,0.3424566614038234,-2.106906035993445,-0.42701550181696163,0.21041381516308885,1.1201771794479043,0.677025730073972,Pastry
-2.3606675596403526,-1.5876404942050195,-0.06730794846518208,-0.6309483801686557,0.6300476220544439,0.10701675805126797,-0.03965111526417858,0.9148876071788344,0.08730257514466618,-1.6900156696938748,Pastry
-1.9556467425391104,-1.1419104527609825,0.16694374715309582,0.5185965436600845,0.619685819349365,2.1716043029749685,0.38831359708432306,0.9858406346578817,0.3191346493204762,1.1958111349791933,Pastry
-2.374951362545494,-2.436170398465423,-1.588242193020976,-1.143540973972427,1.7918855347610902,-1.0962988246140863,0.3488057414775877,-0.8388523828299346,-0.15787263729327075,1.2890858599604051,Pastry
-2.8765136559072633,-1.5231945148066244,-2.1129557019858214,-1.8717046260817105,1.8309885857983108,-0.3813529168262421,-0.7019339589674816,-0.49498149563002686,-0.16190308780174106,1.4290179444648228,Pastry
-2.461778568501634,-1.406926079673664,-2.037326913529264,-1.6750036319896524,1.6054033371620715,-0.8533632271002731,-0.21502108986221416,-0.5476888742024635,-0.5359444765771924,1.500207706835212,Pastry
-1.9775869806284674,-2.5908839798695533,-1.2973211303518466,-1.322301602709098,0.15717919891448967,-1.4717185679497975,-0.4100732176840666,0.24951007708441222,1.0264350508490485,1.1966210929255114,Pastry
-1.6899934775773906,-0.7235443921800391,-4.101637585213963,-2.5703753055544825,-5.693231007366158,0.5626667852561789,1.7724544545633583,2.2213774858544895,-1.07506343754402,0.3397430808475905,Pastry
-2.39150697536491,-3.5386556942983405,-0.8336404798600658,-0.2908898196498238,2.2685947700892126,-0.4858874481661695,1.504378979523025,0.8817860059276967,-0.2755413472985398,-1.0542556749136127,Pastry
-2.580674860987119,-1.9496676615820097,-1.1104224589147904,-0.25412191759841307,2.772453636840013,1.041993901687835,1.151161520296627,1.29001022088489,-0.7314221447647747,-1.0456534976872698,Pastry
-2.708534659099004,0.6567985714976747,-0.4007064058614916,-0.3076249837457578,2.571979661865798,1.4903121924953893,0.4623242337275689,1.127516029399036,-0.5763052595209011,-0.16316816175319293,Pastry
-1.470008212789654,-1.95759920381083,1.2900683543420481,0.39001419876561055,0.1299468965866332,0.3727357303281792,-0.24825858884330917,2.1731123060413715,0.5728088578622135,-0.019454701261220793,Pastry
-1.1927961640733495,-0.9515457048155559,1.1714905829370823,0.6946801594769081,-1.099886554544119,1.6027600622117315,-0.28710241874563097,0.1634969431415187,0.9074041915381532,0.41996382552870415,Pastry
2.1067211797141363,-2.9814438460434816,0.8646073755280901,0.9250160783904502,-2.5080287824914316,0.20025595491068193,-0.5215627998527078,0.22819102263113503,1.0939728729997902,-0.30209946642054986,Pastry
1.4432925315761538,-3.680693461805416,0.3368092856182779,0.21779564325743175,-0.327730357152161,-2.0566387910987602,-1.342833577636752,-1.1933051069907,1.6153407958365265,-0.010739541249501421,Pastry
1.1778589254335197,-3.134308778102273,0.7867140107866534,0.5430590984433276,0.07106683572379548,-2.0687296770704426,-0.2515633711258247,0.3494159133407576,-0.5665660143468839,-2.367812130546234,Pastry
-2.4909843473171582,-0.937544119088322,0.8739413771044656,-0.6567056333466884,0.6519729075433435,0.04502716198766234,-1.2245081857261408,0.48986536532422437,0.574458385908621,-1.7221330715187253,Pastry
-2.3928286882111753,0.5448086408305868,-0.5041308592626615,-0.6687840183052464,1.9816465156836236,-0.024365824242995278,-0.3175527316843552,-2.335735914055333,0.5539776640449897,0.8629793877177477,Pastry
4.537027918646195,-3.8947982073779888,1.6602433799845864,0.13018756953638314,-0.684841845858698,0.6850643121229771,-0.73411520078742,0.05160114478558727,1.4486300474849498,-0.540566297467755,Pastry
-0.9521603743086371,-1.904583620730423,-0.4406722659203172,1.3017809475224467,1.7884800895439834,2.451179654753133,0.7073471962246927,-0.3004631292772984,0.09900032701906217,0.14645769624732308,Pastry
-2.3963660951809436,-0.9508171573976274,1.3013360182004312,-0.3183883389848439,0.47267464103904927,-0.23351649054389786,0.2052363636923616,0.7158234130714866,0.788334777171747,-0.826505796590282,Pastry
-2.3258481635704378,-1.5200556146993423,1.5137629390851308,0.028348665847952207,-0.07499548930232582,-0.5323674615841545,1.4304080517602253,0.45543758029991754,0.40884074415409427,-1.2171487058329007,Pastry
-1.075218175199041,-1.3598651449675747,-1.0492973142982922,-0.8627053392355256,-1.5491118262971044,-0.709593706552085,-0.8333108798960802,-0.9781233259817492,1.3615143212310685,0.1297925974667075,Pastry
-1.0326950587122874,-1.5440253338301693,-0.764218613155151,-0.9119379718147035,-2.275646540379611,-1.0057327524008597,-0.7582610936288493,-0.847367074865867,1.4376890153502835,0.3491970572446837,Pastry
-0.3119088752231771,-1.3655871401756452,-0.7194806292112486,-0.5643412163865952,-2.538111918150907,-1.0517053476646516,-0.3332942520505199,-0.6072897946663719,0.1935025752261386,-0.8903971833992753,Pastry
0.2730217195571682,-1.8403264832670951,-0.9237798408025948,0.232010631273189,-2.905595298250468,0.48795272613431956,-0.3745045613832995,0.01720979938018708,0.7578840739417366,-0.9670754450419661,Pastry
1.1225977844565493,-2.683125600318172,0.25098991323367353,1.9382291498496347,-0.16960712244748466,1.2298005900505167,-0.8079290413169603,-0.6473758105347999,1.1894453542197496,-0.28157035176249623,Pastry
0.4826639137002495,-2.5818582892258046,0.7006116508884348,1.5755919707694934,-0.6160720908195576,0.9918224121316869,-1.0384763418562564,-0.44330351123630213,1.5986166677982212,-0.7298977442776673,Pastry
-1.3355376211214773,-1.974818134758313,-0.7676170344749264,-0.1530714957071537,1.7303479830046968,-0.24114823309078376,-0.7851994177263529,-1.5404996644282094,1.1261433037174813,0.0982156468317237,Pastry
-2.6184579275000672,0.7262456674022569,-0.8862086219870762,-0.7197874031880808,2.4815989960783167,0.17398895158626762,-0.24891577119857733,-1.737781683055653,1.3827336821070588,0.780498167876021,Pastry
-0.961113271370304,-1.0767800342997318,0.07397670686259783,-0.09488644756588027,-1.5081814927508057,0.32332872677936786,-0.6274608944599652,-0.4842110945315874,0.4388341592805457,-1.8112978990444524,Pastry
-2.1441247349111583,-1.7346172212792483,1.022019429685193,-0.513570146437906,0.32896965202978146,-1.0541243510692746,-0.5423468554905979,0.498730795327185,0.6029672985873542,-0.9072873522287352,Pastry
-1.5367001284311714,-2.338078897468373,0.983530377145793,-0.13621955237299416,-0.560866810546862,-0.9149455697358401,-0.1477845396281902,0.8759717883083571,0.3960941707309426,-1.636349701555722,Pastry
-2.4395377779536807,-1.241381736297724,0.5035142524043816,-0.9314486952896488,0.07447836142955883,-0.5273129696910611,-0.7484436204479357,0.7852410705706888,0.487587305227469,-1.1519144207934455,Pastry
-2.081460422553123,-0.6813331903036145,-0.2754270685744192,-0.626444629444602,-0.6297896989522572,1.2696156629945545,-0.8143766878851652,1.3459821004674848,0.7394296829341518,0.004107588382800935,Pastry
-2.9543370815039256,0.012297131178491403,-0.01760697945826118,-1.665206834300157,-0.6594297618669973,-0.4710861456837504,-0.29797581126657935,0.834708937896173,-0.035842385875704895,-0.5253317493565182,Pastry
-2.1757102876550793,-1.5088335915780617,-1.702509163466357,-1.715688264917299,-0.15127902294109474,-1.3542352365461063,-0.3911431267735018,-0.06945378247208034,0.6626759886529975,1.0342615371146842,Pastry
-0.4497078591366347,-1.8812956452905332,-0.37495396077828796,0.7143466658785392,0.432644401695075,1.2131942595849843,-0.43868577970354256,1.1848820229071415,0.3510843230343601,0.06850846179760654,Pastry
-0.10370375427316333,-3.468556404798127,0.9500063414478378,0.6499130037097502,-0.15560029212415108,-1.2822750093298365,-0.23391126874219653,0.36928452270256934,1.6414053085642786,-1.4137506441850878,Pastry
-0.586173911584486,-3.8511762690833233,-1.0997721024836218,-0.14961542606537181,1.3844530793932537,-2.0556381658191056,-0.5487388384710594,-0.10796133933579281,1.3509043398960625,0.4047140008229379,Pastry
-1.561884529908505,-1.203239982807358,0.2598369656106392,0.2763041942910684,0.8511934134489324,1.6315102146883982,-0.6494813439194159,1.0800909090961042,0.28327250378878743,0.25842063784332575,Pastry
1.073016969980684,-3.7910742646528472,0.05839757277957507,-0.5917274893752991,-0.49784178077406976,-2.8624907672468334,-0.9326670200321855,0.9719929955570739,1.1020397682904455,0.23631232115522074,Pastry
-1.661176419020816,-1.5008038733860332,0.04328643773339669,-0.9923597241860372,-0.22105404090183273,-1.6627772209068803,-0.6343985660356685,0.7999433388751885,0.6815586950235389,0.4345756925170476,Pastry
-1.6436325789109125,-1.2591040453299034,0.17293360777861339,-0.8127591983935818,-0.30604809708590064,-1.4073682769466649,-0.04140388155610345,0.7228358933378776,-0.06265990406625539,-0.21996757596503036,Pastry
-1.8365409925427085,-1.1628531070410972,-0.43267932584773994,-0.8976681810912805,-0.34765285657165274,-0.445273427059279,-0.9404873154266163,-1.6868640114077134,1.2775837347949686,0.901668332685572,Pastry
-1.02483465172856,-1.8599854203253456,0.5469769745357167,0.05253693790532778,-0.10013996162847069,-1.1840033609675158,-0.4858968549062462,-1.7114709213562482,1.1310799654306294,0.40665365321749497,Pastry
-0.8048352755695172,-2.0651522046668793,-0.07359501812232562,-0.03318161767080647,0.13822933160447512,-0.881196214635112,-1.1662402050077092,-1.4080655448307993,1.5475363993877904,0.05498084757761148,Pastry
-1.3608825144338565,-4.053079271959183,-2.049341930897218,-0.6003524268942726,2.5914840252721807,-1.4154322030946809,-0.552409670849504,-0.9156100045124902,1.1215203699299292,0.6719813849278832,Pastry
-1.829654205816155,-2.50859552657145,0.5494072601423049,-0.6039664828222495,0.8472812762285172,-1.9219188473327804,-0.7905474153486357,0.13526053560864829,1.1832615509998485,0.6277981262581923,Pastry
-0.6968074747634229,-5.2115290479598055,-1.9481265166511297,-0.21177383315703147,1.9704923523227647,-1.8901490775261653,-0.5468453419444077,-0.6660705294152953,1.7247145133378547,0.3104449451062173,Pastry
-0.864953314016876,-4.713798368405166,-1.4172197468175505,-0.2678602319471912,1.6388043072399736,-2.0405283748857994,-0.5862434114959654,-0.5349205396785379,1.636814768735336,0.4986906118720873,Pastry
-1.7677803886251497,-3.579498413097543,-1.7023653001284789,-0.7664562839895482,2.2609354010190983,-1.418359121989331,-0.4575404209758217,-0.6571199577609894,1.5597979101126718,0.7972909389282953,Pastry
-1.1162648354115696,-3.0037460872832704,0.027287382234132525,-0.43524492447067864,0.8021551323614254,-2.290461264084571,-0.9701251103345148,0.19211357044626814,1.1866090536466998,0.5957394712025804,Pastry
-2.231255456369455,-1.0242306584959113,0.8758169853317537,-0.5109436290826777,0.6052035635723728,-0.18185398107229692,-0.6572462804623361,1.1488640026445918,0.33667942279980284,-1.3794589260524348,Pastry
-0.3787445953721345,-3.386843280195225,0.3002123138936563,-0.18085338704892448,0.32012922432611307,-2.87725840067732,-0.6102042620448742,0.1961285658917085,0.9205296431940863,0.5549211016905427,Pastry
-0.3414688330907075,-3.514702098538471,0.40933137903895583,-0.2419049770164925,0.09757059033356054,-2.904030521148218,-0.6870962683366676,0.2846704066294477,1.07243953267655,0.5652800943507692,Pastry
-0.9663125178474343,-2.772333310960143,-0.08987759189402006,-0.42191149284465557,0.5970184177070066,-2.515631058025202,-0.4878075664199386,-0.012503814283666977,0.5538400323139195,0.7510488076210441,Pastry
-1.620237289283537,-2.510230100171559,-0.19671003092344352,-0.7533146423112321,0.7058768277150151,-2.040777647786616,-0.6519817165986382,0.028750938135949262,0.986636127763035,0.8459311226648804,Pastry
-1.4785868817003867,-2.371375257271969,-0.4453975126150049,-0.8141977860836308,0.7593458401436516,-1.4930734138532533,-1.1172253191188781,0.45610489648039365,0.9016912441393675,0.06947493155025188,Pastry
-0.9267891334298312,-1.9136160662162203,0.7218185478543906,0.9688972738362259,-0.3497988642408718,1.3664685237467935,0.08708823497763371,1.1322981883653724,0.6150549927128797,1.1143854804577218,Pastry
-0.42067163662417817,-3.3532141638602875,0.037903884961336926,-0.21807414979437795,-0.043407246699426125,-3.0478317540812387,0.01019167249309643,-0.019470815929822655,0.4048476005337277,0.7394325238216211,Pastry
-0.14675062341960754,-3.3189785842853596,-0.2819273564639908,-0.46613037084057257,-0.14130927573525234,-2.9153140585681263,-0.6828293730968381,0.35372582434094757,0.8496727048156328,0.698692599136481,Pastry
-0.2761921742154333,-1.9499989022004898,0.16564060820942456,0.9919547219118419,-0.4937198522135178,1.145587775172327,-0.10339737438298195,1.287437936884889,0.2401201775755043,0.963415265468724,Pastry
-0.1012130029101782,-3.590883961525243,-0.47753340898085134,-0.500208966617563,-0.18245804559639783,-2.850803643677898,-0.667555387458179,0.38538228674341196,1.0134864815169449,0.6003225629625938,Pastry
-0.7368032871929863,-2.24983723635538,-0.1811232386389542,0.7176078614544626,-0.33911922268809286,1.7412737201954873,-0.6940419077879889,1.5438375402396642,1.25695804334901,0.8122017651427726,Pastry
-1.345703542652523,-2.8696625420368673,-0.14864552704232584,-0.7840656915033064,-0.21651225646522265,-2.1796966596437657,-0.6194801425265684,0.4329405083719351,1.1264320845680713,0.5683975299615119,Pastry
-0.05032129010485849,-3.1537359211121627,-0.447375938904016,-0.3700860145707845,-0.17223246345391743,-2.774631767741476,-0.3067302914806134,0.4080507288369589,0.41957311104383044,0.2374795864500358,Pastry
-0.70649277056086,-3.22518689501578,-0.9091315794778446,-0.7099547467563073,0.18498021286817648,-2.4824782303415738,-0.8765969381399378,0.27937212691722313,1.1532801065510507,0.8183043174861349,Pastry
-1.30151047333244,-1.8984823674474938,-0.5773689504705507,-0.9462522625352918,0.3145534001481157,-2.1560578288651295,-0.6804316731817162,0.24648593772097593,0.4266945921843152,0.8598276413469648,Pastry
-2.1840188257680313,-1.784743788080871,0.07855717778576304,-0.7528150552439113,0.3611115214905068,-0.4492854162733602,-0.33039851179625424,0.8844542443346061,0.05845963311876195,-1.3488039568931356,Pastry
1.640126522727693,-4.527330307156107,-0.2700043971184706,-1.2125136551850402,-0.046764499938576135,-2.6924973289011707,-1.0090534564617648,0.7228577081635679,1.0063558437128282,0.26246845916125605,Pastry
-2.2744733335994134,-1.6702773706852787,1.04961877347668,-0.3950633600589565,-0.26993968022978193,-0.5441235065676128,-0.7610272494603577,-1.6766234010190648,1.9413750020765363,0.5447222475677372,Pastry
-0.7181029047196774,-1.1878327801530875,-0.5471778061340778,0.3131698658033427,-2.127823484370191,1.9518893225059004,-0.5213292262833655,-0.21519500208409428,1.3379415630965967,0.28738991902394206,Pastry
-1.3013651854240134,-1.2563623100294272,0.2553260954858258,0.1047901388162875,0.20190682033201685,0.7814052543700003,-0.8297422817035898,0.9561173827063774,0.33412173829249564,-0.22289292338807432,Pastry
-2.570294633213675,-1.3863665255679603,0.8779852196998339,-1.0353825989105658,-0.4165978106118828,-1.0408307007995719,-0.6477391022766965,0.6047602086048233,0.8438078233721484,-0.3987953952521744,Pastry
1.941646333277331,-4.219015899243813,-0.7549601923061506,0.34374356313176857,-1.425409632253694,-0.1615104424475651,0.34301553247912353,0.11592141703873911,0.40808605246070795,-2.030527121937124,Pastry
-1.3556700435536047,-2.8031783771735914,-1.461747008844548,-1.005031319840564,-1.8930519746260621,-0.916742084930772,0.29646821414793384,-0.504907260338095,1.6247759274703415,0.8838993442228773,Pastry
-0.29639372586228757,-1.757939373239253,0.7390628639645189,1.2667918973106207,-0.2097584105052794,1.3061591577782317,-0.5865311019390799,-0.861409412327586,0.9364144001845994,-0.40106074767453176,Pastry
-1.052445748304159,-0.9626222738224672,0.06990328843571496,0.5703568490086081,-1.3297061863335906,2.2628634541785426,-0.4955803924690346,-0.5810048606387089,1.1691134486447692,0.595809138732771,Pastry
-1.625416280457193,0.3427141447885379,-1.2273203120169676,-1.190653045103326,-2.7538422723342912,1.5419406793581223,-0.6933012925453302,-0.06725829473360875,0.17389299646855874,-0.545201462048981,Pastry
2.2935150082470477,-2.6471745106638873,-3.6101738570465516,-2.1843022930275406,-7.530009407384868,-0.284862574417613,0.34679090755254777,1.197370507864577,0.38980426900500764,-1.3584583193351454,Pastry
0.855753487786647,-1.5396452279990407,-5.091362305796793,-1.3704013502890666,-7.30676915051643,1.6693228797889186,0.25789050402310565,1.1157460877474208,0.7867305025127848,0.530243468943213,Pastry
-0.2064873057805343,-0.48680216361516326,-5.012140227382933,-2.1767490444087154,-7.092046589369381,1.2967832439320384,0.43900831322303246,0.9663978349020832,0.27544365678188876,-0.2508701359241392,Pastry
0.44374797165589996,-1.543922498383316,-4.586209244318699,-1.7587181679159414,-7.967552150184566,0.7327583785363534,0.719208049327719,1.0557777781787228,0.41664777884570475,-0.24513329698143124,Pastry
0.04897275194266113,-0.6703902659393927,-4.8259147238743605,-1.804422175298113,-7.550986613724912,1.842717510410694,0.5609510528746443,0.9513494259258325,0.3281929524234752,0.873350565780934,Pastry
-0.9160357363144436,-1.360940768703485,1.7260967840411183,1.2140002893438082,-0.9225776856655202,1.686867219712413,-0.35187691007898003,0.06626652810392696,1.212531731828756,0.7987443210984938,Pastry
-1.0966928138014669,-0.5358702151953371,1.3960275940962785,0.9107893589733734,-0.6825410558365658,1.9457549181960532,-0.44552559744903536,-0.0338391321582774,0.6021230481097468,0.9708357902376531,Pastry
-0.6269745667888948,-1.1628317070226533,1.694124085396515,1.313472853161779,-1.1301677365337375,1.286377636927365,0.45335214203093094,-0.28431694625805964,0.21433980915355863,0.9825494697634036,Pastry
-0.5492914768683298,-1.118709503754959,1.266872933133682,1.047817617509269,-1.4131329827930614,1.57175830743452,-0.5761924148325472,0.4414733376358713,1.2716880181731864,0.7474445074191525,Pastry
0.11967514427971676,-1.6306463468776422,2.0467771639069645,1.5245323697486872,-2.2840868372941125,0.5944594374626833,0.30895797620395365,0.2780985624511242,0.5774889605646464,0.8828308761475795,Pastry
-1.0373914206873005,-0.5747544376324012,1.958335345283783,1.006498787629691,-1.8112189675933128,1.3102982885884389,0.4493547889458353,0.02163625473128423,0.44445283570051586,1.234493222833913,Pastry
-1.0978058094305951,-0.5307840498949344,1.543666412546933,0.7041794906635127,-1.5947329241491748,1.7921230923367828,-0.625825291285457,0.4424931932587155,1.0651529655532783,1.0583926017183343,Pastry
-1.1442157221177045,-0.40307662472736816,1.5043094696807997,0.658594042947266,-1.5494159291864305,1.823650792310632,-0.6174064804409795,0.43692942989889266,1.0200271174675384,1.0719131413792806,Pastry
-1.6421928903139988,1.3791936032572212,0.12176551588040423,-1.0218899606438032,0.18134935348155137,-1.8928317201065425,0.5967286935030497,1.0413162360532964,-1.3891524970378994,0.22992059420650585,Z_Scratch
-1.6886581993933822,1.9997631957272926,0.5483820866409267,0.9714054692751253,1.1416792188909377,2.412087260801206,0.3601973535627772,-0.23950378887406257,1.3837590146216145,0.8519272322310018,Z_Scratch
-0.09710413075801795,-0.6732790300256847,1.2670620251272582,1.54850142211481,-0.06952888361150045,1.287966250800998,-0.043739341801575626,-0.5043844506288533,-0.39454967449842177,0.717216199899403,Z_Scratch
0.4505450495127078,-2.8888698968829067,0.35783094662686077,1.941098713085242,-0.0780021810873668,1.3451905140733256,0.03605393287136174,-0.4554715261722323,0.8376500236646931,-0.042806547609861,Z_Scratch
-1.3803640601691842,0.8751835928615918,0.36924938886609726,0.6830625654535094,1.164555290985387,1.888498187691419,0.2367959665183687,-1.0007642330821358,-0.7100100636732362,0.0962361371117842,Z_Scratch
-0.8209747287679449,1.8074421448744595,1.3325412563441328,1.0795090126585958,0.5719682355541277,1.0051158456495624,1.032814723388465,-0.8935629792100042,-1.3360907911534405,0.7060817775536427,Z_Scratch
1.7738762717489573,-3.35221030062647,0.9070168705457113,2.0991369202620174,-0.5993346792004155,0.4968130745484305,0.6527210367314435,-0.5436578748942403,0.22497198878807675,-0.03083967407322392,Z_Scratch
2.0391813615914764,-2.358822125239602,1.509127909311764,1.750337301213502,-0.7388277172975287,-0.15830890018348426,0.537261634863964,-0.4100335895128984,-0.4387163601267775,-0.17384606744940737,Z_Scratch
1.0873543716288032,-0.6503028769744357,1.6328383583050488,1.8402134160130754,-0.47726803804551393,0.2532575401852597,0.35424561907727015,-0.6565820646425179,-1.730452830404401,0.6379673254154625,Z_Scratch
0.4694229451138994,-2.3374813434483728,1.171258034688145,1.9185061589823282,-0.6468246178672217,0.7235369809134724,0.3164174438217832,-0.3742239229459065,0.36641786534272147,0.09083146484830089,Z_Scratch
0.9256073160987215,-2.356262699436128,0.5061639611929993,2.2095487675680094,-0.17681405289249702,0.9072930135994933,0.7987621118868529,-0.805210446296368,-0.3003414837330104,0.37291755655978703,Z_Scratch
-0.1666147352613788,-1.6999138072407287,1.2958690515975309,1.6596784223583285,-0.5054256274531135,0.9405240388944751,0.5777535183540778,-0.6036614311632268,0.0043711828645357454,0.3036938160115646,Z_Scratch
-0.3940161696650474,-2.105844755663179,-1.498239613807172,1.4387710223371653,1.6291710084132054,2.722486602650724,0.4531725763327848,-1.3376306888498006,0.16146157706099407,0.16635121716158618,Z_Scratch
0.46871084352032055,-3.285392557641323,-0.8772440364977163,1.9761513059283864,0.6740651383831723,1.8991841855323162,0.4908777892242809,-1.0253487624236097,0.44930956025405716,-0.05063122375073407,Z_Scratch
-1.4180187850824366,-1.0233617641037078,0.13464339729986258,0.9840512376045975,0.7283962136897031,2.680827083905797,0.09907430469814114,-0.8960446839647193,0.32520654081077566,0.680964020878945,Z_Scratch
-1.3872661543894744,-1.2036048243684254,1.6199200613250815,1.1250537367929485,-0.501419987743716,1.3292706990043381,0.8372917865810157,-0.7544028312600374,0.23193937995536845,0.4488787212004048,Z_Scratch
-1.0267320364638577,-0.5032720829246571,1.26392775798009,1.1879954935012975,-0.020516877901212458,1.7253203801796968,0.7368185052531393,-0.9368348701040494,-0.6954120244494948,1.051799820454455,Z_Scratch
0.5289479387488427,-2.0085628957027377,-0.2933905817409433,1.7706951477413617,0.4654168520362914,1.4521472493898582,0.08843148931357492,-0.844624226359311,-0.2529519685531309,0.018399590596211407,Z_Scratch
-1.1461480218723525,-0.9938924376770297,1.4063846115798944,1.058452110744578,-0.3400536245532394,1.2846706252504287,0.4653901035262455,-0.6556787432409782,0.04472173798355009,0.34069583921059887,Z_Scratch
-1.407844860677536,-0.26005806336133674,0.9534210298001855,0.7727636540881503,0.27776825550894496,1.712921680412905,0.4125124565934089,-0.8696528487873886,-0.6344113169211582,0.4237947935883697,Z_Scratch
-0.16522528344338658,1.7558554747753263,0.8045043770832899,1.3729658616763636,0.5182561776861413,0.5651195176344471,1.1195257208554181,-0.610491268749996,-0.5415181981595495,0.35485413813551614,Z_Scratch
-1.1745647707388351,-0.7646040245765311,0.24709394944155222,0.331738643087288,0.6627781348153957,0.7411405895451503,0.07628254894017263,-1.090108386967989,-1.363051698642349,-1.4026987430574798,Z_Scratch
-0.8424276403431727,-0.278335971829643,-0.9929046669400008,1.0829999763908256,1.7183476902188486,2.5918561954290955,1.0787518924067752,-1.8220290717740784,-1.6403053961051028,0.6433926324509537,Z_Scratch
-1.0331367393064907,-1.9490564085669095,-1.919045808228118,0.9132582248099979,2.008483738216563,3.52634085090397,-0.14748611827159772,-1.4850501574714658,-0.10314222029440888,0.232974866089081,Z_Scratch
-1.041160048590162,1.1243364918307002,0.7047096702768969,0.8546823797297279,0.6574735820793391,1.3160828959510757,0.9063773782203013,-1.0252084597519235,-1.2168707304594586,0.32033522733190956,Z_Scratch
1.1257057498179242,-2.346767368406002,1.1792034384541608,1.906940742874804,-0.8698308056076368,0.1281322562212433,0.6774204915031614,-0.47223829790319627,-0.26103909403289,-0.10641849363145221,Z_Scratch
4.616628042099391,-0.35636191987048643,2.0600049949964903,0.5865942361368518,-0.3022310534234954,-0.6064908383280484,0.3371903877893837,-0.41295459319714756,-2.361789058021855,0.6351958587512406,Z_Scratch
0.28506952558731663,-1.3924361861062724,0.17881509490275047,1.147631510661875,0.2412208299948541,0.22709065333643375,0.21748471844114822,-0.9324599613554855,-1.4005080956235303,-1.0830087892390712,Z_Scratch
-1.3811154838718742,-1.0799068510567031,-0.07424461978111778,0.957302483197248,0.7024394861717718,2.604388709865144,0.41381197630080585,-1.148466846793451,-0.13260279901070957,0.6479123282674012,Z_Scratch
-1.7914991084824727,1.231158706871421,0.596422197324517,-0.39613480396419815,0.9622432452854744,-0.7263891649889274,0.404586202741135,-1.6262984835813932,-0.9933326844612878,0.6167532683400185,Z_Scratch
-1.8665930508792121,1.8629530971489432,0.02106817862408007,0.4473928645175326,1.1954776360029709,1.750516902466048,0.7044244740986632,-0.5305674792386678,0.5610893750518048,-0.23010703674713107,Z_Scratch
1.1430092416563142,-3.8151059620585,-1.671525414748751,2.2022310600718438,0.832885523067017,1.7337852979811668,0.8613107062623879,-1.2914228863476578,0.04096125715600811,-0.2639594400284887,Z_Scratch
-0.573107627565936,1.4267101689127595,-0.17050423760984576,1.0628963414426869,1.0474480838269629,1.0996236301639022,0.9053329482495405,-0.6704422291359892,-0.029919323508480193,-0.1495029101131822,Z_Scratch
-1.5631822073407162,0.27291652233808356,0.4128547912418074,0.20010626593498643,0.7043999365163933,1.4606259557338872,-0.11674497174946451,-1.0090641518554215,-1.2419120521634852,-0.5126139222728963,Z_Scratch
-1.8031087922248084,-1.6830065477697929,0.6655003687389983,0.4214871510794858,-0.057557645467740726,1.0575443292526716,0.48233326421396505,-0.8201094225070394,0.2819050646160321,-1.068774652399416,Z_Scratch
-1.1968774034953282,-0.8418643506468094,1.2119563898114916,0.4571844205317507,-0.365283549149325,0.23345325139358677,0.16351640955039798,-0.5585169403572547,-0.5249382974333338,-1.238271037870373,Z_Scratch
-0.9304335742932806,-0.672308655936558,0.7881573064205681,1.0244246538490525,-0.04118060117917714,1.6222959623413828,0.3750771767237023,-0.7096649841915051,-0.30410155259193955,0.4562908969139339,Z_Scratch
1.4191609518261887,-2.39854013897486,0.31356008163587495,1.9466195769381631,-0.4110581663706215,0.7472774855251708,0.16335120084421306,-0.38379675615079484,0.13878061434310623,0.07845768099719595,Z_Scratch
-0.1542699597136614,-3.1199058743461032,-1.739402908861266,1.5720683261489161,1.180988660020566,2.3553723152824744,1.045473633859932,-1.5392832659547824,0.06869546224731267,-0.15953691634911066,Z_Scratch
0.06359165249717473,-1.6834441030414302,1.3873263703122523,1.1363186090257666,-0.9523015644302365,-0.2634488933353752,0.17276446864896575,-0.24427904977185164,-0.33564644997984683,-1.063277190212022,Z_Scratch
-1.5261547262707884,-0.3383860518128945,0.05977354897274853,-0.1480840726679712,0.7733558735195782,0.36392815035783543,0.20151106876467578,-1.249215499096158,-1.8046908885194073,-1.7637219807338496,Z_Scratch
-1.9638244882608151,1.8362952490238849,0.8184080281017497,0.031337045158580865,0.555720565604202,1.1895615333949088,-0.01705445182097849,-0.38819128720045837,-0.2071768888313965,-0.5740188333647197,Z_Scratch
-1.2511459275063679,-1.3663964256961607,0.9425026737708094,1.0085179433176383,-0.39343265413040834,1.5692857345404663,0.6677401606545922,-0.6717595227071707,0.3484592818185776,0.3265752541992017,Z_Scratch
1.5000631780520632,-4.097295754546685,-0.7055675661688664,2.20291651227021,-0.13454261096282577,1.1998477704436583,0.8981909982745013,-0.9260658668031579,0.3075636364091806,-0.1617112778488676,Z_Scratch
2.749079344021021,-4.693686726041883,-1.6612173940493,2.0099134509223626,0.5681811577177229,1.2511594953856215,0.8253415511635644,-1.0688697164491983,0.08583454645336137,-0.5531408887573194,Z_Scratch
1.8810197649734428,-4.160581234879033,-1.6832810192801235,2.2149912883619853,0.5614666009756393,1.3741527094831432,0.9065265374414249,-1.1959617317431772,-0.0740652517511927,-0.3748849449027112,Z_Scratch
1.4671488667889006,-3.5259813814717322,-1.702305492107949,2.23814761234124,0.6924456330325998,1.3945047459154387,1.3174341193505996,-1.469043757210897,-0.6787678437643972,-0.1778382856615129,Z_Scratch
1.2922421187731743,-1.377026045293432,1.378475351615719,1.567622610263945,-1.054637152043382,-0.3314565050948184,0.5125503456008691,-0.3520838418244525,-0.9780596254462207,-0.17891971159137365,Z_Scratch
4.0722413615734085,-1.8731580171397144,1.865629725044972,1.288098393057176,-1.1493977062737692,-0.6777634970553931,1.019093730050773,-0.23734444687303824,-1.204213171844771,0.49629433247412924,Z_Scratch
0.8419143255281902,-2.041835846237259,1.178829490182423,1.4809474686036646,-1.1208233782891026,0.02744465333174866,0.2219925215152278,-0.12077802141913846,0.02687450039477593,-0.483318505360724,Z_Scratch
0.6343708386446513,-1.9944430029975566,0.8843053361608919,1.505906170569917,-0.8934187973513755,0.4696261280701413,0.09812760685568758,-0.32892062991678883,-0.14448770777352773,-0.23644200705490512,Z_Scratch
4.110957654708789,-3.974972938991262,0.15752309165436665,0.96024589091136,-0.2670455320240141,0.8210657622684915,0.5896633040639291,-0.39042819260905254,0.5262027041244693,-0.18521572353977026,Z_Scratch
1.868296914595497,-3.822083071198658,-1.7200117438259108,2.2069932877579066,0.5452266237238476,1.372323643928857,0.9519253739640776,-1.2240106046144317,-0.2097317258038681,-0.26588555025968513,Z_Scratch
1.1828869565279112,-1.7881237994219008,1.1096250124216014,1.3644343016321854,-1.0320108447439829,0.3351133945706941,-0.34661003761821185,0.11952221188528257,0.2399205335070322,-0.23202816852044797,Z_Scratch
0.7721324861765565,-2.010651948368427,0.7313771428692233,1.6748339666638241,-0.8775331737337456,0.5154999556818692,0.3410083870933844,-0.3509884704787826,-0.15995187950809284,-0.03640859439876682,Z_Scratch
2.214978850203165,-2.2288150518475827,1.057708892948188,1.477544736598242,-1.0588650802026502,0.34269068961585103,-0.14779919780774767,0.04932849962931593,0.16242114001313881,0.10839755802958596,Z_Scratch
1.869606713128817,-3.491269110063503,-0.8640482679705361,1.6812388437265544,-0.015354578657584368,1.4049564938441104,-0.3001767430819149,-0.34153552052875047,0.8068200475923566,-0.3464642505448303,Z_Scratch
0.6819729766201209,-0.5952175609796617,1.0052025140395333,1.1533586087584595,-0.6932936995930462,0.2250572510760405,-0.34365450120827806,-0.2733886807039989,-1.1203023235181089,-0.22568766158713932,Z_Scratch
0.9273548395461801,-2.3144841636009614,0.8409886784936044,1.481672211492071,-1.092442211752877,0.5602882214167711,-0.3128442697678961,0.11051806730174692,0.6941703287315689,-0.2789882692806006,Z_Scratch
2.6608348888361353,-2.695829628578976,0.6202296769673721,1.357520245101919,-0.7994630791269685,0.04768854594023818,0.3965353308671222,-0.22937788252362584,-0.16486948313740252,-0.3338438306278087,Z_Scratch
1.2851130293103599,-1.443159803141898,0.3178949161736955,1.7831920804251016,-0.516281486954662,0.613340007325528,0.3049052446488945,-0.5382544579702822,-0.7843666741995381,0.3190218181364316,Z_Scratch
0.3030155639567219,-2.0891796435409966,1.6103674306524405,1.49080804474252,-1.661864516690027,0.29163292728469825,0.12124028606002299,0.04756199995981035,0.5282263777932159,-0.11983334786515656,Z_Scratch
0.7616790503289688,-0.9799161520801468,0.6835262061531142,1.3732506819718806,-0.6096755090736287,0.41881346049941437,0.20849307548560966,-0.4496356843322828,-1.103638990287559,-0.029224264602175625,Z_Scratch
-1.5553276256710595,0.5492536897028993,1.4156984514017792,0.43770051486253286,-0.4968875010996075,1.60623114145554,0.02228050098876595,-0.4968385815992083,-0.7711404509581125,0.7429373422758602,Z_Scratch
1.1699957957406348,-2.7191063188735254,0.2145480735728799,1.4849588545423091,-0.7605430779328466,0.4560445032443786,0.18350336188633196,-0.29629491162683574,0.16599023996858214,-0.5989000794401512,Z_Scratch
0.48625342412196343,-1.706838506791244,0.26466845340753453,1.6774420884835404,-0.5501990451402584,0.9626208698186496,0.7000120639245354,-0.7248748746162724,-0.6454228036585474,0.35465857411079,Z_Scratch
-0.7788002518889817,1.592948958113169,0.9332654388855967,0.7296470971879769,-0.11218379926131661,1.0816600948734605,0.3233408806816714,-0.37303780792094327,-0.7450329072121736,0.44357182112541155,Z_Scratch
-0.6608362509230439,-0.640713103606107,1.1195480852084096,1.0367710354417226,-0.7465451951362471,1.0117775488652079,0.8003300187819921,-0.7001436952619694,-0.9139651271485937,0.5176934752805592,Z_Scratch
-1.2251322680931347,-1.5058843302239333,0.7705521277659655,0.9020011557404437,-0.6848510830678283,1.414594886821345,0.8454644032661719,-0.7560313841759788,0.12784015020149309,0.1993043961066833,Z_Scratch
3.7102114807097135,-1.6188812269707507,1.9911189503414097,-0.3437515560527608,-1.10984686815305,-1.1974906016315268,0.1077983336629624,0.2096560902283122,-0.5032210736919662,-1.3490993617654619,Z_Scratch
-0.6250197167538963,0.7792448422592301,-0.30321419111633685,0.8389291789774015,0.541768280483552,1.6856850159663408,0.3208228614552922,-0.6492677569491515,-0.42448230853149926,0.16256886375239424,Z_Scratch
0.7733438363515199,-2.162019394466804,-1.1909948525838563,1.6893950271762377,0.4270855300800507,1.695421167768214,0.5758317919137964,-1.182762904959197,-0.9271457859758243,0.28774897287213286,Z_Scratch
-1.4254452046890902,-0.20634959327110214,0.5998143502683787,0.5189910786939753,-0.16432690753985213,1.5178377690533829,0.6865970765002896,-0.8833190788344837,-0.8885192635329054,0.2561199424649162,Z_Scratch
-1.409890097443352,1.9554325655940514,-0.26797164362599213,0.6962222783192415,0.7416148005614189,1.949421691408125,0.8856988230215562,-0.41215831791092167,0.677287632728601,0.4462758723526696,Z_Scratch
-1.3164011571640037,0.9640494069319171,0.698686793557299,0.3866090049325923,0.030246395444503936,1.3760036703434153,0.36489411368396774,-0.907514281645489,-1.493375131819004,0.3538841744200883,Z_Scratch
1.1499384953981917,-0.3377061481799341,-2.629790771509478,1.758770884664906,1.7874308345436392,1.7216654861462006,1.1509081536324768,-1.3913572535231369,-1.0192673011846753,-0.011384825690556424,Z_Scratch
-1.3456377665827655,1.5703801163344013,-0.025255211113408463,0.7713764661374772,0.46489199230778233,1.8128420476548897,1.1021680028164917,-0.5804130902924918,0.3110046000443996,0.5278195726927589,Z_Scratch
-0.8922845045050581,-1.1416968474806721,1.6505088854930103,1.0577651957741145,-1.4466389291917325,1.0280711224757995,0.5047080432209581,-0.17570205704160563,0.4476781449439279,0.5619073919792759,Z_Scratch
-1.8518211318027633,-2.269399654648838,-0.7776217340177503,-0.5671810763558364,0.6016307750191269,-0.39874060985824133,0.07140089420995814,-1.8537633468391708,0.7023985691262844,0.9701846571592072,Z_Scratch
-1.3691156690159234,-1.3322248644498174,-0.2687220757832842,0.7813468936556573,0.07221664775549909,2.379494953876958,0.5338497622627106,-0.8736198293584072,0.2778034158513234,0.4498161965181417,Z_Scratch
1.0112269921492365,-1.9377071399361854,0.7647248588190382,1.4878637024961696,-1.1797597701122085,0.11867134083237607,0.3645854101643103,-0.25372224916263,-0.2917712331701929,-0.27818252730969245,Z_Scratch
-0.17597192156642857,-0.4765584130852847,1.1449188780377388,0.5200236039893206,-0.9757947614560268,-0.13224543027448354,-0.5712224412944205,-0.026351746955801145,-0.8718093135978197,-1.1119352949575034,Z_Scratch
-2.379909448893759,0.1809700094693299,-0.13306654729032383,-0.5695142442523785,0.4659861900170039,1.208641627404913,-0.09629487249878096,-0.7174597252406655,-0.5899566407575094,-1.5549636229638548,Z_Scratch
-0.7482886642177219,-0.6645185670254308,0.26290663678007337,0.7027805620722656,-0.2732348562502129,1.2853684116590751,0.328825913269212,-0.7837143974941362,-0.9761789379956971,0.04498895120615735,Z_Scratch
-0.6384253252264591,1.0446535399552772,-0.5642262135015106,0.7964914793367802,0.6820994453518471,1.1996802694270767,1.3678610944898837,-1.144367987347761,-1.3361111530130942,0.004128185056286557,Z_Scratch
-0.8272389030623828,-3.194330219943058,-2.314904775912087,1.1683052510535747,1.02786048664444,3.049095972684086,1.1326773175139757,-1.6334497785604,0.37327979901999264,0.07007783757394924,Z_Scratch
-0.7389589516749906,-0.889234984055946,0.6986795279168939,0.7306809205005741,-0.8096686963163475,0.7665535381502525,0.20533342690055448,-0.3257160901333624,-0.19814148983301258,-0.40972840839683966,Z_Scratch
-0.8233793214046086,2.011440502090884,-0.17747526092585775,0.9920164039488087,0.418676972377322,1.528791339088048,1.2348383332463124,-0.4226464181756127,0.34377689028758107,0.6918290397531711,Z_Scratch
0.42359667286677677,1.0764471784311442,-0.2054883842802994,0.9073435450198369,0.16970874776345182,-0.5790548910557739,1.1598563941787834,-0.695849552424235,-1.7049677029632002,-1.2878535882864992,Z_Scratch
-0.03599485052515718,-1.8070863393557723,-0.15885687526881156,1.2331174475133202,-0.5459841016322186,1.6489658144613675,-0.29493667226053566,-0.15798136728227286,0.6287354393626241,0.11095888091250589,Z_Scratch
-1.1110758755365384,0.5186478284769536,-0.21319344927312603,0.5505738938929902,0.4041962319137446,1.767768667704497,0.933547409555498,-1.2935519024280313,-1.7831107420390846,0.493944904102047,Z_Scratch
-1.1866944305558873,-0.8371635131568627,-0.13650203032613129,0.5339495905013163,-0.02848585797162627,2.128459349038218,0.06277360094601517,-0.8360052598203039,-0.6205136624301962,0.3632630325338911,Z_Scratch
-1.3455443299704315,1.6550885986736241,-0.11053332137883996,0.5048309931027349,0.4893044334018765,2.1040894091414213,0.6850734708253792,-0.7448342000986773,-0.7320518974475827,0.7833727253679735,Z_Scratch
-1.299144517565,-0.5558953748568676,-0.2234524170731367,0.28368474927945486,0.11856158669755834,1.2884580212397794,0.6332540522551043,-1.0989312565898919,-1.2386286396380106,-0.49513729790715383,Z_Scratch
1.2302720578305704,-2.626535992388594,-0.1261278939758119,1.7885908310969016,-0.8914375623506378,0.7580137545955997,0.7176338476818845,-0.5133333223248443,-0.25940076008471236,0.10503327130549787,Z_Scratch
0.28211829870696126,1.6118315531723633,0.011713995614997747,0.9158976241945463,-0.009369612475490827,-0.7434962296886473,1.3791778635768288,-0.5445882007565543,-1.3283369091275439,-1.1076794924862239,Z_Scratch
-1.0341356417199754,1.4863179942216098,0.00892543568421643,0.6303789696355756,0.2743715434726321,1.7274363646258106,0.9161251553792173,-0.8797957822237936,-1.1690479031537022,0.7462904488661783,Z_Scratch
-0.7697430057460192,-0.9769994590926756,0.09390727705709735,0.5872316336153858,-0.41951648298855937,0.7362851898245467,0.7144732212852213,-0.8113906622122853,-0.9170519519451912,-0.614760424756565,Z_Scratch
-0.5833982138973737,-0.4674380475385088,0.48615248266929284,0.6970124432549372,-0.6374991010330417,1.350304067913401,-0.1582920663886606,-0.48468651697357984,-0.8999798511719759,0.27036426405353,Z_Scratch
-0.47178743658170863,-1.6069271503156124,0.2103708979588907,1.1893744964910857,-0.8181816372824374,1.669706309202677,0.5093283189140104,-0.5150615513867128,0.2200273483600081,0.569274625172709,Z_Scratch
-0.7138726179537915,-1.5247064745886905,0.4173818591313997,0.9938142269272885,-0.9436851067445062,1.4407721175407433,0.5345180222701313,-0.4760216315919876,0.22137126402471094,0.3105651419859562,Z_Scratch
1.290958104836361,-3.9178706317071073,-1.6671026367130657,1.820774893254571,-0.19797460428140343,1.7302784108796867,0.3542860807069044,-0.7040614887588738,0.7332531782010969,-0.2803026816576615,Z_Scratch
-1.0470848410741618,0.0920207080032006,0.2222015580986874,-0.20686128766916834,-0.17072626579283381,-0.5088828649572064,0.4371847466514612,-1.1146059943678546,-2.1651940947008663,-0.9892043745873712,Z_Scratch
1.5380601723856069,-1.9283021930578799,-0.4798993922388129,1.472949663731731,-0.5423827344390207,0.9610268232673272,0.02024032833590369,-0.32069295964138805,-0.4179451455977637,0.08774880317445967,Z_Scratch
-0.7070546956888406,1.5695938462914423,-0.23772892859584493,0.6434610726530122,0.3142959735032008,0.9805300662726443,1.3199039704432416,-0.992095447757755,-1.4736709625890752,0.14280236322131706,Z_Scratch
-0.34063876717838565,1.6795396491961077,0.7832606496390961,0.767176069212965,-0.5402352886686942,1.1404079967287588,-0.04231477282762209,-0.14816142814980118,-0.9849862924562568,0.7388780833488423,Z_Scratch
0.06905318694774702,0.7989962938604137,0.3131682237460156,1.022507255533376,-0.38013321333969596,0.9238984608878869,0.6564008217877629,-0.7789526880675633,-2.032817466175459,0.6791837546177979,Z_Scratch
0.8612484501127294,-2.0737103924870546,0.2532896692975415,1.7051208184000382,-1.256905929335169,0.7905235548659852,0.7226153875287352,-0.4832278368611981,-0.4035004538627205,0.4183534629989155,Z_Scratch
-0.3212348433791267,-0.9322822027872751,0.43341563872372213,0.8608929187154817,-0.9687940684561123,0.8875030795567104,0.10880237942816748,-0.32759187922375393,-0.33982117595984745,-0.08458181886576857,Z_Scratch
-1.3112500018683177,1.8851602016390911,0.20798688571204227,0.299713397488017,0.008317193261963757,1.5414094812550176,0.44753941995057395,-0.40056479396537886,-0.5971065806519947,0.35853263781310085,Z_Scratch
-1.081945507464786,-0.6523064473812722,0.7028829548840339,0.7654758188761873,-0.939024161416908,1.2774407185042034,1.1927514002807287,-0.8561528708318997,-0.8872049551626796,0.6353091447308128,Z_Scratch
1.879466625798127,1.4570073899481506,0.2572541721374379,1.1069638597298062,-0.48358338643857396,-1.5282929196541408,1.384457897487185,-0.36848662157571,-1.8241761446663332,-1.003201478986764,Z_Scratch
-1.2529519356330079,0.08191170654971572,0.4368463285162542,0.5439851081551711,-0.5354230906529749,2.0448217810911693,0.37069749025180804,-0.710004310485411,-0.9078859956244328,1.0587124116322364,Z_Scratch
-0.956927393181295,1.145311731053338,-0.4858461771688447,0.664391687047234,0.28943934050184705,1.609202836432784,1.3210597504596426,-0.9605164136288307,-0.9671317276771413,0.4657588241303374,Z_Scratch
0.19776845115069017,1.9713851168360899,-0.7148577232179297,1.4040511718524211,0.2955756274874521,0.9904242782664551,1.7463346415340537,-0.43179856540912814,-0.006391414806958882,0.6912068424784071,Z_Scratch
0.8152471723060175,0.735079826974963,0.9203546761255618,0.959697808326041,-1.0051109698247458,-0.5421084531988837,0.7385408806154041,-0.6376384662995822,-2.8297952210183066,-0.1415689508076906,Z_Scratch
-1.2484996619735844,1.818855360190396,0.304995922547887,0.4327933290477049,-0.15532065596091574,1.1774676678209721,1.3025952966244732,-0.7127628174105276,-1.0954058857276079,0.3923076272135025,Z_Scratch
0.5924540342751993,1.6605045933117681,-0.40064358343526957,1.3862361206180878,-0.09461622697381457,1.004087772982595,0.5799582408034404,0.05577928900872943,0.32548714387314964,0.6854107736841417,Z_Scratch
1.3826597305156505,0.5394017385872893,-0.9713068285186415,1.4249654543586043,0.15890061667682784,0.8014588499374519,0.3944682927358222,-0.5942348777594499,-1.4432028092999314,0.25260852053334343,Z_Scratch
-0.609533307924146,-1.062846388123803,-0.3780493425462796,0.8212525405171325,-0.42018506300586167,2.1149271813395902,0.031051808723327953,-0.5411221450030667,-0.15419647290677096,0.6039790138613587,Z_Scratch
-0.5884076527118534,2.389376709889372,-1.1609357559265339,1.106416918714197,0.6602580848493214,1.6022267188389137,1.6683528037533548,-0.25829811286558724,1.1571600953396508,0.6073662233886595,Z_Scratch
-1.0525315727139466,-0.931039531907965,-0.7953946038681263,0.6220357252728452,0.03827301640293942,2.5818872800085746,0.36346006626836685,-0.9535525820250443,-0.5756638822983181,0.7470388368340773,Z_Scratch
-1.1715946305807297,2.193059454508634,0.5575576018449725,0.45225646796651925,-0.3930576600905261,1.1968629941488003,0.8862500275598837,-0.30140068366779976,-0.5481679036459566,0.5845832287344055,Z_Scratch
-1.4442958581024044,1.3885915684746817,-0.6631011234886645,0.3236684231480664,0.42560444372268225,2.436270529025027,0.4094056376400592,-0.6681581775318005,-0.38060367175973253,0.6763209083708364,Z_Scratch
-0.36740526704805787,-2.439729229626674,-2.096035960132516,1.0719079183173266,0.565319023192183,2.6107981361710557,1.1630392633306557,-1.555434013756421,-0.6928021484774541,0.34926820715773893,Z_Scratch
-1.3953881124481098,0.7048516331052564,-0.019415575963046956,0.3095998552524246,-0.1462617087603982,2.124646246334974,0.5571827089838423,-0.9210901510757179,-1.3887492071536922,0.8631779779480612,Z_Scratch
-1.0909722099102674,2.8878345856808343,-0.20456095093027307,0.7387919525714249,0.03310541657163472,0.9959549660876714,1.677896096812398,0.0011337907082101524,1.0791160961253103,0.3310635662319185,Z_Scratch
-1.645079149847503,0.6587280424582329,0.7171060374147273,0.19433192956354048,-0.7349943144274387,1.9447566872778028,0.24457498213947446,-0.558669140617104,-1.0353824480363065,0.9536555580503802,Z_Scratch
-0.19921312058685423,2.035508906396387,0.470148930478338,0.8685217755094649,-0.6010481978194749,0.5591760698992886,0.9278566264879563,-0.2437972944289446,-0.7202873712310365,0.5479049272215412,Z_Scratch
-0.6808121217476549,0.9287222040493673,-1.099420532700081,0.7320931782259227,0.4234179147465921,2.21928588210901,0.6265111523528795,-0.7258703847220948,-0.3733706701513454,0.6547609013181493,Z_Scratch
0.20005427327973246,-1.8913211506542473,-0.1963523126718459,1.1919433430992405,-1.1344256808294657,1.3567031101877933,-0.1852766957121655,-0.04161579304600788,0.5740654373573902,0.057271875969770555,Z_Scratch
0.22503890081847164,-1.0736428022979745,-0.2348719557923526,1.1209832012164955,-0.8297637739285418,1.3169347830720222,0.11035841591675363,-0.3527500216294877,-0.543840674358855,0.37129871745104076,Z_Scratch
-0.1454657988195934,-0.5564944304096634,-0.35002694051108557,0.9668498616474029,-0.5133414503586129,1.786504768547563,0.29657887419737894,-0.6721389921579215,-1.04206514150901,0.8327716424206052,Z_Scratch
-1.2583516636097873,1.1986745794234,-0.9757560733178797,0.33006461195654535,0.5014362328785782,2.0928455784933413,0.9270278979230812,-0.984798993545927,-0.960901484099362,0.36371953037059934,Z_Scratch
-0.7994493033988623,-0.8848586567279697,-0.4172967465055341,0.689345661480444,-0.4822785313201114,2.040265388112024,0.4311400347892106,-0.710191656107936,-0.48096032703563923,0.59353836918032,Z_Scratch
-1.5421682815049649,-0.5184346313623032,-1.3912152931423691,0.24321248436104306,0.45286429944656054,2.9645716939475,0.19133691079761955,-0.9097527515328824,-0.258069237466714,0.4515732172871913,Z_Scratch
-0.4116964212027762,-0.9232440288467152,-0.5695007862976532,0.7121945209787784,-0.5017026779360652,1.970291282598387,-0.3921739350465083,-0.2887599970834054,-0.06704642041095499,0.3211302429264693,Z_Scratch
-0.4216313943246779,2.013164044320821,-0.0034570849364118942,0.9254607400014935,-0.3694420275713954,1.2096798694288382,1.0343913783003333,-0.24778434058308624,-0.09341169980868641,0.8863309869459829,Z_Scratch
-0.02104108881745729,-1.6572559993715699,-0.4321840026183177,1.2065022226627462,-0.8563843188653313,1.5842052550415784,0.7030736759412198,-0.728832807533061,-0.46236102931383966,0.555914276096114,Z_Scratch
-1.4095480896649122,-1.2700157105284213,-1.1799932977491738,0.4877263349852677,-0.04004189296711651,3.0502518554243303,-0.06392232990982398,-0.5744351334004746,0.7533357443806898,0.578150591820313,Z_Scratch
-0.006934145125266724,-1.9011414605512458,-0.7033753947497463,1.2545683273482784,-0.7051471369180685,1.6107159026043851,1.0868356855999157,-0.8893742741291857,-0.4824437328929605,0.5294619017615512,Z_Scratch
-1.4924084428466204,-0.24292393258188683,-0.3590300102009259,0.2875360057276933,-0.32209006269363283,2.441711997700713,0.26395418450414354,-0.7443793545918862,-0.5971496565006141,0.7548323694163217,Z_Scratch
-1.0858400355148603,-0.9964179130094449,-0.8230425103267376,0.676570818857693,-0.2268490064388842,2.4633810238663862,0.8730240147697855,-1.0889636754004128,-0.6589922364781006,0.8323346223364443,Z_Scratch
-0.43459430042124036,1.9654183841491029,-1.4392818083088492,0.7242535837340077,0.5278064026684292,0.9238587128171275,1.3491518597625551,-0.32740939255620405,0.5123274687809074,-0.47630797715598855,Z_Scratch
-1.2925355602542181,1.007106094669026,0.3281536044051551,0.20935861991000754,-0.6184664009628814,1.9501286974501515,0.018512944494611046,-0.46537239879620984,-1.0724692539375984,0.857041683694207,Z_Scratch
-0.7482523963130195,-0.6541883044184639,-0.579262649397692,0.7850590203944443,-0.4311291845083897,2.188247923903131,0.7909626673179724,-0.9489511517516561,-0.9229600765995577,0.9751854869431429,Z_Scratch
-0.3438595497714082,1.526018569623094,-0.9530134494323514,0.8314013726104084,0.12914324325291837,1.7525126173365888,0.9234449204560727,-0.4714445069059769,-0.3330093637979941,0.7797894657622946,Z_Scratch
1.367389282215362,-3.263859761772244,-1.4356550786849533,1.5130895413526326,-0.8598972893313405,1.5102088530928244,0.13458923471524475,-0.2987072793058338,0.6012821682395602,-0.09062010979109812,Z_Scratch
-0.729205779456544,-1.252386965038786,-0.18964568621242733,0.8621928289502477,-1.0602715361632635,1.9835448416045973,0.7123647564727826,-0.610974346993561,-0.14789751224782993,0.8982749564930744,Z_Scratch
1.518750488460123,-2.677476759217547,0.5303019081628011,1.4509427137444393,-2.2529313751601276,0.47860788247564545,0.46206300868606276,0.14266687417155838,0.339042656554745,0.32214336012332884,Z_Scratch
-1.3103536226027965,-1.1896755101818721,-0.9367635512202613,0.4344811741655343,-0.5306890133388061,2.662198495456337,0.1733150659138837,-0.5068113746455709,0.5339960051264906,0.5655426911106827,Z_Scratch
1.0816680526055742,-1.6702607436179844,0.3032565117419532,1.5139877538995365,-1.9328070042171879,0.557565019261281,0.6347776801153929,-0.07242301870126507,-0.34008985328031827,0.5879055192601957,Z_Scratch
-0.330856104744428,-1.8444487679052042,-2.681183314478416,0.8707859522190065,0.6179297296103292,2.7843361188091507,1.1979281708686313,-1.5924559286845612,-1.1650932835302537,0.4456079619146869,Z_Scratch
-0.7514912539368688,-1.3934481989671268,-0.3105893310586583,0.7993293135866293,-1.218506788092417,2.0049120324139147,0.3869807898427669,-0.2832995191827025,0.5989539937502834,0.6930205713502084,Z_Scratch
-0.838359545066657,0.18516983663781167,0.8366874264861912,0.429174911215577,-1.7234946586070015,1.7962970199261652,-0.6364781721358499,0.323659095412878,0.08656689260666982,1.119466692653321,Z_Scratch
-1.1514572442496316,-1.4018479659334329,-2.9153054669892144,0.3427982549851509,0.9146645503242772,3.6003346348030156,0.441366918353052,-1.4153515362923161,-0.6406673370231818,0.5022863929680709,Z_Scratch
-0.4321208265030279,-0.945549984720227,-0.8074838256504816,0.7862519195973203,-0.806513194340311,2.016047215985295,0.4680188585522974,-0.5662074086289755,-0.41072937798701714,0.7091110462743169,Z_Scratch
-0.4770106856164135,1.5096523003656348,-1.5744720823428682,0.8871917666223175,0.2250539411669171,1.9474341271772668,1.6735371978144513,-0.6963645736811778,-0.12633470982026057,0.8660370229863773,Z_Scratch
1.3654457250279313,-1.6138901602207638,-1.0170960719565565,1.4452988690881645,-1.0412150379354834,0.8451122794771725,0.7539071850840167,-0.600850759399499,-1.1140200933610769,0.3257838889698902,Z_Scratch
-1.260990948119037,0.9914075369415751,-1.298811696940946,0.3460803300784931,0.09279319657702974,2.6536701476446685,0.916735755573304,-0.9118876213264618,-0.7418252560118624,0.9515982973852634,Z_Scratch
-0.5911469171770591,-0.7520334447523059,-0.1164908739471208,0.6512550214153937,-1.3234351310988557,1.768464909599932,0.3336154482434468,-0.3662960688678831,-0.4072735312290157,0.8007491606900242,Z_Scratch
-0.26232599708954496,1.9591836703841699,-0.292206412271685,0.9298680290290345,-0.7185410217795911,1.2832967255952892,1.4288034836090227,-0.39813157232419655,-0.5274470772879969,1.2245207488770373,Z_Scratch
-0.3721187264744248,1.7560707809807654,-0.5102152036500538,0.8286707382976397,-0.568823382932652,1.468168421939707,1.3679234180906321,-0.5130506141265399,-0.7521176888049271,1.1033904962991725,Z_Scratch
0.39733157897102006,-1.9646130156587098,-0.587394461030767,1.2113340600425502,-1.5265580767761235,1.3832098631018503,0.31156843736530754,-0.16472926497674958,0.21974983542554774,0.38273232433622495,Z_Scratch
0.16636564149511585,0.04014781504265231,-3.8851407007249303,0.9974668512034957,1.509691816862283,2.748772527175891,1.481430439123443,-1.425389067579297,-0.5596089348802609,0.29971070460220656,Z_Scratch
1.991777236674599,-2.430627170482283,0.0054662015127511735,1.4386240988859622,-2.1682716537859132,0.36765851743911104,0.764947372705833,-0.04585814127249846,-0.18589113524024053,0.39161542931203785,Z_Scratch
-0.16221714079965935,-2.2783369754332874,-0.48891274477487245,1.042803019357218,-1.6870576404891346,1.6507747392676966,0.6979490235912938,-0.32669516104917073,0.46322503333623855,0.5605338754232184,Z_Scratch
-0.8737407393070159,-1.5453126978219973,-2.8041637039077063,0.3712432522895504,0.5114910439257733,3.2879123928654757,0.4643707924651363,-1.2646515128424163,-0.639321412850059,0.4488198191356171,Z_Scratch
-0.4699651375647995,-1.0631729317446208,-1.172714054861839,0.6790632795713828,-0.8274617764157051,2.227239460350254,0.3001128680610645,-0.45634806695385904,-0.09373675581800732,0.6153508693023687,Z_Scratch
-1.4795393155471872,-1.0936021218313559,-1.1762451036682555,0.28488247011169965,-0.7329639275570469,2.9309947966513876,0.13013034827062886,-0.4473107624365474,0.706096635703872,0.7199364077959847,Z_Scratch
-1.1921853042904809,-1.3368154148355942,-0.38991154466519085,0.5827461995226029,-1.5285581204214058,2.306274799056735,0.619965621996646,-0.36025484197307855,0.7035142198999967,0.9449865339857456,Z_Scratch
-2.4510083106962406,-0.7975618523081854,0.5329574859251585,-0.5886907108035615,0.4842823107348428,-0.511764946005541,0.24486253846942962,-1.2942552960128721,0.3995907674294368,1.0362741985616082,Z_Scratch
0.55458580211217,1.3786041312954527,1.1086497163702453,1.4010442851712475,-0.29828168579890113,0.5529284801781476,-0.4097989382061853,-0.731914897589605,-0.509268013269913,0.27019327024752754,Z_Scratch
-0.023353278926904177,1.8384673892769718,1.003428597282241,1.279806891877562,-0.2273995393602971,0.7676156592810758,0.36122170874983395,-0.9297054115334291,-0.47305739819648107,0.5681245726422521,Z_Scratch
1.6578871969322557,2.1100796396455594,0.6743283318738936,1.9300383411162942,-0.35600703497421743,-0.3649854017387332,0.4844136141830862,-0.3219016276701695,0.4458949629204099,0.12664534337322303,Z_Scratch
-0.5962312701917755,2.119131995990181,0.6070584773801033,0.9649467351866159,-0.12840402713594526,1.256609026704802,0.20379645520162806,-0.6580338468309166,0.4404801408056911,0.4783265990970805,Z_Scratch
1.7248717041931916,1.9033406021596213,1.017631875250615,1.7748507632593267,-0.890991052111204,-0.7052815621248508,0.9113364509561669,-0.660279753303239,-0.9551416824541931,0.2670576796140953,Z_Scratch
0.14450279128086355,2.024465970937434,1.05862088856053,1.0880269895896018,-0.6893264241771662,0.16586171039624595,0.4758219509249401,-0.8303625031100977,-0.8403293722104209,0.2514961256892468,Z_Scratch
0.13177345912796043,2.3439728239425714,0.8133096183375669,1.2799046628892727,-0.6619296046520804,-0.023409945939176575,1.0851169242968197,-0.59010922396259,0.1941739212110234,0.08443542407830114,Z_Scratch
1.3976229521425156,2.326870194611491,0.8320606186054619,1.7128172927978922,-0.9173792592296921,-0.8089827998725474,1.3307684354278237,-0.6749144663092146,-0.8856447148535693,0.1590442390807622,Z_Scratch
-1.4375871691834616,-2.401981302606192,0.4302484739117751,0.30019225319798726,1.0334763836807592,-0.929254199093541,0.6620609160669202,-0.93988811764918,0.7702841079575922,0.04332331934392946,Z_Scratch
-1.6043225212542236,-2.2237889292312993,1.3770984250438107,0.11406159743294284,-0.30484624120573023,-1.4369875150121967,0.7787282572194255,-0.5031852905905381,1.0663124722227542,0.4818510782857021,Z_Scratch
1.1978071868751967,-3.8370989720225936,1.5507997128189461,0.5992921486441782,-0.9382896244102346,-2.834154940742199,1.5116808521913558,-0.4974501940554319,0.3561978175212593,0.025121739880236738,Z_Scratch
-1.443617213152755,-2.2778668612705575,1.946543514438841,0.3061758918593924,-0.9053947895379719,-1.9670946649549668,1.464429916309076,-0.6162150634410081,0.6326267278850258,0.6220465187045079,Z_Scratch
0.898437051789365,-3.360555253573781,1.7151768279561812,0.5263356489390514,-1.1283772045439207,-2.721380519335599,1.043217792525815,-0.22763464892613838,0.6199420607866389,0.08275802776331463,Z_Scratch
-1.8088472546036405,-1.5958512302205552,0.9602682155916514,-0.1602660856634251,-0.07081403880298952,-1.0857372412520319,0.6806683466141532,-0.6256169719406249,0.4754290625577159,0.5033278819461681,Z_Scratch
-1.6061620777497077,-1.0563098361479888,0.8336759110010619,-0.1650621272248203,0.13039669634951112,-1.2432876033568692,0.9203656529605785,-0.8492435820303826,-0.37751264610773255,0.6848260720786811,Z_Scratch
-1.7471928110889696,-1.7385194582978585,1.0763722495576802,-0.008660400298282495,-0.3687038907061156,-1.1256254518013555,0.9929678010546316,-0.4580430490009186,0.6371003645399445,0.07398684633062205,Z_Scratch
1.707546659834385,-3.861455854162479,0.8842326527178813,0.19227744679229575,-0.6585527769746129,-2.4143385213649085,0.8465599382324875,-0.23436614585026821,0.7554555897554525,-0.2185199299132217,Z_Scratch
-0.55542447158293,-2.88112781263791,0.8718463364895488,0.5247367800096863,-0.7161630289231962,-2.0394931679104658,1.195948843171448,-0.5044797137132953,0.5943896241665904,0.12111185048164295,Z_Scratch
-2.544545571956183,2.8440055401111217,4.8810527866657525,-0.3161522487167653,-1.696304867440534,-0.003810210125182559,-1.6391960787392492,0.3337568597489449,-0.229618700908244,0.11959925680030555,K_Scratch
-3.330607325830635,2.9281420495326738,5.316157239560967,-0.9578843960600953,-1.9332903837673074,-0.7985479394252863,-1.9970695967329941,0.5363279931685392,0.7911863679747134,-0.04324485233683291,K_Scratch
-1.9885882644593307,2.4316771482581645,4.641999047132641,0.6661759918266169,-1.7570080006540212,1.184717824114219,-0.9195650328316403,0.1762136393750951,0.2902033483105791,1.9539000585127946,K_Scratch
-3.34232695205952,2.8491167832288338,4.784077381643416,-1.072123612649059,-1.5580592818380354,-0.3617656971328869,-2.450029046627713,0.7448618316055015,1.208604162845335,-0.4164887790287457,K_Scratch
-0.06116377121503829,0.19188450852285838,4.915930273134927,0.3863313651707408,-2.6173273494360036,-2.5512844178900638,-1.7921539728493983,0.8272836487588592,0.4977141823453006,-0.9239062933455895,K_Scratch
-3.3915386600120585,4.628200949075502,5.031418686095805,-1.210192859435776,-1.396263794785781,-1.1155316857768718,-2.1068970771119018,0.4127193903622997,1.0593213511579982,0.9603969837081815,K_Scratch
-2.2688235899048825,3.23229583453378,5.1640586711217376,-0.09966275709913414,-2.0098664676923814,0.5341953130802296,-2.310037163689151,0.980153076730886,0.6192926116486549,0.9132479538411912,K_Scratch
0.39832014702115687,0.4722240642540502,5.693582266227017,0.28864883954316867,-3.190405674132152,-3.01689886215954,-2.1929046286963287,1.3074994651179397,0.8104176836317029,-0.672614430281212,K_Scratch
-2.3837832614068932,5.142857583967372,5.273283551714165,-0.131653062086491,-1.8216520998132428,-1.234415888066543,-0.42487806062589173,0.7285696145435431,0.3946365596223004,-0.20424767802505162,K_Scratch
-2.6143714938010096,4.8032285502835865,4.913787094921132,-0.5204096510685693,-1.6223153454201575,-1.2445386870636084,-1.1082010300853888,0.8710359087342746,0.8693977317787747,-0.7171969347976559,K_Scratch
-2.53802405202166,4.006115271483013,5.298397693559328,-0.8628348651196963,-1.8071918430055722,-1.8388193137034803,-1.7840531002207176,0.052106695751762716,-0.17612215185254929,1.294415253914704,K_Scratch
-2.985536412467801,1.6181974746382097,4.112071002194419,-0.9647187140916066,-1.4244515813897702,-1.216889748921991,-1.882211249785124,-0.3641052924753892,1.2030316144655724,1.3316860549055138,K_Scratch
-3.3453662937598336,3.205832600169551,5.143807064196986,-1.017892326338531,-1.862452957096158,-0.8276571678225307,-1.658627113417107,0.3613090237097563,0.33945259228338426,0.06293809527150468,K_Scratch
-3.3236305762468765,2.917230631469239,4.841512155991744,-1.0719066168436289,-1.7441928892153262,-0.5757360933916894,-2.15307426092613,0.6066931464115194,0.9951961690474411,-0.15738948478369566,K_Scratch
-2.355539486454889,2.296034285627439,5.1305524103089715,0.41733686600901665,-2.375449460192867,0.613038169402745,-0.9101751655509522,0.562608503247746,1.0393587346096398,1.3847161328965685,K_Scratch
-3.5220643070640008,2.483098879126429,4.692128424691016,-0.9650718186445929,-1.8460828780321965,-0.15407270801555575,-2.0552402066995525,0.7142247002879697,1.2544796496362118,-0.935865201259143,K_Scratch
-3.391853269555312,1.9545903687763015,2.804784662293322,-1.422296582847717,-0.34224139600828524,-0.19051423646920473,-2.684581020253959,-0.38455066337673044,1.548258589669479,1.0989640362929376,K_Scratch
-0.7619726282803408,1.0232403974053028,1.756841636421856,-0.5995273116821906,-0.1078000444019864,-0.8146362758731285,-3.1796311795694225,0.19520047601495794,0.6207960426729835,-0.41681514254857954,K_Scratch
-1.5250128963715397,1.6706933765936929,2.7474931024193165,0.4840098551104844,-0.8640896136471092,1.9527992501325497,-1.85203721234398,0.29836009154122184,0.906004486171398,1.3299233357708544,K_Scratch
-2.6593365419214945,2.044189744190143,3.055324667237286,-0.9804616058117516,-0.7734911800662279,-0.18764520788957034,-2.097964602916386,0.06506252517943728,0.5054955666234077,-0.5181970235680847,K_Scratch
-2.8337042930085152,1.1610672925959993,2.221647975753216,-1.110247286750239,-0.3048621384334411,-0.6039930612043197,-1.9673139192316784,-0.7094736177765176,1.5782217286710598,1.1699156705328468,K_Scratch
-2.9171262682795893,2.785683902456544,3.1091632450386184,-1.1667807689322736,-0.661773719077437,-0.24663296867166565,-2.0865346924201336,-0.13200972610653983,0.33732077437959757,-0.001059600310351166,K_Scratch
-2.701863196999433,3.2729108508026497,2.9068807524623455,-0.9957770185972137,-0.49234789310961796,-0.45550218602134174,-1.6227821386263128,-0.135207131435664,0.4938197605328895,-0.11164073459027203,K_Scratch
-3.061046944879911,2.5653769855677315,3.8277948090145926,-1.0212791249695752,-1.3284053725681955,-0.3683893625996018,-1.8834582148201506,0.057234748138118255,0.2983186906765339,-0.21621101821646432,K_Scratch
-3.0851505696743287,2.283371323178223,3.4291508522471763,-1.0954921261924426,-1.1024366699157306,-0.3211310925148003,-1.848965170111307,-0.024679248227253477,0.6375012751498739,-0.07618140441018507,K_Scratch
-2.7478255805665652,3.4121926177894712,2.828290428588907,-1.062814880057942,-0.45103181781680807,-0.3156879860230142,-1.7721707240662716,0.01662133793739645,0.6348953017116483,-0.2593536264190463,K_Scratch
-2.9300829542294986,2.1106783117837993,3.474993583353227,-1.0220986768490377,-1.2488813320629553,-0.4005306081019608,-2.012552766755335,0.13361163168469503,0.9196757759753305,-0.1462292965259502,K_Scratch
-3.2007478931465263,1.9285257150739337,3.8129438775612154,-1.004745969235801,-1.5463689955711122,-0.5366230952281726,-1.5356521619197057,-0.07620590898186594,0.7466325289318544,0.035819923287128026,K_Scratch
-3.1914767897502645,1.4494238017444872,3.8358776633542657,-0.916666639697244,-1.732354467712895,-0.5807188054203356,-1.513336313474134,0.011013358513107882,1.2360931684575105,-0.05340718542986319,K_Scratch
-3.4157517664078094,2.3957478022064564,3.5625125560169013,-1.3116141467378073,-1.2307313690514,-0.08657751368032351,-2.3291127534233405,0.1130901435682289,0.8705717321448754,0.025290568762784255,K_Scratch
-3.006064324080845,2.3317496916194433,3.50090723640153,-1.0173762887372857,-1.251918442106758,-0.5490529893562995,-1.3477952203776997,-0.21153129843512616,0.2086034786677624,0.028753023062628082,K_Scratch
-3.102076605811755,2.296971292732961,3.1725116514017606,-1.3207609864773329,-1.2264469420520308,0.002942311392337951,-2.523865430218596,0.26346363247817944,0.8162920160017371,-0.2588384796139248,K_Scratch
-2.62887102441119,2.0411322272452277,2.8313357175874163,-1.070197984325948,-1.024822997901683,-0.2797451695040593,-1.7953048917031558,-0.16547125057520828,0.023730774893011466,-0.29523120427148286,K_Scratch
-3.3060800221570457,3.099689128393618,3.3195980636957603,-1.296906521602753,-1.1619238956310716,0.022112421446762818,-1.8724578266180847,0.08549158666270874,0.20539755995020248,-0.4468407863939227,K_Scratch
1.420365860164558,-0.7175872016065822,0.09636710411418711,0.33829556994317644,0.857980683068233,-0.7853697629676349,-1.6113129900656893,-0.8230761965547422,-1.0714857914847626,-2.196513265917395,K_Scratch
1.9711735476240175,0.6734175918829863,-1.9772224141494756,0.9539624837918929,1.7278296874241401,0.41392203440379927,-1.126824474808456,-0.2623192836534688,0.7864474218826303,-1.8323796461848347,K_Scratch
-1.3929183826268967,-0.33907245868345165,-0.29803576958321387,-0.09072083817247738,1.3689971728138517,1.8141545788580151,-2.2083758099236532,-0.5253160718130949,0.9955736514025612,-1.761280527159447,K_Scratch
-1.0990762453124112,0.44731558690527157,-0.4997164274774021,-0.08159299435823024,1.7125740485157694,1.5776377833126263,-1.9214193434527924,-0.795367061896013,0.05213493437491955,-1.7923807973910024,K_Scratch
-1.6772935197317895,-0.3094655176440141,-0.1810880815447819,-0.5886809143802706,1.4472210005343389,0.16623879867469146,-1.7820337606556993,-1.5716762476623474,0.5524997119182068,-0.16344291928219135,K_Scratch
-1.0757538787443688,-0.5513335990306213,0.008828516103648817,0.13935619766399487,0.9968079099385392,1.300048100934069,-1.7583527728468762,-0.6206256988144646,0.6338827654619329,-1.7649730423769963,K_Scratch
-1.0840864739414604,-0.18700430286958833,0.3694818159635349,0.5686306877632833,0.7664450562797955,1.8863497976020098,-1.2301361157280524,-0.7193465818558431,0.7178146374490876,-0.4928391501318129,K_Scratch
-0.19684511577045993,-2.173605103940206,-2.0423260723167433,-0.4390381881697075,-0.7365163237284308,-1.137550843129701,-0.49619346100996453,-1.4848979889835758,0.9497019444447415,0.19087896629685047,K_Scratch
-0.9358776823094622,-2.6145996293550433,-2.3319041776877723,-0.83192613931444,2.4674869216002824,-1.270606134051634,-1.5143394152717276,-0.2078755767135286,0.28073869892927267,0.5817879761608958,K_Scratch
38.3191648996073,-8.722580719181735,16.95691611057412,-44.849405207333305,5.156595708681773,12.547790713728945,16.620254773120934,-1.9054912435487152,6.322790926708,-1.4261287699878746,K_Scratch
8.87677143778139,0.4939991109432664,1.9926594451846378,-2.4242632527995203,1.454691442851694,0.5184026168958658,-1.5001993452844073,-0.025972272826149497,-0.5482639589492425,0.3793841073583374,K_Scratch
8.485232382551514,0.458219558227799,1.917928116262451,-2.0185989710385317,1.2888721568704646,0.3274076814024408,-1.2185728506888596,-0.12811379233000758,-0.8356542438243666,0.4014718933668556,K_Scratch
8.816230226724283,0.4706273024703838,1.9669786971451222,-2.4383623376177748,1.4356521698124314,0.5785492207677578,-1.6080296451729175,-0.01002940074073305,-0.563240195514967,0.38075859844757054,K_Scratch
10.068854246321143,1.2562117563200865,1.5199990245831099,-2.008808808900679,1.7092250460159955,-0.7761219870711822,-0.16136787950347994,-0.07349567499676343,-0.09173118712021265,0.30569793588979066,K_Scratch
8.655873241005628,0.45730301848482763,1.7605750529539572,-2.0826398153867425,1.3483654640710094,0.3386533689351521,-0.9973031437758121,-0.18567711053488223,-0.7216160919250438,0.3660039802083839,K_Scratch
11.116370470572605,2.6680046378278055,0.6932865420917297,-1.573377722786234,2.2373692345950746,-2.236642001210183,0.23224798068636093,0.2061821828067973,1.099522197209964,0.17376448554126753,K_Scratch
8.32848044993285,-0.3894677455731938,2.274572136441169,-2.231628046486234,0.7943619816648123,0.5000047798563246,-1.7799839027638977,-0.09241881990680306,-1.139512303458147,0.5856504264985133,K_Scratch
8.599567574530173,0.447954689724345,1.7132436682663086,-2.1053438540470557,1.3099005634443002,0.3986031931208388,-1.1468125853632816,-0.18158338612633118,-0.8073227962142209,0.3827889926747897,K_Scratch
9.249662144877119,1.1382340693361328,1.3431103827440578,-1.4672841961868142,1.4303151520867718,-0.7285886075115664,-0.1824825684864315,-0.12038454625837705,-0.29156818104224913,0.32311999332551933,K_Scratch
6.797337637330738,-0.5470758232921118,1.6364112850656116,-1.1645603425218967,0.5654447172473155,0.42619983336436473,-1.955687732630864,-0.10144885065808376,-1.0490600223433575,0.33789252981786966,K_Scratch
7.147798674120258,-0.6198855470813365,1.7248798626105215,-1.4096238015526636,0.6042588022298355,0.4269643185044527,-1.8242178933636801,-0.09755389437179299,-0.9572797611020628,0.32227559475817824,K_Scratch
9.781786435156109,2.7055393594846557,0.2949049205174237,-0.9659203562915553,2.079292403128217,-1.9528666892774822,-0.013087331486325862,0.2690318064789701,1.031980760065338,-0.013856801252858358,K_Scratch
7.0143982079917615,-0.7148482248277793,1.685838220444745,-1.2420651968782295,0.5069137840793652,0.36882745131319217,-1.8185801483240545,-0.0920138956602084,-0.9131071694147596,0.3019206168271411,K_Scratch
7.988645880771078,-0.32350546573029176,2.105986941294891,-1.847487589258901,0.5697195966897132,0.09794451417265253,-1.318834504285825,-0.22753818288034577,-1.4898944412237927,0.48058338341896656,K_Scratch
7.203846535879614,-0.7662360501009758,1.7949760075695873,-1.354249965562858,0.4064943196447233,0.29297981765786263,-1.5693873529787294,-0.09579330229113739,-0.8588277407028339,0.3152788461779873,K_Scratch
8.615672416630925,1.6287174967804252,0.9726350320575232,-0.7665287886091079,1.2318671079301184,-1.2746647102271975,-0.0628176272175553,0.07164215110095053,-0.05613654602108763,0.16111469176509033,K_Scratch
9.683004039030914,2.5882191006498423,0.4887306399588776,-0.8006675617587653,1.7385292149530849,-2.1730687283414474,0.14330881580493726,0.24416799174798468,0.7292434029929162,0.06873055225397436,K_Scratch
7.236805801524607,-0.5944679629818177,1.8783293827996574,-1.4032113807902182,0.37611039234914395,0.2385543739145144,-1.6453539272006197,-0.03339486687826891,-0.9916230505939506,0.37810089491564713,K_Scratch
7.233870072525563,-0.432871598006752,1.8154508742090407,-1.5170426052844734,0.48601864461746763,0.3734262818417825,-1.8305596538361395,-0.04953811430903307,-1.068223058421869,0.39765571015549805,K_Scratch
7.3129754352327305,-0.7701985277398692,1.7780218790152797,-1.6299063411407837,0.48134974656286017,0.4871587793989348,-1.7865376356168634,-0.014259995370738491,-0.7153128141467214,0.29639393733671554,K_Scratch
7.376332145693089,0.41457516437406944,1.143927673633999,-1.495407818544616,1.0071900361763648,0.4284091857746646,-1.5826109156167083,-0.05195871810761704,-0.7927604260050057,0.18896072391018584,K_Scratch
7.540835340208949,0.3837051912289991,1.1987095669873231,-1.6742098553550422,1.0383659207213087,0.5080796139092222,-1.6613020664179705,-0.08438894160271412,-0.8399043641670275,0.19813581841982594,K_Scratch
7.042235038504914,-0.596906245768514,1.5321328597209056,-1.3489276547543285,0.41807067142473336,0.4141514861685107,-1.8130765890129625,-0.07344811878663968,-0.9531662068668756,0.3324945522051487,K_Scratch
7.022569233331913,-0.9362010544617061,1.6182477381816367,-1.2473953378708231,0.2407567855594126,0.30054637301119136,-1.4447158026744553,-0.1039533948088463,-0.7985832276436124,0.2919087775106975,K_Scratch
7.198274190624833,-0.5722358769492496,1.5508247660573922,-1.5346753114045968,0.4794461154429495,0.47868934998788615,-1.8796900491863762,-0.06180160841891913,-0.9823490282163612,0.34041666933823744,K_Scratch
6.710326310175299,0.6100740492245695,0.8121285716569888,-0.8090130478791624,0.833796000119009,0.2352857458905787,-1.3212498447393375,0.042819070766847815,-0.3212968381885434,0.1359433970264096,K_Scratch
10.118951897822734,3.188932730602899,-0.1324364962610832,-0.810128214259223,2.040043782265403,-2.5862160989422556,0.19854647184952975,0.3274790241588484,1.2725792580935216,-0.015488599549398806,K_Scratch
7.046112799605372,-0.5859883138469215,1.4661057691731327,-1.3796611928221159,0.4224672156567542,0.43022033905230816,-1.7902449996526948,-0.12627075159702186,-1.100034281139325,0.3445606537321473,K_Scratch
-0.27549725084171195,2.2631666336052314,1.0874828762656197,1.3161039032255768,-0.25429660292236783,0.8726183974704533,0.7645318467962986,-0.6393044932696008,0.013708557727127382,1.0001020213157417,K_Scratch
0.6519184515047496,0.12062214797155364,1.4460702813394446,1.341409333905682,-0.9976799704300207,0.26264888110155465,-0.44223129932786776,-0.6818828610990455,-1.290055907614603,0.43200719784407415,K_Scratch
6.7982868526492775,0.5995706052026731,0.8272930513896004,-1.0327554776830539,0.8451465666491876,0.40064310379125867,-1.5835972478296765,0.10750927025610177,-0.20288422927577945,0.13077017308954816,K_Scratch
6.829246807993701,0.5730657038470399,0.8543236761236898,-0.9905509756750523,0.8008296080287475,0.30841354110923813,-1.3515655962008113,0.02251087327181076,-0.36742273971321937,0.15484521273962973,K_Scratch
6.960304373788743,0.42969360221096714,0.9488189763626516,-1.0489589838755389,0.7773863918228516,0.25196001112676214,-1.3367698183891215,-0.13584891626004303,-0.9982516549554724,0.2209139390233603,K_Scratch
0.004153018602523147,1.8174099035406566,0.9747100550923453,1.262631658324177,-0.262906519416668,0.9616577262160296,0.2758492671669396,-0.8167407110692257,-0.6892913970929424,1.0186688064334661,K_Scratch
7.011850308094324,0.36598969776970075,0.861115988952241,-1.1073908842931681,0.8248182607079346,0.317070788651057,-1.374054758548882,-0.1322740876326005,-0.9199811817500108,0.1857968938677543,K_Scratch
6.839321378763537,0.3537044985110443,0.8557229815201768,-0.9447866678052328,0.74598642044545,0.281726898801421,-1.262322508852844,-0.21646653380121034,-1.1119023141257642,0.24050673225109984,K_Scratch
6.893709913669437,-0.5512977709842897,1.294381928882557,-1.2289016858178226,0.36390190342001116,0.3637084862252248,-1.564387796865454,-0.19476958965616337,-1.285735075246816,0.35769156553719994,K_Scratch
6.483949529918497,0.4800134667506641,0.7959708346338814,-0.5591381886226846,0.596922010222627,0.07155240745227041,-1.0241849482353211,-0.22861624425167382,-1.082071958280251,0.24583747793556618,K_Scratch
6.770358321582345,0.4495257246001216,0.8472395311356635,-1.1515014067568894,0.6995881181697705,0.4509526098056539,-1.6731065885010947,0.02007357541492483,-0.7052012751215846,0.19351608269739154,K_Scratch
6.939105511452285,-0.636736693374241,1.374850405301596,-1.3619646458138577,0.21450780456444718,0.4114535700820334,-1.6661717122096498,-0.07455836739725977,-1.0165637256323676,0.3399203092434028,K_Scratch
6.689274497584548,-0.466756927881418,1.281739229491319,-1.193914132733785,0.22450686513556156,0.38778139637047815,-1.6789043333455245,-0.12156757408835547,-1.226041749761118,0.3773959281039879,K_Scratch
6.6256019834199265,-0.581519848472392,1.2102266203790253,-0.9102398424094429,0.13893042092751884,0.18853986786898597,-1.3235474750699452,-0.2440267538804355,-1.403598912038748,0.39338136129823487,K_Scratch
6.532719421692712,0.5185380948733291,0.7107074677660983,-0.6753606456748081,0.5606265540723164,0.1410261781181208,-1.08155287960511,-0.1138384700357829,-0.7936445953759136,0.21443620284325995,K_Scratch
7.022522148846427,-0.7828694186007327,1.3252700545906857,-1.2988709927138238,0.1749215436334411,0.30459138688364984,-1.3895587608237236,-0.14947373514314785,-1.0800931622836978,0.3237837082331794,K_Scratch
1.6141653018217517,-0.37465673288750867,1.4487116132925688,1.5753537376474362,-1.421347993386849,0.1696815855360046,-0.46754378595906015,-0.40215912263665055,-0.7649675377043512,0.712397342255284,K_Scratch
7.081488789389938,0.4490390733623058,0.961000477124194,-1.2426556579579149,0.627555037046061,0.2644430713327187,-1.2344968692669893,-0.10592576210745486,-1.0008368184386371,0.2516581883419897,K_Scratch
6.114147306219832,0.7264257379256752,0.449709604737569,-0.09388820590417517,0.4660579725190757,-0.14299575400756506,-0.8623914145540493,-0.06686593468405905,-0.6828805602511041,0.19743511100988528,K_Scratch
6.78124583820758,-0.6104402516670265,1.2454106778138558,-1.172506462321822,0.14855549501279836,0.334318823839602,-1.5649425679836335,-0.12556749458754998,-1.1874186012000112,0.36959617701435554,K_Scratch
6.649841676123324,0.3799610102260354,0.8371123696946462,-0.8983977130068179,0.5126515532508807,0.19743888696729844,-1.1288414710934154,-0.24647591853210127,-1.2970258580221852,0.2707055356142993,K_Scratch
7.516143501363089,1.6520086669367184,0.12580591154112108,0.11469809107113789,0.796450828908122,-1.4150918563853523,0.38388596563132155,-0.06924638918788492,-0.15317072333858658,0.1385180827165116,K_Scratch
6.509515555010101,0.49252720686486545,0.7140870821771329,-0.6826723378833237,0.48497934980802165,0.11816911519041072,-1.0752870340968887,-0.18052762297292552,-1.1046982133584,0.26580052146493394,K_Scratch
7.2689721365218025,0.36230621881017194,0.9982406211084096,-1.3967701615333505,0.6116719418906879,0.2792390223578284,-1.0545429780175295,-0.23105645185043622,-1.2222426903571098,0.2834853995401391,K_Scratch
6.11783553305356,0.4343056334630015,0.6288856223594029,-0.34832298576035986,0.37805924223017984,0.03968292239709502,-1.017142826671146,-0.3242475345452373,-1.5037527649497127,0.3029325158075758,K_Scratch
6.206553667051096,0.4811875458321419,0.747887729225766,-0.4010941108948965,0.3229082161597172,-0.020464515220645418,-0.9498567756788449,-0.31326098645958006,-1.5413618369399102,0.336764756342658,K_Scratch
6.17970811444482,0.46110852747201586,0.5927185798644681,-0.30843053064198206,0.37903187785680625,-0.04408749928448945,-0.8785779570262295,-0.30256356246035115,-1.455194534970399,0.2959529391795903,K_Scratch
6.297941905341123,0.5514487567855978,0.5152999909482966,-0.30754658241845484,0.43838600175665393,-0.10134228958136869,-0.8473188086670617,-0.231658843154593,-1.2127249610213187,0.2540220874715777,K_Scratch
1.094935632392771,0.19999770305879974,1.2498347816079798,1.3902674830496422,-1.2127874674224477,0.5253931310491257,-0.8014833580572208,-0.44592199628217977,-1.126185458775025,0.8482394526778795,K_Scratch
1.3321635951977107,0.36553879405692946,1.3674699988730952,1.3619919114548698,-1.2631937729490226,0.40826307128330963,-0.9278911010182596,-0.3620896790162687,-1.2165742211039794,0.8871332520066993,K_Scratch
5.9017755225924535,0.6880870741477288,0.3100516915625059,0.08943138438618041,0.3531792809428787,-0.1884612394659347,-0.759042593837007,-0.1489581678268673,-0.9007496326239967,0.2253028801326308,K_Scratch
6.475857928990841,0.4906017968948522,0.5669587421939852,-0.4087966628689525,0.39664836492458383,-0.1330448216307585,-0.703874363786787,-0.28453531148223427,-1.321910778605512,0.2697308694843874,K_Scratch
1.3872944221864838,-0.6931503195420925,1.6178156377383883,1.5836292821430982,-1.8243892701398403,0.1382172392887439,-0.4211912910157097,-0.17367484203253702,-0.1948029018549087,0.6813085795160634,K_Scratch
6.279588179862131,0.5894690299966365,0.6088076130859796,-0.3707452950396098,0.33236666087544964,-0.07056385187298812,-0.8865499357856778,-0.2045090278492832,-1.3050612454061334,0.31573452744164815,K_Scratch
5.966691611985882,0.6222164486073016,0.3905088056897168,-0.13575723932711206,0.3311075558105961,-0.04255933252218312,-0.917142533073866,-0.08844927690119031,-0.8157239599980176,0.2294431733384862,K_Scratch
6.331854421663253,-0.4946807815887226,0.9913932726905723,-0.9432894058477943,0.02641597740884001,0.4121225445263518,-1.7220615166531703,-0.0688126346183032,-1.1514948493288806,0.38656126212332964,K_Scratch
5.904150497179463,-0.6175598356970835,0.9729918994567703,-0.5889507619572419,-0.17079029269325977,0.3014051481240442,-1.6010739607824362,-0.07609605388984256,-1.1344367962812407,0.3756394158100218,K_Scratch
5.771152214097648,-0.5707386230736571,0.9394327576887435,-0.5521825105712376,-0.1724814940731931,0.3115471691342895,-1.603828259489624,-0.10064311944246188,-1.1924087973673279,0.3752495750075888,K_Scratch
6.049031036648034,-0.5853459440049018,1.0380995980214875,-0.7975821278815904,-0.15751392063868747,0.3866497642887641,-1.722513453620446,0.02144135610083542,-0.9198833446867319,0.3682685127874522,K_Scratch
5.621354528511168,-0.4489876002842461,0.8365221814839437,-0.681986933971003,-0.08488057493864958,0.579678084494469,-2.1372456991646036,0.08231665333993991,-0.9298006518041129,0.3570741781709603,K_Scratch
6.046516012427323,-0.7020777251095063,1.0401140310574968,-0.6155381819762045,-0.2689357835114895,0.19330372154113418,-1.4137487161746256,-0.07650475905245277,-1.0905832505973188,0.36672401500099916,K_Scratch
6.472883640977789,-0.8368360624988033,1.173357150994963,-1.0298064250715149,-0.21038434048594506,0.2957562816932128,-1.3506750872336235,-0.04982218773669683,-0.9156808505151937,0.3402964925560962,K_Scratch
6.293513143754241,-0.7811850870128499,1.154189014056727,-0.9414683816083684,-0.26324405953508784,0.3425487569946607,-1.5704191068710938,0.03553367959566981,-0.8109035814015856,0.3464088193463637,K_Scratch
5.868730369692863,-0.562946726391249,0.9264590556936673,-0.6662293843691942,-0.20205760959729638,0.35079993934711573,-1.6200989708412,-0.07313244298239407,-1.1664616418026672,0.38822780646033006,K_Scratch
5.8878992450123615,-0.508529043354745,0.8376116148197558,-0.7111203928427903,-0.12842496864470074,0.4397141610414813,-1.8112141821208962,-0.023966100507027185,-1.075887859108641,0.37050388697945036,K_Scratch
6.044865717077651,0.4682976522573304,0.49244008081094753,-0.6880017023615735,0.2983912230480104,0.38919101089103725,-1.4676936881667682,-0.03576554133305297,-0.9203424809353492,0.25461595384255087,K_Scratch
5.813353330287025,0.6759238248868056,0.4010734104191996,-0.17703054099137136,0.16850710439593158,-0.0009736772879421326,-0.9245580075422508,-0.09599925642931745,-0.9528380806438008,0.28855764650368254,K_Scratch
5.859998908620303,0.4632880949430466,0.3901113808332313,-0.3767744037167568,0.2295913995795527,0.21447723286989756,-1.2740572022163401,-0.11909019038221658,-1.1824969696077576,0.28077566425372696,K_Scratch
5.897435948718079,-0.67703610476089,0.8655673042834653,-0.7478337905139248,-0.2154004671886715,0.4594454375744136,-1.7859199769300516,0.023754073638752583,-0.8831147824473798,0.33422545049570607,K_Scratch
5.797221539538892,0.4751197949571377,0.4646761174690415,-0.5379815193316144,0.19860350182339448,0.3538585681847305,-1.4567712387537126,-0.06389976842709685,-1.0326113806067063,0.26926586186068135,K_Scratch
5.783134377276224,-0.5745364722776737,0.7597373283160531,-0.6818616306077474,-0.1752825539642098,0.4468719185347496,-1.7734650272728059,-0.03939055886192282,-1.1022310768892303,0.34850336295348827,K_Scratch
5.8064736635546375,-0.49412454500454933,0.7582609523686961,-0.7175286402778792,-0.1525122051324818,0.4556880837815097,-1.824730436177793,-0.009802644186081592,-1.099450579581228,0.3621697820014603,K_Scratch
5.8658279814876915,-0.6116903566224571,0.9056276774775941,-0.7907243340636207,-0.2651189516179599,0.4448206663217107,-1.7549392288480856,0.02205008704784602,-0.9443983177890849,0.3598361416865665,K_Scratch
5.927831458133309,-0.6338573704529941,0.8336518393229763,-0.6503278793890132,-0.270855483790477,0.32635275670116104,-1.5849344213511807,-0.05900620480389246,-1.127931549358716,0.3741331545357923,K_Scratch
5.801492753779847,0.5072608206781759,0.40423646967572285,-0.361788308948869,0.12819603531254847,0.1704621823347267,-1.2023927918579298,-0.10481025186827139,-1.1895793339660077,0.29744685093054346,K_Scratch
5.6519215614027285,-0.7596951207574973,0.5268097099490376,-0.3773527052382957,-0.21812528142422505,0.31289764403819675,-1.3937095922888572,-0.19678185659293723,-1.220935602271739,0.31659048936634926,K_Scratch
5.803861669334698,-0.5762446334716814,0.8642285813430214,-0.7742398767752918,-0.29906084212625406,0.4659563838253058,-1.7662015062549548,0.02380825883358242,-0.9462006430729498,0.3663984264191479,K_Scratch
5.901426673758818,0.45751849592763055,0.2912484139096325,-0.36221035912356964,0.16905158177904406,0.15794551215899827,-1.1231615755429827,-0.1244723262415626,-1.1530695072965969,0.26568847270566964,K_Scratch
5.984369248606821,-0.5842990289401946,0.8211783744939737,-0.5609294120254809,-0.32544806410269234,0.13236930566654032,-1.2497137974459156,-0.18966327904548097,-1.437277101796919,0.41572040783374675,K_Scratch
5.843002678368089,-0.7705952643271079,0.8322123741027019,-0.44372066659634574,-0.45080324671769767,0.1276072368816894,-1.1859891281707482,-0.13546477014189953,-1.2184302680558927,0.3871356947620054,K_Scratch
5.881387971283887,-0.5715558038619241,0.82860253819432,-0.6403194465846864,-0.3961703461096097,0.2427876270228685,-1.3218702472781019,-0.12233120898900471,-1.287573990136757,0.42154185239178743,K_Scratch
5.842531815758319,-0.5630136946275365,0.6949785911356857,-0.5401868778349395,-0.3484931296379592,0.24755764037373285,-1.4683190985285797,-0.11026870868636113,-1.3242348345026882,0.4035041248101263,K_Scratch
5.945688007187188,-0.608916302972783,0.809498549368327,-0.7548004372161878,-0.3670472179589436,0.3403334995625379,-1.5463531583133663,-0.027575225560384217,-1.104387333191571,0.3918187997506767,K_Scratch
5.8218247829493075,-0.3968941900712013,0.768023232589629,-0.6489335258634645,-0.35498928113599026,0.30412096536138744,-1.5295214437589282,-0.08903046928469535,-1.3380261632951826,0.44870889816366266,K_Scratch
5.777619781791561,-0.45227218412444753,0.752909762030767,-0.5573289100940132,-0.3973960289370002,0.23465729207572006,-1.4090743639495749,-0.12533212469123178,-1.4209156991827574,0.45544310035857705,K_Scratch
5.791057158165846,-0.6586061959833972,0.7703306509684613,-0.4618812211571461,-0.5028879688509831,0.13906222358604114,-1.1897157083327135,-0.13601508523132383,-1.2776586154559564,0.40665070069924514,K_Scratch
6.0186328824565765,-0.7647673660345671,0.9391483406710122,-0.686940344932283,-0.5514238582323767,0.16767307467944692,-1.2735028916710596,-0.027322426143005698,-1.0586843891133468,0.3943183484160181,K_Scratch
6.182533499701932,-0.6499574954460239,0.8502612943263589,-0.7684589206107071,-0.4298696289236926,0.1913889533166987,-1.2286751794523052,-0.08933612498509894,-1.217071160401268,0.42075953307537617,K_Scratch
5.851635342457206,-0.48107334145918784,0.7879364775305144,-0.7694832790927904,-0.4077416490465705,0.37752105557068993,-1.6140328628982505,-0.007749560733901649,-1.1212723420331965,0.4122105506223265,K_Scratch
6.047072658125556,0.5639074353168536,0.46673783649483486,-0.6195097043047441,-0.014983061425057132,0.1530296366895702,-0.9921231002702428,-0.11012199085818555,-1.2019608621318005,0.35109510506395303,K_Scratch
5.971382287272902,0.5905122896829418,0.3439125378837441,-0.6293796794698753,0.04804515477272388,0.27233931050892124,-1.2934653864083379,0.002797645226271408,-0.9347433398570426,0.2920529470364516,K_Scratch
6.869741416029406,1.5038262852476907,-0.14638367536892233,0.12923475701268125,0.2884186277719782,-1.1877327975465546,0.28832916825722266,-0.09678156253332418,-0.7026739730347084,0.22654138110551855,K_Scratch
5.369140257872679,-0.4478218206326748,0.6160934090067549,-0.25014935836395574,-0.5445849045423589,0.1675868155666277,-1.3190535249261752,-0.15460004865542842,-1.4976773314171485,0.4624157070767505,K_Scratch
5.901493670206692,0.6140704664343856,0.3780947403832071,-0.45687260425623205,-0.06500228153628096,0.08567653413977093,-0.9520489558697056,-0.09164412561887283,-1.1846993465240705,0.3435445883715442,K_Scratch
6.043061735896344,-0.5361746362830595,0.8671404854774609,-0.7751870920242618,-0.5039937611059956,0.1778111889352687,-1.1400232982758536,-0.16874873561382026,-1.444652360181951,0.46193398715499845,K_Scratch
5.815393361937053,-0.6275859469861557,0.7740070001214898,-0.5287219774348232,-0.5824017513394762,0.11267363012958774,-1.0768726507163027,-0.16470183327191684,-1.3789116120053062,0.44043495671207844,K_Scratch
6.010502382588481,-0.4627039213077439,0.7039463126854602,-0.6877564554150811,-0.540992107755395,0.1351507994875389,-1.0839794480397578,-0.20006749839260551,-1.5860634272547194,0.48790781584851595,K_Scratch
5.569783896036618,-0.6088626633671954,0.6421711352085527,-0.3048545087059112,-0.7285782217325117,0.02897751671575365,-0.9534080894611551,-0.20099351345747457,-1.517160700034793,0.4675520804855742,K_Scratch
6.081999442788417,-0.43029550835955976,0.809250127789038,-0.7917586805204047,-0.5980446976527048,0.108147661111666,-1.071235444582828,-0.17771121971596582,-1.5894252022589248,0.5070286310149881,K_Scratch
5.633914339282438,-0.5424803243078432,0.601147773109842,-0.396129811676108,-0.7323134698753399,0.06817415348447957,-1.0193501603175434,-0.1519131150764546,-1.451297035905348,0.4690848023219826,K_Scratch
4.532824777160799,1.1129295850118963,-0.9826841303711483,0.991836161440641,-0.017667927814668916,-0.21925668355585376,-0.22890116787929324,0.09299945225286303,0.10408523385191838,0.08607357147405915,K_Scratch
3.86368232794368,1.3478447503997222,-1.47391561906857,1.0882962610785447,0.20992353482939585,0.1613703136441464,-0.5315462977604322,0.36753122358639445,1.1972041887350253,-0.10353759984117425,K_Scratch
5.543515944856627,-0.43365186429599456,0.5962502291951343,-0.3978745368276218,-0.746837474163115,0.1040978954910564,-1.0927425193852294,-0.17565357565110284,-1.5959313759297373,0.512633156713128,K_Scratch
5.951535674149926,-0.41216152795195005,0.8067809234418161,-0.7549571999422471,-0.7283891945775515,0.10905263702315181,-1.071982713332283,-0.11057071116712333,-1.5259693641038266,0.5351660998830828,K_Scratch
3.975466752386105,1.3525697517629054,-1.4335206458073535,1.0889503309046435,0.17210646258483958,0.07695355714324768,-0.3947517537096991,0.26824351869705493,0.9017233087835435,-0.06089899106685992,K_Scratch
3.897474713448207,1.4948712263292951,-1.4518864866798296,0.95620051887977,0.2246323340579664,0.21353249306273314,-0.5722038726850427,0.3958429305648171,1.2136621303339608,-0.08555629109820412,K_Scratch
5.817336255086656,-0.4376152336511866,0.6542871435684469,-0.5213013921003978,-0.7685745276987913,-0.009952065691358826,-0.8454348848282923,-0.22227050911174612,-1.7164394241021124,0.5298003235274278,K_Scratch
4.353334197405692,1.224696221515554,-0.8886658178650959,0.8787643853751744,-0.13901296952172848,-0.12870893689258642,-0.3354156072021771,0.17718149631537067,0.20655958791064713,0.1217115976436657,K_Scratch
4.2308769205207515,1.225310347952664,-1.021153631603486,0.9259855086855917,-0.08836652779782615,-0.053693115133569044,-0.4218201467514806,0.22377614614164879,0.3467275367389769,0.08266058456882351,K_Scratch
5.528241355801058,-0.4379144632622989,0.4905504471912981,-0.3832006975271182,-0.766826334977859,0.102509291859314,-1.09752887597209,-0.14914221460999386,-1.592352549435452,0.5097406508430896,K_Scratch
5.480804230077491,-0.5143644222764026,0.5644736915839874,-0.2641777595352262,-0.8978045372726742,-0.04674296075177338,-0.9099147266208487,-0.18430127397372265,-1.6642071720849931,0.5156596902540426,K_Scratch
5.725506091089567,0.6366591688016887,0.18108265977960578,-0.20488968491557694,-0.41726726891411003,-0.1658366323399295,-0.47438516422561927,-0.24980286892242787,-1.6688741754407517,0.44272763082294353,K_Scratch
5.715969295403206,-0.5673060142281766,0.6124841208025299,-0.4800592962009838,-0.8767063825229595,0.0067995208643813355,-0.864305723699124,-0.16387606847833008,-1.512238280273751,0.48604168647602997,K_Scratch
5.493050525175363,-0.34359751516104703,0.47157617800742474,-0.2667910157300036,-0.8516708005318171,-0.026968038024357804,-0.9192761843423368,-0.24562428152478433,-1.869442456736459,0.560160792703849,K_Scratch
2.712715208634199,1.3296822408534867,0.7311955322305241,1.0412314867374042,-1.4778298285223577,-0.47720842406965813,0.13631374295895138,-0.36403181209535984,-1.7766987201682511,0.598771052127204,K_Scratch
4.0982664678702365,1.4523447129136415,-1.4906469953176908,0.9605770664423701,0.11092148402734815,0.07856155955745468,-0.4378684532067806,0.3559199103416769,1.0354935381414496,-0.060376543386217923,K_Scratch
5.310910979976984,-0.41360944692219653,0.5185892356113732,-0.190436389660305,-0.9765285940328216,-0.06165054671913943,-0.8640395218852003,-0.23810672500494356,-1.8311516572342958,0.5621165692273882,K_Scratch
4.067109409014287,1.265190526550901,-1.0761446677069029,0.8889847555086685,-0.1677113760792651,0.016366183397887247,-0.4308679728365279,0.2146113906987659,0.30869320281457113,0.08512324491764008,K_Scratch
2.9045825493583397,0.39857006957176383,-3.287969367162249,1.2702827459289923,0.9247875471775259,0.8757099877438473,0.4024111305787274,-0.1832963985503694,1.3122811969538835,-0.5683628960306893,K_Scratch
3.864997884852948,1.4198162282110283,-1.6172212057337931,1.0436421864198764,0.01794851662023346,0.1648257594603293,-0.506899218946832,0.3876438262635215,1.1204143297908606,-0.0665715816402968,K_Scratch
5.3573540093413605,-0.3220125065710593,0.2971833293001698,-0.3807371912828325,-0.8575643439105165,0.19893596586628381,-1.2710048431563024,-0.10563529144447487,-1.6315896622104271,0.5247895730894686,K_Scratch
3.6755311837202713,1.4363785141789918,-1.5863601106371221,0.9059424540066627,0.026829173628441158,0.32275632294737766,-0.5810648249930349,0.3793940761933505,1.0697872004296198,-0.06430177241315474,K_Scratch
4.444077375030165,1.0296586096568108,-0.920531694506713,0.7693225999256523,-0.3574669266590849,-0.09112525806746201,-0.3768750562490056,0.0993121203464916,-0.14193802788365764,0.1687640153298757,K_Scratch
2.166517379455672,0.26926036824139415,0.9633449298909846,0.9041952487878595,-2.0300403892624113,-0.10998010273426877,-0.5269890495333026,-0.21833087420498604,-1.5816691196514592,0.698085425440986,K_Scratch
3.069086149882229,-0.10099392597741726,1.122778982608299,0.8328716667473391,-2.1252823536287315,-0.43365230195821164,-0.11342952356666183,-0.2778868644482675,-1.6601662937223574,0.7199175597190853,K_Scratch
4.295090145275087,0.9214151864456693,-0.9714365806369961,0.6260881863410119,-0.32208149159676447,0.1301749313995222,-0.6430351429129983,0.10998783154475214,-0.18916553954292084,0.14175802050338418,K_Scratch
5.075668799751831,-0.4330040933797862,0.42153320232367,-0.1965121067829834,-1.1354345353646538,0.07504619037281156,-0.9692291393295573,-0.12064818162113697,-1.5226713378871075,0.5456526561924941,K_Scratch
5.130740993790294,-0.5875209779828369,0.35837908934381907,-0.07275018516857722,-1.1647587412150984,-0.052269842829690535,-0.703798080920486,-0.20828762377563304,-1.6040264843776724,0.5211468710427098,K_Scratch
3.83451883253605,1.2758718609532935,-1.0967681678251235,0.8103156696758278,-0.3544818973952989,0.13414861889778296,-0.5301991124549128,0.3058193596192469,0.4896696655951661,0.09353727465465235,K_Scratch
4.639699808819557,1.1973295476077723,-0.5860132701659311,0.5935779416848737,-0.5824861880919734,-0.22998760095366472,-0.3331808097094543,0.20205512036965098,-0.13617301621360856,0.2636613126096704,K_Scratch
4.164218685979716,1.2044684569432769,-0.6924313721687385,1.762913563470373,1.5335988401982705,0.05839479268512264,-0.512372009377061,-0.2483611173138211,1.2235384654923533,-0.3207699438539167,K_Scratch
4.170457954041587,1.0007386170126324,-0.13150398327362597,1.5386607107086345,1.2214940614511327,0.01872973967990348,-0.5823112503916935,-0.3810253099437155,0.3883693424715184,-0.16353799679965178,K_Scratch
3.9601932927818893,1.0978440819905355,-0.1320432164198746,1.7469615134978,1.113121917889886,-0.0926171063185904,-0.4250831986560268,-0.3199835339742312,0.5746140191148764,-0.14448878107870464,K_Scratch
1.1820187937049915,1.9505144220256256,0.9938362659393016,2.0348185209794636,0.19639951984117954,-0.12111631774794779,0.44554297199606724,-0.6356700559002332,0.19093886619977182,0.08637284682841599,K_Scratch
0.3642781248806333,1.7879410640780515,1.0484051660106692,1.614102636337303,0.29686711133081173,0.4931360715379403,0.1493747550230817,-0.7884810160024165,-0.1458648719071728,0.1485784460706771,K_Scratch
3.4899574108384344,1.3887493961234056,-0.5481820955218732,1.7693550707832557,1.3391905580595949,0.20320393984642532,-0.5896541594883119,-0.17285329094722923,1.254021193135422,-0.28100909630203447,K_Scratch
3.4734216257366293,1.4416364109174378,-0.6793022404270649,1.8118605221360005,1.4247605051556929,0.18707507971017717,-0.4907728977844207,-0.1658389679207125,1.303631610872348,-0.30144504465892297,K_Scratch
3.5545248163771133,1.2064256826440234,-0.6071812579101831,1.7521145108816818,1.3446964625863078,0.23036703423092642,-0.5810996740657297,-0.19273227471298893,1.2605632127953836,-0.3029607494466321,K_Scratch
3.820857057304567,1.2386178474360872,-0.5932644307793438,1.768548981728327,1.34087849102385,0.08710344719871642,-0.4922376292088541,-0.24090846407236088,1.0909855239485133,-0.27925234540013116,K_Scratch
2.521286464563175,-0.8949598743673027,2.3318304228204094,1.6334372138199154,-1.1463322023819305,-0.4491983911773677,-0.2104112742475873,-0.6407832357986244,-0.6934775844584109,0.23908697842107737,K_Scratch
3.784692594712883,0.9996322956083014,-0.30106030941248313,1.7579494698998834,1.1045365350616914,-0.021086341529466267,-0.4911767640837078,-0.3212187983448333,0.5171370349477876,-0.20957757627956006,K_Scratch
-0.17747322342798097,2.7320769935546485,0.9014634287319166,1.5450925927856636,0.5086311994904748,0.5864459129737828,0.8382860427492448,-0.6799465462056848,0.9735505538142963,0.37265518844964507,K_Scratch
3.603687544169723,1.1857718308495355,-0.4291952440755591,1.7188574495471551,1.1819063327832102,0.139131065090365,-0.6116480266131752,-0.20755289205469013,0.9400997087934189,-0.24619694327309688,K_Scratch
3.766453650659257,1.3425881739138112,-0.5661333720292951,1.7897568045660426,1.2690809184073164,0.057805201089412436,-0.44044621508780873,-0.21619443274624695,1.1250376239029012,-0.2420799740107192,K_Scratch
3.760095847023198,1.2992746772045165,-0.6115109781058397,1.719007663397015,1.2916657730040362,0.16996072877601714,-0.6395027276079024,-0.1130786457754564,1.3703924400240777,-0.2732724572572393,K_Scratch
3.2112420189057342,1.2712244119990264,-0.7049033841954504,1.8113928102359103,1.2808590814093117,0.23414498249773075,-0.4364048480184482,-0.28951878831599903,1.032714080892741,-0.3408920102073817,K_Scratch
3.3808050656290503,1.216572402418022,-0.6072070369040505,1.7923117264391515,1.20915261519075,0.19333486793121868,-0.46533633627584226,-0.27534889370303123,0.9949171446301937,-0.2775888272757884,K_Scratch
3.365679483594521,1.2155706965320399,-0.6068978858226688,1.7757768827213438,1.1893239565551366,0.23183215910250465,-0.5450213079607482,-0.22223717399698456,1.1458279174028392,-0.2920288800651681,K_Scratch
3.613457412413838,1.2272032056071585,-0.6358923078996142,1.8208211162989827,1.2247496715689508,0.06667526744870643,-0.3303371034458149,-0.3036165437399525,0.9015315415328863,-0.2569143316095718,K_Scratch
3.4142601294736035,1.1408797379342313,-0.6936393128944935,1.7427453326153208,1.233193109130443,0.2747177431114416,-0.6663905133319764,-0.18871865401568244,1.16439989185029,-0.3261574516958847,K_Scratch
3.570053685731053,1.383515399789645,-0.8357390025389813,1.8003008204559734,1.3561243769763074,0.16935645468955451,-0.3997841060520513,-0.20171690614213378,1.2491798835359509,-0.2965845278562464,K_Scratch
3.1640217342641055,1.2488448344604914,-0.6045101388332526,1.796707263747503,1.1371184675366703,0.22809666271849127,-0.4249587190235709,-0.284294274920933,0.9781604439112626,-0.2785825120164917,K_Scratch
3.274966259495788,1.1846088697697248,-0.697484800416512,1.7373223682312395,1.1953028283009037,0.31674926013271754,-0.5911876221921337,-0.22541831289752845,1.1704025625691545,-0.31526514243456205,K_Scratch
3.1762288567597943,1.2108276273636027,-0.6768008833941167,1.7519877666055395,1.1747010881218625,0.2976783512445209,-0.5317737303623076,-0.24306549534171312,1.0845428585467793,-0.31628470692526256,K_Scratch
3.43931772392414,1.3105717064064808,-0.785542594249652,1.6939473931429168,1.2859827416818204,0.3442727741694298,-0.6895954486263672,-0.10560207333458307,1.4042741456876446,-0.30452370198981643,K_Scratch
3.243177808937844,1.3520875902396714,-0.7913543791034511,1.7409970801867145,1.2669584886117708,0.2969950678062838,-0.4918985842361411,-0.18838464894130136,1.2738057975362185,-0.33185726076512684,K_Scratch
3.6027349168005527,1.5166281665452834,-0.7539402500561945,1.7102710491045423,1.2891711580186094,0.18175032249920903,-0.5026000644936315,-0.12097276515183242,1.328579227134331,-0.2683484675691012,K_Scratch
3.4364461321006954,1.3355786724179473,-0.6208498089517227,1.7181309195014431,1.1496348593820618,0.20318062027949046,-0.4535306399454492,-0.219434803763084,1.0839435407213056,-0.23967167144902357,K_Scratch
3.411591541709888,1.3789485249440252,-0.7932742296601212,1.6920220508244812,1.267896178247413,0.2949396917256697,-0.6373669884279602,-0.1184221417345282,1.2931473445522244,-0.30906292689917036,K_Scratch
3.585237940185241,1.3778624321829225,-0.7995081642553657,1.747769167752989,1.2461473007106934,0.19247446643905397,-0.5171182342296549,-0.13924609295254267,1.3326048312901004,-0.287423047572101,K_Scratch
3.604789733352219,1.3235951099110794,-0.6989447468306123,1.6813624566340455,1.1952645776769544,0.18450523685369036,-0.46607986897122783,-0.19319010187379881,1.1399343253166172,-0.2532447346715681,K_Scratch
3.3876013488491568,1.4228165428459565,-0.7924425623471699,1.7339804444564673,1.2334039519133329,0.26091212781676587,-0.45053453662512905,-0.17658861484909488,1.248261914742873,-0.2635598244948567,K_Scratch
3.5828651202995068,1.2937546005635066,-0.6566913687800089,1.5418672626120928,1.1727165375538733,0.3046551987392434,-0.667081372431905,-0.10292923939561735,1.3421345243657183,-0.28018916984279807,K_Scratch
3.842779775871457,1.3068323637673134,-0.5507532297753264,1.3413398310267262,1.1950055069671712,0.29099759204215014,-0.7106702214570537,-0.11944888768625045,1.1756248705636025,-0.2653531871361208,K_Scratch
3.9448383943686447,1.3055734611403893,-0.5582402288383338,1.4075084253777588,1.1731672025049262,0.21593525284272935,-0.580893371099997,-0.20655468211683453,1.0747233319274374,-0.24111290545598457,K_Scratch
4.093316637918735,1.2329436825307056,-0.2341841636036787,1.3714677366353154,0.9687411594612264,0.04799283718177409,-0.5943227533219233,-0.2130758822922072,0.6337816076420163,-0.13802905753956562,K_Scratch
4.111901437653857,0.9979733480066398,-0.21038459086035463,1.330642272529518,0.9225648592420445,0.10399020060630369,-0.6418008959984033,-0.29219415478099026,0.48015276433392706,-0.14975848310362727,K_Scratch
0.9618688080422787,2.3018385893617097,0.7748921169831833,1.9935580867937952,0.08100633842697941,-0.17055404478061856,1.1398644611711837,-0.7516053748001156,0.048872060670455186,0.2105346252484026,K_Scratch
3.895367235421131,1.2496076972501484,-0.6340795026159708,1.4236091969467006,1.151000751510065,0.2385409687104193,-0.6399667599776674,-0.1559026318277405,1.124780372357304,-0.26007719165752746,K_Scratch
3.9060253708156343,1.239869707950883,-0.6745984269395634,1.4406270464648478,1.149644777541881,0.25778389100163723,-0.7213165243288926,-0.125535407414595,1.2123440611819143,-0.2799489043156564,K_Scratch
3.91551781016858,1.3549853644420042,-0.7764250777846948,1.4204487974162023,1.2321877096409806,0.29898018289206096,-0.7842431337966038,-0.049291828878157556,1.4068445923228694,-0.30369873254248986,K_Scratch
0.6081652687298351,2.695483417948402,0.5218912314340517,1.8431879912512077,0.29842310640924913,0.06625029708001301,1.1794587068623579,-0.619583974760364,0.6155551756353471,0.13812457361987893,K_Scratch
0.894156298926256,2.401185997648091,0.6688923124018982,1.9622604736213318,0.11689333264988172,-0.14360310614875496,1.2327177627660937,-0.7450450901755438,0.19795874259178914,0.21142245146103078,K_Scratch
3.891245123627363,1.4240148447014176,-0.8319764414595545,1.4003376776642207,1.2661811228421345,0.31054148955014593,-0.712286489720949,-0.08310002315887344,1.3280608020450297,-0.29835249425808197,K_Scratch
4.082511966405342,1.331038838092064,-0.7848081240487922,1.391819360259442,1.2142613128635555,0.22337475691237657,-0.7088264677901941,-0.09861246765172477,1.184423208560579,-0.28014776340169,K_Scratch
3.943496519841109,1.342984077056981,-0.7699839169521834,1.3680138851443855,1.196823568095355,0.2787004989224622,-0.6736033343969106,-0.11682446477642358,1.192843882464843,-0.27428155536914806,K_Scratch
3.8896692169379525,1.232446448261345,-0.8083839097242718,1.4173172036291393,1.1781245446059514,0.27568843767935025,-0.6106209912485505,-0.17313312241354922,1.1136125699554968,-0.28645721775146815,K_Scratch
3.899346447980006,1.289187591287297,-0.7350322298455771,1.3728448790867593,1.1236839755033086,0.3064646026276183,-0.7642187563625054,-0.08235758154969183,1.266138967495765,-0.2756901548824752,K_Scratch
3.8875856548174883,1.2881089124657195,-0.7917401878923717,1.3112510757001437,1.19274187326009,0.3383707712736268,-0.7186224839936631,-0.12131240778414595,1.1658450449745348,-0.29669711490724443,K_Scratch
3.8840718291404484,1.361376554623929,-0.8276928266832843,1.3647440357109555,1.1850066888303807,0.30159828840155545,-0.7194429379517697,-0.05193733320586108,1.3451345548590048,-0.29927420606987387,K_Scratch
4.023806271767807,1.1623429291023823,-0.7106154987207494,1.3402890844000614,1.096564061950971,0.25302065926918416,-0.6049809431189076,-0.22637297779573945,0.9399808381342136,-0.2509397372895063,K_Scratch
3.962134585058749,1.2829234986212104,-0.9341708179824755,1.3051056352509238,1.2147135740621995,0.3725363945577427,-0.8578900777281822,-0.025283095995625848,1.418220367762696,-0.3454486307013655,K_Scratch
4.018030256336688,1.331312941646208,-0.7945652556379135,1.367414056495789,1.115934528048153,0.20185831115434116,-0.5866834077598192,-0.14451275414935058,1.0746612770353865,-0.26492649930574647,K_Scratch
3.820300561384425,1.3853128632483422,-0.7136846537503881,1.3085474238541048,1.0741593648064498,0.29934398094312387,-0.6440834995194094,-0.12320767651666692,1.043408917628157,-0.23033098387971795,K_Scratch
4.0120618741605245,1.3429670721490965,-0.7822426073948129,1.3409646667252308,1.0906279116440447,0.22634462129249466,-0.6359467697539996,-0.0978830994177281,1.1735739944736832,-0.2624172518284122,K_Scratch
2.6686058311609564,0.16462437087429585,1.7632028513557916,1.3522854132824238,-0.9407803520324182,-0.29916032896773664,-0.5280992514387602,-0.7469749675126133,-1.7180441225535992,0.48780399031439803,K_Scratch
4.073782820022442,1.259520183349179,-0.783855760257115,1.4212478056969238,1.0494787510697132,0.1342825226514367,-0.5023512880611383,-0.20941084938714044,0.8440786654698943,-0.2244112367122637,K_Scratch
2.627400386967071,-0.0714303803524539,1.6347186224852006,1.3645877087890455,-0.9484779257533876,-0.22610860071320404,-0.4761742834943453,-0.801955285914348,-1.6191070718867984,0.43196840311146256,K_Scratch
3.949401573701393,1.3111325806045036,-0.8430144438278626,1.377275059474185,1.0250334583704712,0.246121930398554,-0.6102786313821449,-0.11233183895009574,1.171497038381807,-0.24606048101664285,K_Scratch
2.4295393637587255,-0.013151525117651584,1.5963637653181637,1.3912709146209907,-1.056539151213501,-0.23766290486248273,-0.40993506267005886,-0.8165589156694583,-1.6695743275238029,0.42575549811823343,K_Scratch
2.514367979618841,0.24465734937475106,1.6906037627197463,1.3572434615328024,-1.0444882276566954,-0.315812083206963,-0.39931801252685983,-0.8569471941217811,-2.0509243489294624,0.5323852473867194,K_Scratch
3.467365179225572,1.866243224127102,-0.041400152281901,1.3648889060171747,0.3790735022710935,-0.10175988880587876,0.05068933396250346,-0.12735907237163444,1.030576851040812,0.03070670541135061,K_Scratch
4.195253756866122,1.2323938345507486,-0.8267327334584843,1.3437772153998895,0.9035958244674015,0.12335544480816478,-0.5775713686990683,-0.09467405811372412,1.0603616968140877,-0.2246455258416312,K_Scratch
2.8939799634166907,0.07579211684055995,1.657460083476485,1.3313508579892346,-1.0369044439051207,-0.4086996242678947,-0.1847778355706044,-0.9322803821169223,-2.0920878306711614,0.5459481621634541,K_Scratch
4.341038969683937,1.2510776137757464,-1.0729287591185117,1.1923110026717456,0.6824824631587824,0.05514996090602424,-0.3482178846982367,-0.12538405769235658,0.9061660520092664,-0.2125873267582817,K_Scratch
4.279036097372152,1.2948284916863686,-1.1528161725137884,1.1785713664709132,0.7443871518898242,0.10933124154758021,-0.37259384037903825,-0.12302249946839555,0.8981801390591306,-0.2277792045732182,K_Scratch
4.322447295793147,1.2415828459390992,-1.1243798255194395,1.120615797162124,0.720778670171113,0.1665076437951874,-0.5014692412754926,-0.0846952942438825,0.9651529812934669,-0.22991159857421153,K_Scratch
4.376613407248921,1.3621215240714981,-1.0318972943523443,1.1889675325256213,0.6333270467070226,0.024505309179495217,-0.378582540300503,-0.05847859974310737,1.0060936634222386,-0.18552403826968858,K_Scratch
4.252181043237513,1.2028541866478326,-1.2613179042643,1.1859164006114402,0.766179586844029,0.1710842615584483,-0.3115847607078788,-0.21415778103032607,0.8405396283006522,-0.2428418795932373,K_Scratch
4.585523003128045,1.2752033065840653,-1.1275742819751589,1.0780381110944324,0.7182062528236058,0.06520284767424515,-0.47899761171220834,-0.04179875479116196,1.020805572833576,-0.22842203212149437,K_Scratch
4.655193633985042,1.1748245916278874,-0.9299286021343997,1.1392052766421217,0.5304341078982617,-0.0795952429053514,-0.32553089979303984,-0.09304768439965216,0.858870101227613,-0.16352602508910533,K_Scratch
4.521599052476186,1.1758959806999607,-1.2288068220099522,1.0597181025058031,0.7577477543038078,0.1542273860479223,-0.4129115128829613,-0.14378817343022712,0.988581204364164,-0.2548313562629206,K_Scratch
4.5601796661760625,1.1243246679978585,-0.9740225644166937,1.1205055173626985,0.5370754330880749,-0.01028531966744446,-0.38361643754493086,-0.11289344607015975,0.8158686152048877,-0.18486262928255479,K_Scratch
4.656978531987243,1.2724566687345853,-0.9310644230847901,1.0830082975676885,0.5619324301519056,-0.07971544311389976,-0.26203378755124107,-0.15332197178417256,0.6524522021096176,-0.13191893760775014,K_Scratch
4.371298643795667,1.446750928814391,-0.9752504296794706,1.0946127207726006,0.5610864613614699,0.03832220674336799,-0.5081067920961196,0.057598821796539766,1.0489254058262834,-0.16897512492866007,K_Scratch
2.7048302505567876,1.0706434090278063,0.9623310309049062,1.3189884322193253,-0.943073153841017,-0.46198271943038055,0.27075211147808276,-0.9484355778509486,-2.1582446188324464,0.3906913197582319,K_Scratch
4.379131032661392,1.2350661507648848,-1.17185313312817,1.1166451498986987,0.6407257198290367,0.09375500994148737,-0.41161957638290586,-0.07889393784686471,0.9318967742837629,-0.22573216117400113,K_Scratch
4.570725173676252,1.2421315379969293,-1.1049314552551983,1.2058409766675031,0.5668786527089584,-0.06935668479320632,-0.21072618923010816,-0.156738298979509,0.7862782862701253,-0.1627813010152519,K_Scratch
4.330457320946201,1.2159090364387501,-1.166165286554346,1.1363127418304757,0.5980425771345297,0.09215569110643727,-0.3995835964374929,-0.07612247616712697,0.9481110437898335,-0.22274477991032876,K_Scratch
4.409141976738084,1.1645847272627408,-1.3058757731568191,1.2444648502883742,0.6571689345770881,0.026817477500918386,-0.15228580860937815,-0.25300655605882766,0.7216047709449189,-0.22027453148019213,K_Scratch
4.381778743129852,1.2467254322322534,-1.0037427792233207,1.1310341616332287,0.4746279678126348,-0.009560235901661508,-0.2662684053022814,-0.11650073172033693,0.7978664587746006,-0.15358735424381695,K_Scratch
4.511454328133881,1.1787978772926138,-1.1933412064512592,1.1997312807057634,0.5782659361550893,-0.042966127315136174,-0.08907729056004353,-0.2722760223583249,0.6311152478741284,-0.18196001361846262,K_Scratch
4.3319246660683435,1.3341658083525687,-1.1663715626958047,1.260642706272927,0.5198800765679495,-0.04031653990453761,-0.18966685768894107,-0.1222318736610066,0.8910903226196897,-0.17698100242110085,K_Scratch
4.337197766634462,1.314092388992,-1.1453461850407682,1.1513688060065352,0.531044995397016,0.041946409837143525,-0.36902814513193116,-0.04804057111606866,0.9531402846302692,-0.1958048226165915,K_Scratch
4.2650586741536785,1.3024478425503683,-1.183894160450852,1.0908317727507533,0.5510609291056215,0.13256855862619088,-0.4426988650366998,-0.010481382015238459,1.1325739736229223,-0.2305406817802273,K_Scratch
4.640815181138439,1.0928386797037435,-0.9150534877634704,1.0575030194774167,0.4087748631143346,-0.10673615117092237,-0.15329965045022143,-0.26093111436201927,0.3011542929075039,-0.09740506438617992,K_Scratch
4.450113540307879,1.2710139237794056,-1.0511327672916797,1.1160244922811287,0.45636803360005834,-0.032197649749246895,-0.2737957380130706,-0.09989684883044406,0.7851619918129837,-0.15525107787613898,K_Scratch
4.700136271890508,1.1304811816807097,-1.045754288307873,1.112228343470661,0.4439177783168356,-0.12605171187121653,-0.13225926321204137,-0.21051009181089986,0.600799911889231,-0.14964250731906883,K_Scratch
4.611150518818263,1.2424175289177095,-1.2060989819316148,1.0876770625097492,0.5556339261190868,0.004372203518824712,-0.33109662871529255,-0.08121894489882447,0.8810850355216969,-0.1887976095971696,K_Scratch
4.757236744211119,1.1532163158948936,-1.0470800989608657,1.0696372891233275,0.43554212065959413,-0.11632242760198445,-0.18424666816084515,-0.14797723504110055,0.7235030969618055,-0.1508637458461094,K_Scratch
4.63293152022464,1.204897205783944,-1.0636675868796976,1.0770232764825047,0.4336014842169705,-0.051803802666363044,-0.24670618791331317,-0.12292417015766138,0.7603128472389181,-0.14000711991490897,K_Scratch
-3.902273658904493,2.995961633093021,0.3125629004588985,-0.49212309738648774,0.05408228471956317,2.966037051746128,0.09390882808115479,-0.49029288458789766,2.4796821897668604,0.2829471346912032,K_Scratch
4.39456081436617,1.345208265174144,-1.324036314097367,1.032164514173443,0.612370900090655,0.156268148108133,-0.4645894870396181,-0.011635793135605211,1.0342988488225475,-0.2270043542354472,K_Scratch
4.594052439974047,1.3424952245864201,-1.1912852327242114,1.1057840952542006,0.49999660480836233,-0.05367699382059997,-0.25174695985493767,-0.07235935179357728,0.8508756480675945,-0.15976800701536872,K_Scratch
4.433639890227711,1.2438524236654713,-1.2622656689770964,1.0319062237380525,0.5365499378581233,0.10180114675971057,-0.4085185524491128,-0.05505827252010079,0.9210019776376233,-0.221744621659549,K_Scratch
4.46645880493591,1.1212805684875538,-1.2246173683349095,1.0430795968721411,0.4813118644071222,0.08453121681292396,-0.35068566233584825,-0.13411248753493957,0.7451800470972688,-0.20215839070520364,K_Scratch
4.356437821845458,1.177126537205993,-1.22117883805502,1.0248735186544657,0.46431779810676693,0.14807559560772288,-0.44535815466006495,-0.05469579686690629,0.919623118968921,-0.20436458760768894,K_Scratch
4.793507324850733,0.9331273088522712,-0.9861348958545897,1.0067340832021714,0.32877581283552093,-0.1272460476997527,-0.10779100341769009,-0.32250735896007426,0.10471764952236119,-0.08952614165124137,K_Scratch
4.451355095880246,1.2016593142136363,-1.251501313011386,1.0621167191385614,0.4571707782072591,0.07384327454766713,-0.36020110323943405,-0.06417692347947859,0.8980655131374209,-0.1907539742191844,K_Scratch
4.659313140233296,1.2306500938583782,-1.1514255573947463,1.0666575127705804,0.3972042719607391,-0.0661699585665362,-0.2444566457231852,-0.09093928040355301,0.7832096262197235,-0.14533239396972655,K_Scratch
4.327539592560225,1.3222321379095492,-1.2472146163208475,1.0305003943203843,0.45561130419644885,0.09520026768326083,-0.36556903525483914,-0.008391220507113493,0.9959029472861789,-0.19676252031256883,K_Scratch
4.179012140531495,1.2771670112247238,-1.2707494745847172,1.0208005525355661,0.45285200931298436,0.1855746436099162,-0.4132579196801856,-0.05141263329056342,0.8407860916534943,-0.19387442529275264,K_Scratch
2.2497966498334354,1.3672175603929069,0.5295402661254921,1.2861658277389327,-1.012162322317359,-0.18492057224869443,0.007689704112612459,-0.4925855617808277,-0.8620245583950839,0.2269652164322508,K_Scratch
4.434683864658973,1.153952947933393,-1.216971441638252,1.0538270194921502,0.3757347483116775,0.04102432872578975,-0.2814459716166992,-0.12667799459799525,0.6941584446813674,-0.16729718080142122,K_Scratch
4.534003762435859,1.3064806949049037,-1.3496287127668651,1.0715024590437172,0.4642253189306225,0.015614953855370471,-0.3111379642782302,-0.028668039049560178,1.0053573149304538,-0.21018952891987452,K_Scratch
4.398452493332723,1.3284154162698512,-1.3071830072617343,0.9812292764457279,0.4577521887800496,0.12767253063252698,-0.43061498266952736,0.011812937821744961,0.9788442702742939,-0.19457035419083932,K_Scratch
4.393676432743977,1.3067107891611347,-1.3652193501640821,1.0299839579294876,0.4724534174718333,0.11241820343296914,-0.36179507461283233,-0.0398715960758588,0.9019307518617478,-0.1945784481413473,K_Scratch
4.4378265518954665,1.232284130152792,-1.2374069988052467,1.0119455990021906,0.33800609518479474,0.07243114427844342,-0.405944961721206,0.007203216438841741,0.99771267143307,-0.1835211680980085,K_Scratch
4.43420161391596,1.3568607773662735,-1.2503736507484355,0.9362776314967741,0.3881944764141137,0.12173058084955012,-0.4768561745464646,0.06354455982714777,1.0748060362237988,-0.1808861441722112,K_Scratch
4.34716573049613,1.3072031707563192,-1.2758378012804121,0.9364650361115237,0.38219783057926204,0.15322916953402638,-0.4349203277421913,0.004922290744330775,0.993687504055156,-0.19770157678065833,K_Scratch
4.44819560435057,1.275263764513269,-1.2320747048046317,0.9883851142289911,0.32744643550770886,0.06450463342737921,-0.41706303121199123,0.01031610963179916,0.8901304590543893,-0.16516168640426207,K_Scratch
4.350996021872687,1.199092534677276,-1.3400312198515805,0.8523962124892913,0.43889984031801305,0.23535966203198166,-0.5186301181255105,-0.017894804847391223,0.8444215690867244,-0.22474365768226737,K_Scratch
4.530065587222038,1.164981977133499,-1.198738279090812,0.9451907778252712,0.30427997008768926,0.04662849154446251,-0.2778729361249638,-0.12239849639206352,0.6304307350337203,-0.13665082136488763,K_Scratch
4.3068858380641615,1.2875582136748418,-1.3567231957932981,0.9178541494044303,0.3889391098891725,0.20503134595584466,-0.502420884241385,0.06240507332716919,1.1528191397184904,-0.22725987613084778,K_Scratch
3.216914211616379,1.2931924990783468,0.8619152950018921,1.062928799843078,-1.2072338391833455,-0.5510380508246773,0.17475271356869856,-0.6276527575946025,-1.7391525855868804,0.43764058452234944,K_Scratch
4.36084143425235,1.290581934724146,-1.2911135312499669,0.9961517695088966,0.303247350239958,0.0892987304490888,-0.32067458771113416,-0.03023645626203988,0.9280471520498499,-0.1685471002522161,K_Scratch
4.380632182208653,1.2956914084910467,-1.273163050411967,0.9992263993789126,0.2804191315768576,0.07113954242000047,-0.3344797573525248,-0.03093799353155034,0.859160966591395,-0.1579835737780807,K_Scratch
4.5493244517075055,1.1802778638073488,-1.1897311137137028,1.0067354785945517,0.21575149913431957,-0.03278328922702929,-0.19135755442242852,-0.14482523160241206,0.571059930393973,-0.11673374804714587,K_Scratch
4.459925947363726,1.1912277022300617,-1.2087568103974695,1.0099580005385957,0.20189191781651672,-0.0022840384355845684,-0.23403268075041947,-0.09562731609570113,0.6656945726688408,-0.1261078275913418,K_Scratch
4.142389411388813,1.4124929432491107,-1.376650938494174,0.9380364467788219,0.33212219106064356,0.19282107287087774,-0.452964396845581,0.0833466122829783,1.0735919191158927,-0.20839344253688966,K_Scratch
4.453548605536141,1.3547089683065054,-1.306382618112348,0.9165395332548345,0.2996234619648496,0.07842516457252906,-0.3929345895191391,0.03043671960228544,0.88300142276176,-0.1614110840263397,K_Scratch
4.508237452381846,1.382061576250491,-1.367838597479082,0.953615218284801,0.30881810731350745,0.0707359813935695,-0.385220638374793,0.06368748205029245,1.0814365271544166,-0.16873260121573364,K_Scratch
4.443250660036955,1.351668138958582,-1.4303132799510208,1.0670721394157079,0.29295347202573335,0.011488981345902526,-0.2825796737543315,0.036117187156781125,1.0329209634631114,-0.17328845606268425,K_Scratch
4.535929618117423,1.3092980182387106,-1.3159380258504614,1.0397596152224393,0.2256805991145101,-0.07264921181038582,-0.16645572812915557,-0.05300411493818305,0.7434247652703282,-0.1325598223793667,K_Scratch
-3.857371372920095,2.91696624436793,-0.062188679947341965,-0.6032047483993871,-0.07684870812788022,3.017556117747864,0.1419668146261843,-0.4760058634029781,2.4446214961475237,0.24097614628294503,K_Scratch
4.3589683934401755,1.3261517672055432,-1.3529658717140476,1.0569762298156395,0.19185386810384453,-0.037289353391786864,-0.1330151830146165,-0.07009457113675177,0.6870131494563307,-0.13179718518391179,K_Scratch
4.616893687855752,1.3775346292106343,-1.4144523335163572,1.078645470964162,0.21316198386802737,-0.10346319731295907,-0.1501596756349905,0.003466678967264938,0.950114966577323,-0.1399295550523601,K_Scratch
4.419937184955362,1.2801878964383673,-1.401437213118581,1.0157154410234717,0.20981204852859886,0.02558513059558253,-0.21163273711293584,-0.0624865003605489,0.7287095146639861,-0.13510078391874702,K_Scratch
4.403647241249006,1.3565410013383952,-1.3508371973374038,1.0102325904108895,0.16760737136121873,0.01042638614817608,-0.22383871952983417,-0.013751901961236516,0.829686593523629,-0.12083290404075188,K_Scratch
4.537909750364905,1.2774993036181836,-1.3198393699824027,1.0013100481230504,0.13928145271750797,-0.043398233930331806,-0.17711156264229183,-0.0661074938103797,0.69706208504461,-0.11089234633523264,K_Scratch
4.510441906761682,1.1941820000277743,-1.3399486472963615,0.9016851340733072,0.17240935227839826,0.06344289088883635,-0.28423055669313535,-0.06860757914222312,0.6598765087242309,-0.12895007016322854,K_Scratch
4.5437899286170635,1.184127089793076,-1.4141091838137063,1.0068757250988383,0.1616138372122271,-0.015753382585147645,-0.20429039794191325,-0.06351152407528907,0.7647913091761478,-0.15611431124213063,K_Scratch
4.620602763594032,1.2194514522771822,-1.4872848983544258,1.045329910422373,0.20597922152808446,-0.06860967072295036,-0.02771832915366278,-0.1355503388294085,0.7229151118870212,-0.142218399908815,K_Scratch
4.614361494028508,1.2329163715255311,-1.2458884374133712,0.9537159407979569,0.0671158270981057,-0.1050388114979429,-0.14834647507776452,-0.06515945672783088,0.5905593879030822,-0.0959406177086256,K_Scratch
4.535766795557885,1.3301182463100052,-1.3522577153311315,1.0844843514354319,0.09073645215630659,-0.14721718119203148,-0.0295834393834052,-0.09013754749899597,0.6022603369370936,-0.08822907654249017,K_Scratch
4.548638976473787,1.1724629959925779,-1.3708724030519348,0.9526951302950452,0.10717350905081836,-0.002965399260331359,-0.2744249037788022,-0.028644977951095506,0.7113756823922865,-0.14097319302917713,K_Scratch
2.4494598635064273,-0.3756098334353181,1.0894517012864202,1.0014885043257002,-2.06140290856732,-0.30659628310103937,-0.16535488391653988,-0.5144275290117394,-1.2600530847096638,0.3147522863353222,K_Scratch
4.501095181451881,1.2367823926648425,-1.446882295166001,1.0771339041946941,0.10440293505715416,-0.07916465682921624,-0.045659202918985425,-0.14897585667283184,0.48676565176236397,-0.10316960898134547,K_Scratch
4.3337723453824815,1.3783439149215906,-1.4529382736891634,0.945815955708669,0.14255616966920592,0.07067535833904286,-0.207426901150173,-0.02888806302468939,0.7883716281307336,-0.1313013328383934,K_Scratch
4.449509562731202,1.3766693372867993,-1.2987249714244464,0.924993039215528,0.014874924168726449,-0.001364894066706158,-0.29799567785402054,0.08237000083288185,0.9348472968135828,-0.09894986422742921,K_Scratch
4.378833295286073,1.4333961255207732,-1.4771096063387446,0.9878250123500826,0.1123148738845502,0.006321550396762509,-0.16797501257284456,0.024880426335371266,0.9255441743584423,-0.1268687686464236,K_Scratch
4.497810956383586,1.3607537411731536,-1.3880350693583017,1.0860754464939821,-0.014780779812645873,-0.17162680764841337,0.03586042218736866,-0.07783689468905314,0.6037133792552244,-0.0689073009014709,K_Scratch
4.289640669863676,1.4924855521518896,-1.3209524389287757,1.0067135342592954,-0.07500170312552366,-0.054125787383522875,-0.1578074619137314,0.07583523372259474,0.9174816139865003,-0.0679394758675568,K_Scratch
4.1855262991275755,1.4840711058958331,-1.628364616680425,0.905853345992892,0.07945589621631906,0.15270675075411688,-0.28009586122547014,0.07295404847498313,0.9375547045003929,-0.14525907393328674,K_Scratch
4.264488125333011,1.5509845018931463,-1.5126400795489399,0.9424666779059531,-0.01936218237769058,0.022923795745268805,-0.21103597423013198,0.1130013712564548,0.9670314918423166,-0.10728521892751923,K_Scratch
4.259596753537787,1.4261194597634417,-1.5618698897233645,0.9313388679409498,-0.034567925481309464,0.07788420178280435,-0.28974645797650456,0.11034577685735561,0.9670800546930858,-0.1281891986807434,K_Scratch
1.9868439058655198,0.13694747288921974,0.6925517625783368,0.8357272685958934,-1.9490600608724855,0.03766268190308346,-0.5771957604426224,-0.5239516128450282,-1.6379108672883462,0.3909142005564191,K_Scratch
4.449645526703786,1.4443615595420407,-1.466276231351692,0.8985510343414955,-0.10957122264647984,-0.05086213074951858,-0.1314536386912641,0.0519698727951607,0.7550639919622121,-0.07020696748517738,K_Scratch
4.80689398151068,1.1733014030819175,-1.5480873217875413,0.8338499840116683,-0.04955762867881601,-0.06686060818017907,-0.12777373444553167,-0.05012164757797172,0.5527913155030799,-0.09679183704074155,K_Scratch
4.501834262994445,1.4703791509857498,-1.6118702498199564,0.8793773635942012,-0.054909064619356907,-0.009875157045369521,-0.2273759436965094,0.1274403172858758,0.9673305543236173,-0.11934259464558751,K_Scratch
4.4130111923024025,1.4274095767363117,-1.6093214174656032,0.8678020338316212,-0.08114996678578824,0.03862125146330252,-0.26559070126679396,0.13755712110903318,1.0109120682031145,-0.1291660461957954,K_Scratch
4.552706114705278,1.2890910030831644,-1.545508723545695,0.9091901321187347,-0.15468242528613182,-0.06382305669533568,-0.07923887698215655,-0.019523698633132452,0.6380740165949808,-0.07850422200772496,K_Scratch
4.822155655696576,1.2386490160213277,-1.1111875256494956,0.7623285448912491,-0.3846803062395878,-0.2403744529510259,-0.07076434924631718,-0.028126647582205743,0.1950537327886566,0.04573980182095476,K_Scratch
4.733644903904192,1.3100552036965847,-1.5482927963745923,0.8781294456081753,-0.14458314417893256,-0.111608294050407,-0.040002920645237375,-0.010696777396189334,0.6409682013214525,-0.05760570779236027,K_Scratch
0.5532870228716393,2.323260934974224,-0.37053885837448525,1.111480493044777,-1.0850068933603376,0.2711246744785234,0.9330938811829956,-0.4008849789112424,0.13165573199184327,0.17571262422631018,K_Scratch
4.453508880154525,1.4236709396494893,-1.6051851831565267,0.8829224804311797,-0.13367256326765634,-0.010095126948904977,-0.16861707882947266,0.06983097730019516,0.7634106041306382,-0.08253076702480773,K_Scratch
4.556999192258866,1.3228176869179953,-1.5103652071477378,0.9174537958957308,-0.22615140329992398,-0.12214748707033952,-0.007165833028432386,-0.0222289439250293,0.5466445796659727,-0.042903214255915506,K_Scratch
4.557125766188905,1.4048634814187937,-1.5319858131466129,0.9280844885520443,-0.23397725952419607,-0.1375921263467319,-0.04062629489905448,0.07781853829925714,0.8256580688181866,-0.06248338205741419,K_Scratch
0.5205194098991722,2.3814169726854595,-0.39524217751571367,1.105634321075893,-1.0991439343250855,0.24343541233978847,1.0589729587477281,-0.36213732420243566,0.30369339987064486,0.17590104196675146,K_Scratch
4.49346528648141,1.2040274276595706,-1.7787248620003708,0.8522646222436792,-0.07952556188491736,0.08320830545887102,-0.10623230121686182,-0.06514167400996287,0.6704680857387046,-0.12879620751435003,K_Scratch
4.456429307675955,1.3788254362555536,-1.689402563032228,0.8174570306463407,-0.12272025523501362,0.04154913200797193,-0.18243039806372255,0.06510144607267095,0.8069114054633232,-0.1178228366368821,K_Scratch
4.514499247872988,1.2290574694570577,-1.7080112701676324,0.8514783237433765,-0.13721815144516705,0.004408352317636298,0.0216547495134432,-0.1152783664748267,0.49968282565326605,-0.09211229977331795,K_Scratch
4.743120898779395,1.3700052830471467,-1.2831504775031584,0.8030014266555603,-0.40953039225279964,-0.22303722515767177,-0.07607622311833223,0.05585559919156036,0.42165908888281345,0.02826241801595299,K_Scratch
4.496705480100268,1.2962757216832923,-1.6771162424637809,0.8647290561373632,-0.2095669094189419,-0.013486709235336803,-0.08093448423480158,0.016380680763438103,0.7409297207440491,-0.09722303410857261,K_Scratch
4.451764529473655,1.40797560267245,-1.650195729906943,0.7765558983071245,-0.19960417069046707,0.06052443623726948,-0.28951908796693404,0.15282591939572632,0.929704274496042,-0.10792196057060581,K_Scratch
4.411353828680258,1.3652828547928333,-1.6181829755706651,0.7044291558943921,-0.2492644876919042,0.10328263792775642,-0.2678516787430295,0.11965349937561838,0.8888261455291432,-0.10226848205162761,K_Scratch
4.615652167970485,1.28266049842086,-1.628127622679603,0.7561559314062343,-0.2600755568376998,-0.018214962721011207,-0.12680595060689429,0.028305776462728947,0.6423127589253109,-0.07764457306449898,K_Scratch
-0.35794958908667185,2.2607962561856616,-0.40707870014352776,0.6109677755993584,-1.0990174028787496,0.9491699545898354,0.7731766496816923,-0.44039577125947554,0.37702765015569545,0.2446076251207205,K_Scratch
4.461888592301617,1.447894042537979,-1.6791065700058156,0.6735054047979606,-0.21525702414799697,0.1188126700332408,-0.35681991849239486,0.1725833517496004,0.896742070262493,-0.10784214354200146,K_Scratch
4.510985724291558,1.2867864309664339,-1.8390976469725422,0.7858558226596776,-0.17560972785492554,0.07849803670221976,-0.10844325445649283,-0.006826537147890775,0.7381865452888802,-0.12152170822079453,K_Scratch
4.484628608806914,1.452257431513422,-2.1215805269828776,0.48406474161069124,-1.1602513374000234,-0.06117918072139687,0.1483219433518631,0.1564801181837301,0.4014532702112401,0.06193584027454231,K_Scratch
4.63449789491382,1.5345244957600694,-2.2624358458858174,0.48612822647856874,-1.0522474703753715,-0.0932836113822028,0.1539753317557309,0.21001625559059575,0.5576660719022067,0.030287569096932854,K_Scratch
4.528148778887945,1.5325262973712157,-2.182758430098543,0.4370302070163635,-1.1255413427245637,-0.006735383831810283,-0.009796338725529465,0.2799870372287207,0.6650771431107665,0.03650526383643814,K_Scratch
4.411510834650298,1.532526813160505,-2.286578052109681,0.5650275053332507,-1.1276770949092656,-0.03714190205406244,0.06390701098898263,0.30008586062248077,0.8024875537720515,0.015086892410615966,K_Scratch
4.450927072357419,1.6005501856260458,-2.282373104090621,0.5622568017916235,-1.1324977871696902,-0.0581144604124348,0.07007413622259313,0.30623175591657154,0.7824843250015594,0.02817984589531804,K_Scratch
4.388228245102086,1.6720367509942449,-2.2943700211596343,0.4382349280382726,-1.097168069355262,0.06246678215281569,-0.12913888435899923,0.42310999156417395,0.9895490090252128,0.00450629668839685,K_Scratch
4.517012024012179,1.4940853155356173,-2.2660426389914896,0.5299843255996085,-1.173884285381636,-0.07360979691459031,0.12856551415631864,0.237353201715811,0.6154715168690172,0.03858316997781387,K_Scratch
4.531094280558994,1.568903864629089,-2.2472095149935964,0.45119817284180586,-1.3342594919628246,-0.10443951778052903,0.16961393254563387,0.26893323993179874,0.5175097109218492,0.09423759264827793,K_Scratch
4.335430569273303,1.5936141996410451,-2.344429014772671,0.43124701733550097,-1.2876111902018637,0.037258862108360755,-0.019960414949466924,0.361889596334678,0.7258032416280035,0.04794642411748003,K_Scratch
4.526920304870747,1.5402880284296172,-2.3672017129408793,0.4495046205583721,-1.3171179825733135,-0.07340076664269203,0.17134531566230593,0.2545864654130674,0.5304678160863978,0.06629948294565442,K_Scratch
3.3834775352931588,1.8473619084151118,-3.3812408382500325,-0.14391182976843833,-2.9690593295677514,0.1944222176042082,0.25607608221291533,0.686858883863656,0.5798751615871358,0.0788994088858062,K_Scratch
3.0527689894402954,1.8704171849588103,-3.4197891071776465,-0.28943128724244976,-2.9187153528085275,0.4574014755444227,0.033729941718499155,0.7480929578056792,0.702137808954712,0.036709502718493145,K_Scratch
4.187047231043644,2.078813603674705,-3.3558110539403665,-0.0330303558478071,-2.952298450519386,-0.15555775511341863,0.6629132247863753,0.6727709251621029,0.5198702007959158,0.3146290632947691,K_Scratch
3.374160279141922,2.017557023058209,-3.3978089753872793,-0.20319415666937948,-2.9547379221173933,0.22093379912469163,0.2552753218803874,0.7513489897227508,0.7113019640023153,0.09798034648662586,K_Scratch
3.4705372894641373,1.9018830194044751,-3.463865091855081,-0.14377360770577333,-2.935364283691581,0.18455432946005906,0.2554523140856216,0.6944904919234417,0.49226667835980575,0.10615605524002349,K_Scratch
3.2496198595187544,2.0250830299816944,-3.4566751677216834,-0.26186977066608935,-2.926034428537306,0.3382972096171759,0.037574043190118846,0.8416731706129642,0.8607120971955893,0.048438599022313,K_Scratch
3.3427182770323993,2.068600394836018,-3.5447477495794346,-0.2244346597074732,-3.1449292944062535,0.18079269816771637,0.24938207523149164,0.8214294348491259,0.7132719286165418,0.0961439478590801,K_Scratch
3.129215008675142,2.0013953228760086,-3.547122259258177,-0.17101939314287298,-3.211188080518479,0.2359245624903743,0.35973857882287424,0.7317597360239225,0.5158367879888466,0.14548412282464937,K_Scratch
3.4850153331813996,2.098262145853002,-3.5973444345223737,-0.26610091704331645,-3.206691984899989,0.19833751162705282,0.34082147503297006,0.8073438271817214,0.6623432184472346,0.19013371943345822,K_Scratch
3.549475025636387,2.162176542974292,-3.3138314248940066,-0.255420254945762,-3.387803127333118,0.03603639431845755,0.4673378308436321,0.7832451526206923,0.36116262533552346,0.31442976859751043,K_Scratch
3.408305521450647,2.5593166085080488,-3.6993515819960354,-0.11811122510171072,-3.127936318666964,0.032438256737075996,0.7240721478827028,0.8332359403132618,0.7510534156127928,0.2608348312217584,K_Scratch
3.324861969043119,1.8124731766771902,-3.426832136274302,-0.27989700554908653,-3.4257066598192516,0.15837730605942685,0.33718768764514495,0.7277535208280969,0.4149756369156254,0.1566192621239106,K_Scratch
3.507127147390946,2.1685727393910956,-3.583499986287029,-0.15639164338959435,-3.2981293240846385,0.011681034633401243,0.6207977469979997,0.7332548745356269,0.4927244768472362,0.2202349670629775,K_Scratch
9.296144647594348,2.5982125608755164,-0.7188953075176892,0.27180432126508436,2.7862990698539227,-2.1100292463505705,0.5795496534818347,-0.23271079184023036,1.4189290155712464,-0.1952982345039371,K_Scratch
7.147438460432004,0.29204136687846977,0.36269203859064425,-0.22418819045754876,1.7728469330778744,0.2095677712569896,-0.5669203167490627,-0.438473947054137,0.19879628152101445,-0.07934626322990465,K_Scratch
6.742193677010827,0.3780717798211411,0.19369543882595303,0.2742417879799489,1.6677696243510933,0.0042386872218128525,-0.286140224259075,-0.5191588211954146,0.11446456605785597,-0.05762021087337682,K_Scratch
7.6546710082759715,0.8559373271429335,0.8959973933450918,-0.5447212206254436,1.5157446835907482,-0.1443055336694837,-0.5395653250239825,-0.09367505824654998,0.5228994108182702,0.07974235499637196,K_Scratch
9.843469634410388,3.2378325096923675,-0.09068287885811341,-0.22516370278102613,2.5132354114770017,-2.5165820472927347,0.10389066809716055,0.16888985415421737,1.4876505031851655,-0.032203699169148794,K_Scratch
2.991303566810868,0.18429759661256742,-2.2124741907782113,1.5488904210248535,2.755911715297829,-0.15412421880336843,0.07674554481376336,0.3428206153293644,0.26249171706947694,-0.7309828800750818,K_Scratch
2.995353947129173,0.15102111839544194,-1.8053116017924093,1.4002532737077413,2.4573776250764716,-0.24925960815999762,-0.33922748970572003,0.48795933533769287,0.17608218381520038,-0.7401834694699289,K_Scratch
2.767924991639182,0.13877639689106172,-1.8879326225315871,1.3267379420913799,2.5098430195820827,-0.040832346758237006,-0.5728226442101813,0.6108945568055243,0.4174306245052037,-0.7650362578189669,K_Scratch
2.949947660072908,0.4014838909960213,-1.8097091636080065,1.349313105950708,2.485590827011568,-0.136558428108518,-0.5278416672621726,0.7215163051238813,0.5753081656997485,-0.6861736808391489,K_Scratch
3.590959000194012,-1.6001963421768859,-0.1658264689973558,0.44899164974740985,1.4268829214973215,-0.04654284693642234,-1.5243775536775415,0.3204436842804204,-1.6985717913719958,-0.2502341946781367,K_Scratch
2.8089700501389583,0.2720787526458771,-1.8513091465879736,1.3983874963847802,2.4687412754580205,-0.1724290468185651,-0.283569077083295,0.5496972743817925,0.28367658214002395,-0.6980091192817673,K_Scratch
3.8341217604142708,0.33012061375412377,-1.391083731179768,-0.41294041785532204,-0.4914062005926376,-0.5142931405726434,-0.8590661285819214,1.050872335184998,-1.8463981473327629,-0.0063194788897632075,K_Scratch
4.233121520776726,-0.8518195666348488,-0.701358233922145,-0.8517834176992953,-1.0391184940351625,-0.4428140381428126,-1.2412066741829155,1.1093073851438964,-1.976825717623933,0.1615167499721419,K_Scratch
4.2354612508388945,-0.7909237762937918,-0.5036774189069327,-0.8241284445205783,-1.2421632145233663,-0.5586533289381284,-1.1571290720474479,1.206223661354499,-1.8762539651170935,0.22249672344811142,K_Scratch
2.750460726761803,-2.6318127929894652,0.48707114805159585,-0.5037327413821013,-1.5522661777355446,-1.4679902097808153,-1.3303736181938532,-0.09328017213348042,0.7032104967143458,-1.9040047871632393,K_Scratch
-0.5552417680336336,1.7699784653382262,-0.7669518106573853,-0.047893790811239144,-0.7425180441093817,0.6558326536202198,-0.3370316507431677,-0.2663457901868541,0.30853814429857074,-1.1239346309715033,K_Scratch
-1.3491635133330522,2.0867582833979057,0.5679893089086775,0.4340739877901892,1.2346760125668526,-1.3911123593224335,2.1340148004127837,-0.874115431075202,0.26347492960867297,-0.17010936527316703,Stains
-3.075703682718292,2.5673935313986913,0.6376988861120205,-1.0202498881664905,0.5097159837716697,-0.07179899105012326,-0.32501915149753663,-1.0199820236757635,1.7597409594942421,0.42461058976216765,Stains
-2.076469096325948,-0.2934277243232853,0.7782698041447638,-0.33826202590223314,-0.4159047387185061,0.926710137389798,-0.7556723363220457,-0.8267405385521835,0.12791865541864758,-1.5511143791944169,Stains
-2.202357525471338,2.459530178965491,0.6345112339376301,-0.545446410876406,0.24014785083491777,-0.9331728374283612,0.5188306161512742,-1.3420987026311988,1.0681210233292713,0.6770705636873777,Stains
-3.3423503985269654,2.3954033690318584,0.9840980806342313,-1.1998176573140216,0.12216412846815633,0.4879634429244352,-0.7390032796893935,-0.8262539412707108,0.9753650836974703,-0.358972693317815,Stains
-2.348441334865659,2.838941245164458,0.7370092375391283,-0.24042460176706112,0.11344170427289896,0.3516601537686817,0.8758235955308507,-0.6847769776073789,0.5218006255333464,-1.29308770973124,Stains
-3.567082695662015,2.1409542151452734,1.1667331039798199,-1.3418701003544917,0.01582883312391838,1.01794498942848,-0.8350743633898101,-0.8017015197537357,-0.024182371683526507,-1.0467959222937293,Stains
-3.166227240442947,0.7347192211018466,1.614321976817309,-0.9081731427691419,-0.7035093992774807,-0.09627650319629302,0.2244466443945127,-1.399979739720352,0.015493551293748764,-0.011305567872653978,Stains
-3.464431686535554,2.0736296417003772,1.02158942761726,-1.1333858387446694,0.028434267236278194,1.4516869959886924,-0.6930943933325867,-0.7777369908262446,-0.12640334693388275,-1.261743999660711,Stains
-3.067695507618733,1.7063515024419114,0.810969496530323,-1.240722667200239,0.2596985611307549,-0.28558288947734933,0.03256911604003806,-2.025964349754179,-0.42650278336223574,1.3259134262813148,Stains
-3.1474899312570557,2.5217000323181304,0.7124936229016491,-0.9633684880901876,0.2684579739835261,0.5394248502501446,0.2955275108017228,-1.0752124571555854,0.03775472595404474,-1.0665208160959996,Stains
-2.432133604476878,2.773582198495723,0.31057708593027356,-0.48695436560336725,0.4114975048833142,-1.0024945772654956,1.2909284916386854,-1.5541453786720312,1.3971180225683062,0.862022101942039,Stains
-2.7645295380370953,2.8562357216226943,0.7062243957413064,-0.24233260202496656,0.07923614422532817,1.320119550168869,0.6054925382629379,-0.5499430266068134,1.1552925797374827,-0.5866182708517272,Stains
-3.175710326059919,2.931171717969324,0.6538727690810355,-0.7587808919367438,0.1486876417259263,0.45368875595152525,0.509041303206419,-0.5457154956218859,1.396583540135863,-1.4395085476927951,Stains
-3.0923060293054334,2.889266430887057,0.6951695049735527,-0.6584097213663016,0.1221295221586217,0.756184712805971,0.576774958525505,-0.5683510548232709,0.999859461000495,-1.525172719902947,Stains
-2.170992050780058,1.0500165380469504,0.10513107584412922,-0.692311289637254,0.29376627227376634,1.0532268248410586,-0.5854556853115286,-1.0486176414726103,-0.7359351441945826,-1.6668210075056336,Stains
-2.4871262306282227,2.3430414940000674,0.5191371096576316,-0.646470851054566,0.2572228635369248,-0.9820708261096242,1.3419130089008002,-1.8085325288903515,0.5093482833474139,0.9696630559819795,Stains
-3.124708098997693,2.2144260674511322,0.8217916729792453,-1.0979706039275912,0.1245782303970533,-0.3188509239058128,0.2609582964485869,-1.6963734536922173,0.36413084697956716,0.9446864801697434,Stains
-3.3392332142004757,2.6518416695561347,0.4378780441512066,-0.9564753018360015,0.30871480237015364,0.7525989422631424,0.2428048890884771,-0.786733114074424,1.0119187837624564,-1.3448882829643292,Stains
-2.907393216611259,1.723373000215177,1.023176039195106,-0.6073422452271157,-0.25375052519413355,1.6386577695467164,-0.2858518567911069,-0.9995239445685428,-0.4538508256855725,-0.4711270152435133,Stains
-2.745069026866125,1.7883487967427003,0.023949835002922734,-0.21081582692048206,1.6310876538384835,1.2690356833027758,0.5512110786733786,-1.3667688816919281,0.41691626266909676,-1.7555753412858388,Stains
-3.249086624445114,0.892682495555362,0.8257388580416829,-0.85466204214029,1.0450028743982638,1.015050607236325,-0.6902787685319967,-1.6088380925731356,-0.20503008698470995,-1.0068803741660346,Stains
-2.8875166874363836,2.3820892833818945,0.40440692171646314,-0.46417916714244734,1.4782275697324792,0.00298613934696365,0.7076900564789952,-1.7277436831974833,0.8681807805919481,-0.1515034494169211,Stains
-3.638162067053857,0.6199087798234759,1.1378195549215806,-1.0509671694339173,0.8013257839831625,0.3220835431767051,-0.48730911841083124,-1.8093487442741047,0.8480208325616149,0.6727252315049147,Stains
-3.4043009195076572,2.1946085073953485,0.6719805984580643,-0.7112830896526341,1.27527565224958,0.8584788950513734,0.2657568474646114,-1.38653460274151,0.45790560816571185,-1.2750388570542481,Stains
-3.004837849785002,2.5745931983156973,0.7387879617878447,-0.31134154186772395,1.176152949497265,1.404861140645518,0.07124741997755167,-0.9721067741889833,0.6663530623289471,-1.1528833037299115,Stains
-3.670226745108893,1.542598066405644,0.9547890437555104,-1.2353479167674526,1.1774958909492423,0.3561021361466533,-0.5380108588274799,-2.0221479815101975,0.29694354747652413,1.0072773027060926,Stains
-3.1790624681667223,2.883142811077709,1.0859055793601518,-0.3136149439386339,0.8936944627155137,-0.039919032304938054,1.4334208510533182,-1.267502714715964,1.1341668674964214,-0.9054963601546302,Stains
-3.232506195400319,1.6677108069755249,0.8737578301518847,-1.0256754376259496,1.1729578137983556,-0.08608178656893516,-0.32138660530317986,-2.193931052004384,0.11920600114896679,1.3503415155769658,Stains
-2.7552035392320717,2.8622930971459963,1.4503707007421276,-0.34379397527067956,0.6038725104606363,-0.12701547276168454,0.796816572620621,-0.9792529457074233,0.6142357979484144,-1.076275636960219,Stains
-2.5017334868922543,2.623686505326766,1.1730952912738708,0.2643147038170642,0.6346840747067126,1.3994723332585803,0.6819468476958409,-0.889998635466489,0.8100203026076787,-0.2849680703555058,Stains
-1.7359373961034101,2.728493038713208,1.160487804066724,0.6139021053769632,0.5217909543439557,0.7577406563053617,1.2491098198091917,-1.0320713429204305,0.18366679114736506,-0.23004831693322872,Stains
-2.8365174624994425,2.7142504434891235,1.167214195199576,-0.32223362733981087,0.6023718294491719,0.5557427846775544,0.6484395478860082,-0.8560884425802228,0.5062993679000353,-1.520062885484838,Stains
-1.0687779905043133,1.9169631540724574,0.5941358181732609,0.357848770400471,0.6744907427730504,-0.5120213008159877,1.2511708388175253,-1.2435658859709302,-0.8526173650730553,-1.875663089014347,Stains
-3.079639413076468,2.5424124198557037,0.9410155225319056,-0.7091469991463194,0.7009359109438899,0.4819859958731138,0.12006464976438051,-0.9561217714070913,0.6826297590932073,-1.183375613498823,Stains
-2.6863161478384288,2.695297137259633,1.0367930117948647,-0.16390828174771133,0.4963631784505176,1.0506546753519332,0.4189081636722351,-0.6984479679153527,0.8378900761715887,-0.9400402743763956,Stains
-1.96619188938779,2.2089482563292435,1.4787235450971057,0.4418334074748226,-0.02730046019408665,0.8161869199301574,1.1969443119054162,-1.1571410504836672,-0.2551165037740951,-0.08465125695556987,Stains
-2.128736406175278,2.747640167875981,1.1267018991987696,-0.09915517293953163,0.23740104294628486,-0.2730529726226878,0.9568603992879067,-0.8625546637141642,0.2226538695682992,-1.5774162900440587,Stains
-2.7515331724373175,2.627898145557492,0.6182704365305087,-0.7306308109282219,0.7887155774520175,-0.5969751359762502,0.31957904085984423,-1.537435297962493,1.334142350592732,0.9768138786445717,Stains
-2.7649609292958552,2.3603595558222974,1.1153233063950232,-0.8135164400149659,0.45594986623369044,-0.5811331590105908,0.21194446727553473,-1.755818721309999,0.16443232320268042,0.9643201718048046,Stains
-2.9545644565499427,2.2636706225718046,0.9602146014809926,-0.5391925321559262,0.374345823189312,1.4874407303343629,-0.4332276637282207,-0.6807672755686718,0.6077522722186443,-0.9926018876533594,Stains
-3.2383654916606672,2.1033104881993854,1.0504988611680754,-0.9776955405554643,0.3383149056818363,0.659209278681853,-0.6890281790704063,-0.9059266059629569,0.7760358962127922,-0.8823253415434597,Stains
-2.501172151738044,1.8289412982955595,1.6292911019859966,-0.5603019641064986,-0.1271527319578764,-0.03042044578684106,0.33420386966660204,-1.4537773911478649,-1.4623896651997677,-0.9064425570545029,Stains
-3.159960663423792,2.3188269268284305,0.9903979136909534,-0.7305294888975066,0.33207738112635976,1.3647869569873174,-0.5819643382319349,-0.6113104126267933,0.7197694807137286,-1.3209609732518397,Stains
-2.9028488796688543,1.7163098596857687,1.6780389550872097,-0.8025100555200871,-0.1537021991011358,0.1837122841640992,0.04323413786903107,-1.4049961775157913,-1.0956921599420553,-0.7279253207104975,Stains
-3.000803620591711,2.5333322081103558,1.0309073887241293,-0.7710983258611565,0.3829881153788482,0.6516009265691096,0.15717668136615032,-0.9366256627976604,-0.18292776321042867,-1.6296174685875748,Stains
-3.1860933551705686,2.654679711938408,0.9355435960630438,-0.979994697502108,0.42278054382109237,0.24401969934938816,-0.2652433945727073,-0.9056596993483397,1.1760468539423676,-0.3141931126353517,Stains
-2.506738961654302,1.7885583453728577,1.6869400636746776,-0.45372564709375135,-0.3080368842793696,0.48325218868963243,0.240883999679044,-1.2558385825896854,-1.3855834894152756,-0.9724736890306642,Stains
-2.095317594482664,2.1173069531550714,0.9397590954204428,0.2473519314325805,0.09690605187832001,1.1835351161068106,1.0750181539610844,-1.2423079949079656,-0.32910646301867,-0.1129686298016457,Stains
-2.668140436343323,1.1378801287778286,1.305796782724327,-0.12008975578514865,-0.2623020629588229,1.7590005549273522,0.16033176942697827,-1.1176657041281937,-0.29749624857370804,0.0680984643230976,Stains
-1.2820661877054629,2.9246528202075037,1.0791425384998699,0.7169860858082105,-0.08928036428870938,0.358110225944785,1.5469857514668508,-0.8157083029469735,0.2333583680954214,-0.0652500721750255,Stains
-3.338432322859887,2.5356621584904273,0.7641355872643993,-1.0373881710904385,0.4419338887789836,1.0020766652868196,-0.4673438664245815,-0.6916926878376594,0.66986583933119,-1.5265693023477054,Stains
-2.350020388331799,2.2230872440458103,0.9712162252300272,0.03456418879107959,0.0809356703353965,1.4875457591866728,0.6556685074845248,-1.1567528855381257,-0.32630864361516837,-0.02772554263632838,Stains
-2.911219634393592,2.5190927961155634,0.9495154310585012,-0.8032067087431166,0.2854717806327812,0.4143855638784358,0.36814479341639134,-1.0953628819215,-0.3288085936478795,-1.2397170171671261,Stains
-2.177898226812053,2.8682255916256656,0.5618537714599328,0.22440141799915753,0.2655510745168642,1.345725378495448,0.7478261892808179,-0.6453871410465088,1.0932345454421992,-0.19973608319795028,Stains
-2.6008049630348755,2.167120265081881,1.043573465962959,-0.5294496098398576,0.010043033995679424,0.7410400356693119,0.2729287632608028,-0.9786550039742029,-0.44005782405802635,-1.198238592660012,Stains
-2.676520012207812,2.675312436621804,0.552754845331919,-0.6838806813083402,0.3119768094472407,-0.7874321079575954,0.8773680331438695,-1.3989172685233753,1.4318816019332217,0.7884682056723598,Stains
-1.1423806735451385,2.2515454528448995,0.7195090621764231,0.5050572160732226,-0.2841593547591579,0.652397728902783,0.8609304148651273,-0.9094870079218907,-0.26696910921917033,-0.10195946817954056,Stains
-2.8066668629921763,2.666049341940305,0.49412656017512413,-0.7050855935777435,0.18196604958421747,0.459479637790738,0.6656642033425518,-0.7350607337405091,0.43773457471833244,-1.7091844412267134,Stains
-2.589915252126799,2.780448150203735,1.137190050963403,-0.876900284342657,-0.0974804013134456,-0.7110655235058028,0.6919941568698844,-1.5653008951385743,-0.490609350999422,0.6496197658392061,Stains
-1.6411515586674985,2.813636271285089,0.5514188517089027,0.34999889026274544,-0.10013640421069193,0.8494866726775774,1.3411803032500298,-0.9771376281379062,-0.11882882169003416,0.02407107791272966,Stains
-2.516441108913263,2.592416265478638,0.7032426794104907,-0.32548621875562006,-0.18530229879446786,0.8494169034345188,0.7679723403043658,-0.7260492573271514,0.43104151491809184,-0.8800773832950175,Stains
-3.2240506742321835,2.7333075574351033,0.7521449332538883,-1.046314690880329,-0.05380796329494876,1.2280661851854353,-0.47497946967764126,-0.3865288041672823,0.648279332948127,-1.359300072117536,Stains
-3.042089073071059,2.3684551576435386,0.2028695021649115,-1.2249326349857614,0.3497211238754502,-0.17476402502365643,-0.1124416668686061,-1.3426874976854126,1.2995367453232662,0.9208006733253933,Stains
-2.731659102629314,2.21977914909165,0.38618911503999215,-1.0970280333635634,0.1880132749866765,-0.4275986560775396,0.0386283124866048,-1.6528455858352264,0.39225325612924067,1.0808570240666688,Stains
-1.4768438909048212,2.4132533741644817,1.0039005897037172,0.43410786012000036,-0.6133405272100532,0.5419695080088516,1.5599281897573287,-1.042785076762982,-0.5302482250068956,0.10903525958743698,Stains
-2.4959702490609623,1.5127958528161853,0.7759208312839975,-1.1028042321963167,-0.16405223079798767,-0.7274440350352092,0.1712123350839494,-2.040337359126852,-0.8169968581572713,1.450403284132676,Stains
-2.352586713635574,1.8241851220527743,0.9352187901357008,-0.8756204425060907,-0.3649871204510744,-0.7462793875805577,0.4294339949024304,-1.7364484262514222,-0.608421185301584,0.7507136047256772,Stains
-1.566019109383749,3.2090950252673687,0.24633977196018875,0.4599910850095087,-0.039008161169012914,0.7513510033424664,1.6155232043268644,-0.7320526182456585,0.6684759173525766,-0.05615881259097303,Stains
-2.406127859567873,2.4657560750413237,0.7932628012575955,-0.8462540723448126,-0.23177311968289988,-0.7713592993757896,0.6023589258324685,-1.4384152477606083,0.044241523808311596,0.66193684060303,Stains
-3.1560689304919824,2.6464208423584625,0.5342829663236842,-0.962399316233383,-0.09036325094431687,1.426717817728278,-0.3528573070420899,-0.45850593644519905,0.6506851424490218,-1.1429803155855751,Stains
-2.5411907438800294,2.0672106128082164,0.5778129727689414,-1.0023486059471673,-0.2516185177970499,-0.7074250335510347,0.44938948698423226,-1.7782558387757736,-0.14795031416447685,1.1099042691901564,Stains
-0.8984044995822564,-2.2442605171111008,0.3649731011727433,0.26561971800951667,0.7918596412962728,-1.3128490042200907,-0.16138095839172056,-1.3688338988081916,0.9322375921740973,0.6044812301650889,Dirtiness
1.2459929586600513,-2.766376131314073,0.7140972184495107,2.369573679137906,-0.055867268459250406,0.7398100277414206,0.609152002206828,-0.41871772237338273,0.2911240829269009,0.14808118654866995,Dirtiness
-0.42983205293043447,-3.2888307463295856,0.8223770280360443,0.7072361474228294,0.03839510140288988,-1.9542542732656492,0.4692967736219976,-1.4026506959261107,1.1442713473607122,0.4587244147158203,Dirtiness
-1.1337354342138286,-2.631292698555811,0.8727128909855272,0.35263086280993283,0.25644052361345027,-1.5164850582077627,0.3006754681730853,-1.3513192000387175,1.3428851912915667,0.662815925976984,Dirtiness
-0.267910200821629,-3.3437719537168813,0.9428410720871362,0.634865016186841,-0.12847406197042294,-1.940487171938577,-0.10247205485970713,-1.0306250376851058,1.6375251500153687,0.3610978928568876,Dirtiness
1.191884131042732,-1.955960965860351,1.9430575445784513,2.321181042447584,-0.9189726228735351,-0.07073897801139387,1.0259020006666426,-0.2558202508381246,-0.10263004577500316,0.3332652421993498,Dirtiness
-0.4655385843737212,-3.3851378489529993,1.0769231130406451,0.18519638789972936,-0.26700911881893674,-1.2381191472930717,-1.2615177023525916,1.0483604627226926,1.1017689157869703,-2.4263674509992015,Dirtiness
-1.5550159679165565,-2.1047815412264494,0.7114884996591925,-0.3338001187712989,-1.2044840550062903,-1.219293235469924,-0.3598787591574153,-1.6539979614667575,1.7866974987922235,0.88030108282288,Dirtiness
-1.6899642272951068,-1.4667229480907846,0.8984873168344611,-0.4160666953559959,-1.148098916628253,-1.3126697872874038,-0.07068013104380469,-1.77919756361621,1.2006152707362139,1.1124262822276636,Dirtiness
-1.3709109181261072,-1.9248581912126652,0.9053140667442596,-0.2537237642097587,-1.3398935249709867,-1.5045403410421792,-0.09445570838930167,-1.7162403161988042,1.339306165922044,0.9934444569016402,Dirtiness
-1.3778260256493882,-1.9873915947866465,0.9313806346528662,-0.3011470928290473,-1.4133397102857659,-1.425274480430016,-0.4426963206476955,-1.5274685263958379,1.6626916481621994,0.9258038368485647,Dirtiness
-1.4593395139064758,-2.1407602439090327,0.9467578998938012,-0.28614543040427454,-1.4968997056464002,-1.4507060882452814,-0.20162608422337966,-1.5769888344743033,1.7792479878408582,0.9355375164975551,Dirtiness
-1.911330343798739,-2.0541783581728503,0.7794683565070019,-0.4415904289240428,-1.2861120688382854,-1.1759350477383084,0.0446952375911624,-1.7895006309310488,1.698116508074317,1.0179633355249713,Dirtiness
-1.8724255931690759,-1.7599844625153147,0.8873804880512021,-0.49981863527657544,-1.3184175228705104,-1.188617268439841,-0.21763680942183689,-1.6236781457399663,1.723859031914947,1.058028830246387,Dirtiness
-2.30766525641478,-1.4808435446524293,0.6538670439246586,-0.7969414280149566,-1.0819768213747893,-0.6896334782270578,-0.7811965462977731,-1.4849115821623091,2.044164713747287,1.032545734461952,Dirtiness
-2.007094906082164,-1.263818607497491,0.513700807678343,-0.6101456745652858,-0.9530449618987794,-1.00744373058489,-0.03428126093120797,-1.8690965349236983,1.2159994657932576,1.1441670063117024,Dirtiness
-1.7959990897986289,-1.514127882929749,0.7277801050023316,-0.6592901334868809,-1.8072996843556415,-1.1811199181436907,-0.313251245198232,-1.402325774008953,1.6683227791819533,1.0039037985084973,Dirtiness
-1.9197092858235498,-0.9749377747526276,0.9923123210230919,-0.6966255685822101,-1.8199940038217293,-1.3914307503880736,0.24203266450688113,-1.6742785705159604,0.924256034256995,1.3421440129096764,Dirtiness
-1.916012427881961,-1.2390250706138581,0.35700378231820534,-0.7081414270288752,-1.4264453660037957,-1.0707540050028843,0.15471841191893024,-1.8395549665753756,1.0042682890841688,1.1599604203836322,Dirtiness
-1.0166391465812874,2.548108634933188,-2.1680106711788216,-1.5904154347987565,-1.6049799973762817,-2.688546853348959,1.4420291809120005,1.0641570016303872,0.4001291590562401,1.411735453557587,Dirtiness
-2.150614770743525,2.306857322750492,-1.8797614747884788,-2.1120919519752395,-1.6409733395008292,-1.793013060279395,1.32578317955278,0.8476336462036085,-0.16082514968493447,1.2394888383598701,Dirtiness
-1.503719912949743,2.7797884090529736,-2.336134594792762,-1.872250052538052,-1.4020271031369382,-2.2316227862661604,1.1373267965732896,1.1576577613967975,0.6655044664723603,1.3701249643845583,Dirtiness
-1.887387064156414,3.225114912957464,-2.620777058931332,-2.0241213601506907,-1.151390135581626,-1.8542408564043302,0.8195462237035464,1.4731548906840417,1.7667987918198316,1.3153181785116819,Dirtiness
-2.190827703267394,2.675326643883027,-2.349195235290507,-2.114385739079766,-1.4142124182648288,-1.7492126971280466,0.9812117044411665,1.2307676278189772,1.3218209472142528,1.3282414898932013,Dirtiness
-1.9064026834510597,3.0120915801627386,-2.3241310145873024,-1.9964007113007494,-1.4091730376179779,-1.9011184652069748,1.156001222339572,1.288118521429808,1.01621207273429,1.2186607784683996,Dirtiness
-2.2893103802827555,1.892374012200971,-1.987943935302546,-2.4752073646096684,-1.65922464169,-1.4643865385337718,0.18904790729038412,0.8254135239351118,-0.18174097219609756,1.55453068145666,Dirtiness
1.8944699588132397,-3.016289488547754,-2.2228427728326334,-0.1009672034594563,-3.249187318570026,0.4909090595962755,-0.22664804553129275,2.4482070508444336,0.028643596439502775,0.6419771334172742,Dirtiness
-1.8237486858928573,-0.09407007246585651,2.586960767656709,0.5446283031820816,-0.6163262108993246,0.6659156553795234,0.5675160581554949,1.9190641926423935,-0.5029392450707342,1.5730469660181652,Dirtiness
-1.730404059350299,-1.852776527730794,0.762316156002886,-0.04453952026308904,-1.3777815116923624,0.09800823198298837,0.37253713986916426,-0.14909414984354302,0.9496865660351979,-1.9575157565174401,Dirtiness
-0.19619484278846855,-2.6328989329567554,0.887455286229318,0.5497360051252721,-1.8969677906353228,-0.8608789972904012,0.28648023763137154,0.09664887753239951,0.6524578281698504,-2.321029306690828,Dirtiness
-0.03422009208502026,-2.6047982796352893,1.0947044939611057,0.5043685335942762,-2.0526881417992966,-0.9604261032513647,0.11494496645592131,0.2605862437615091,0.7283163525604684,-2.307984653054432,Dirtiness
-0.1287860801933445,-2.5512513989036387,1.1659801385101156,0.5303467377951113,-2.1036579729319365,-1.001993008631913,0.25382158688652695,0.20967591588603685,0.6318130388945185,-2.2555272527488617,Dirtiness
0.2521912373270977,-2.929369044144912,1.0139551667926388,0.44271644526738674,-2.0577443109421587,-0.9499099660859849,0.03796328802110543,0.3062646851574226,0.8593842438123682,-2.404393862534894,Dirtiness
0.38798657619556454,-2.202998887848897,1.7890241247343006,0.5678189655883021,-2.4864550458399006,-1.5275369957533769,0.5056728269229098,0.27005591213981733,0.15558409353984592,-2.0721037328185754,Dirtiness
0.1803744761277681,-2.631537247360876,1.1969140946697885,0.7216645514047306,-2.164221916277413,-1.360187826836645,0.9791418827990034,-0.12331333687631435,-0.05964069380520509,-2.168451036542538,Dirtiness
0.39091591222143607,-2.0359077684080082,1.8371264181307263,0.6994091648630507,-2.5076758227565676,-1.7145685692562145,0.9429670885761923,0.062274141983823,-0.314138468387204,-1.9400981051795934,Dirtiness
-0.9721884693175534,-1.9602736949369526,0.9578756865703699,0.20437624057308343,-1.788731766142479,-0.403468521327514,-0.028927967808740532,0.23909746477483113,0.9698357105348444,-2.117058331930094,Dirtiness
0.10090154804786927,-2.61447217039417,1.1756847437379823,0.6131978459187915,-2.1676426154566215,-1.1863416782830103,0.6036832639081271,0.05495385869806637,0.28681133111841167,-2.202086517121385,Dirtiness
-0.030501219737861403,-2.2969047302725087,1.388977043274336,0.5835589365406327,-2.265940984847389,-1.2390727637474177,0.49471387304058634,0.19490777704226567,0.2928616596287218,-2.105740948064454,Dirtiness
-0.372523630576207,-2.4779135380015997,1.0501960622302842,0.4402803605822349,-2.0713820767760733,-0.7968859744696825,0.08852214732973053,0.26484660483181555,0.8692378285617107,-2.2480944641688807,Dirtiness
0.5311041106731811,-2.852430099237269,1.2235592368078212,0.540751894994525,-2.2479943244658984,-1.3010686577655792,0.5214244088757471,0.18378227437504005,0.3333496177640251,-2.269820173985015,Dirtiness
0.0453274569908275,-2.7426988449110508,0.9107096431176328,0.544980256945731,-2.0572536242409947,-0.9717620375889321,0.35256124300991404,0.1207991533145574,0.5899887251057268,-2.3153658655936997,Dirtiness
0.21827495804062452,-2.4209427286125145,1.6595084805302822,0.4580411376565964,-2.5231527626453207,-1.284837173129577,0.21414819139166472,0.39790172758515807,0.5926484953051985,-2.142930625009978,Dirtiness
-0.17446678167287377,-2.6221664710084047,0.7293188476066945,0.4487018591482681,-1.922587949688649,-0.7202887040886427,-0.0014587965796347521,0.2550102733904828,0.9068239007830046,-2.361218049077523,Dirtiness
0.33841184594108065,-3.0416427089726668,0.7953036434983531,0.5272523589738815,-2.0317950694738327,-0.9966317853187477,0.41427799339236004,0.08102168932590639,0.5634031593378865,-2.382223012134172,Dirtiness
0.1395114481321027,-2.7134288336491608,1.020722104092941,0.5635608494681861,-2.146982456483027,-1.103831425468369,0.4816721581496621,0.12363276515203339,0.40427772369555276,-2.242175896029845,Dirtiness
-1.8228031964751696,-1.6742492097922108,0.9472870284444088,-0.12246325371849358,-1.6611673326099907,0.05690745887946234,0.4621652468660819,-0.16088054421225995,0.7386506727337663,-1.7738124353190359,Dirtiness
-1.9316784612484623,-1.1727516760377883,0.714033164982507,-0.23330166223137905,-1.3630508266381403,0.22275969404689805,0.3349228050302756,-0.12782872214349067,0.6954058867689589,-1.7541883693567617,Dirtiness
-2.0924452274446486,-1.2070898597348148,0.8683641209787413,-0.24964585732819972,-1.4751980403125557,0.21480285696049473,0.5167111394402435,-0.1746736535816935,0.694228871248403,-1.6928698572464833,Dirtiness
-2.145165014175449,-0.658501766210319,0.7690874981486268,-0.34031203624497414,-1.1995348170241797,0.25064366214444955,0.7460617146098999,-0.42340589675441714,-0.061251982838640535,-1.5308469199917858,Dirtiness
-1.690427705210326,-1.2430531999918708,0.8751093131448309,-0.10868064590579186,-1.5268153281620787,-0.04595668183643588,0.6135173760222813,-0.24467819114072006,0.2513688712204157,-1.6877623285594674,Dirtiness
-1.760039030228451,-1.1884975245501381,0.9314959536313199,-0.20839537856086957,-1.6088027693772178,0.09385019780952675,0.037466445959879774,0.14822651676500015,0.9247603774330996,-1.7928486305624378,Dirtiness
-2.2258971798480824,-0.2400788836394436,0.8225530558801566,-0.5035076650408673,-1.148566590313377,0.38670303897160097,0.3175384921290429,-0.24713337914207,-0.04710844585545195,-1.4885147119057702,Dirtiness
-2.1715653246561377,-1.1999191874504256,0.8379384126830132,-0.33545405247898014,-1.490986159199723,0.34621231399723623,0.23835996239354723,-0.0696768165169324,0.8924287050404982,-1.722244054164763,Dirtiness
-2.028402925021616,-0.16862684097489936,0.5316941130806033,-0.4786137460128575,-0.9332563754453203,0.4149215489653675,0.31094534918446104,-0.3752582045071089,-0.39737821771339366,-1.523167127638569,Dirtiness
-2.0471883974301077,0.14691571923198626,0.14427092538179226,-0.01796237598073431,1.2651875583403045,2.598284595865637,-1.2421743980733018,1.6827147410520864,-0.05474746235549048,1.3378262491450192,Bumps
1.4334810651642431,0.7423451283542529,-0.34986650834326205,-0.00730641372624406,1.901174288438179,-3.089428956063047,0.25899724154364817,0.33053647874642966,-1.9379914712292152,0.1467594710818441,Bumps
-2.767075568851797,-0.3352247277909337,-0.5924684425069927,-1.3344025433157631,-0.39024758394161885,-0.21149883123079857,0.8477861253477723,-0.14771031904766643,-0.3936163529134058,0.17353652556078622,Bumps
-0.28194510815513385,-1.9011695113299354,0.9278591034149455,1.5434624836327402,0.3807509172940522,0.593934014817769,1.1808503229078107,1.745436615272242,1.0946481440064204,-0.4874899713549014,Bumps
-2.6874214293125953,0.08207550414650215,1.0543366186186895,-0.6572163305183093,1.4065602566151196,-0.03148053207084968,-0.549798259975289,-0.3440037993308641,0.5785475402778124,0.44655932965830314,Bumps
-0.1083028919983531,-1.7952833862342907,1.3530646338556143,1.1660314639520197,0.5055569744875967,-0.666883064539939,0.7349815197496374,1.9077078180408429,-0.8136892909757595,-0.20673460404229935,Bumps
-2.6045473643149224,-0.43268154674746995,0.19038340843688287,-0.9921085807928641,2.2166093794444204,0.34566162964672487,-1.1077634925439037,2.040666283781185,-0.22007314821182927,-1.6982894729693914,Bumps
-1.0818737684248378,-0.673445933383221,-0.26819465725685515,0.013918112666880728,-1.1719419395015653,1.018031020288375,-0.5658020963587393,-0.10392293363946735,0.9958788133242775,-1.0628228304125478,Bumps
-1.8569242630644014,-1.1740199595976002,-2.2854127448510386,-1.5783017497012346,-1.540588016502164,-0.32495223659183403,-0.35112657498156524,-1.2405585316066945,1.4046748505827733,0.9213921960891865,Bumps
-1.0507089641546257,-1.5874669702920254,-2.0584900169293556,-1.152971311201219,-2.0742875172450055,-0.9351998765006649,-0.47694770172045325,-0.7090653512309918,1.9052366800190434,0.4961307756145211,Bumps
-1.6190294570125663,-1.7685113150712009,0.3842965682109982,-0.1557374399397029,0.23367149613909224,-0.4736802672960009,-0.7918959741760612,-1.1876003120556584,1.8421307811505239,-0.15685851894600558,Bumps
-0.6749670358099837,2.2461243110262603,0.28825730530037913,0.8615441709670263,0.8912892802662458,0.07126861330547264,0.5547866970121431,-1.4669772448673069,0.9379232347760669,-2.124457024346546,Bumps
-1.3307762324465837,-1.1288286140313957,1.3310938179985927,0.7571593916782479,-0.7508128935231676,1.1212045599503828,-0.5503620312807601,-1.065791228920802,1.9885233049314315,-1.4919241949351427,Bumps
-2.4324353927721667,-0.11382596457302577,-0.8414238874062241,-1.657974911276572,-0.32805347052202016,0.02182716122295933,-1.1573193368312777,0.8894217362825224,0.002391054520167844,-1.2016524679667313,Bumps
-1.6926130440283225,-0.24189075504087224,0.013732809705888884,-0.28297105332546685,0.0709468224472288,1.2305466860740728,-0.8783599078920143,-0.554021816648891,0.21932325520953277,-1.5398018755708287,Bumps
-2.0542149499640816,-0.9922760504124286,0.1625797480585579,-0.8712981802735337,1.5477445331871886,-1.1334548850259436,-1.1004849684883584,0.2820312872441753,-0.12618807277369226,0.25036744875300315,Bumps
-1.9901715700736327,-0.2635428131121951,-0.226602929935251,-0.6018762431055389,0.8641205305518136,1.130889793325153,-0.8920847417300334,0.9873981193328215,-0.8713635156635537,-0.21633218801956072,Bumps
-0.441230948999093,2.412080924088975,-1.1651563282982,0.41668627780028067,0.8301135269583535,-0.6528022597455166,1.3411477492503396,-0.3887610385053799,0.7560662473462876,-1.9932935921172705,Bumps
-1.3868177277488225,-0.3081049897013785,0.34252484472815925,-0.11714158815668758,-0.5665355238774271,1.1297413182817744,-0.8060338731518965,-0.2958312887325955,-0.10207213334934213,-0.9382122828383911,Bumps
0.5879764431367652,1.4976711415767645,1.0407903379838708,1.603217436213821,0.3797287661511289,0.657264133151208,-0.208686120808035,-0.644003111164057,-0.29300374448656413,0.12048151994282923,Bumps
-1.065352406749989,2.1849473488944935,-0.33295525676578336,0.07261301956727655,0.7310211054809356,-0.6361917037422415,0.6087230438028992,-0.881114037846436,1.0164295703204462,-1.2412791214483414,Bumps
-1.3962154749687288,-0.1140540747103284,-0.43133597429746257,-0.5589233594509063,-1.1787785800818353,0.9238662600606458,-0.7640302541727196,-0.35732754478886103,0.24986999946150462,-1.5094294754969628,Bumps
-0.4094614364949016,-0.7271489159618666,0.3517429564956844,0.9706557758408266,0.1594187056656135,1.8135753325363864,-0.7561971617852055,0.05539470706091314,0.2855303341003886,0.2942973970797835,Bumps
-0.682331032458857,1.3823135243199514,1.0593123375347318,1.135213864423253,0.6052465049878755,1.2694448900725608,0.731162677411561,-0.6940881424912866,-1.1268241097531653,0.75061888204991,Bumps
-1.7342658800035837,-0.2652011783245963,0.710252128889011,-0.09480312844965362,1.108533881149915,1.0815310905741302,-1.0667476639721978,0.8660720040767982,-0.9473725608381715,0.14714292205476837,Bumps
-2.9361323918860824,-0.19362227498506673,0.24034667619022299,-1.202709494082399,1.259792746760347,0.09251234659027145,-0.6835017107068577,0.5016142744231308,-0.8929736863560691,-0.9609414258166732,Bumps
-2.5122186830169735,-1.5482615210560904,0.43481396818711904,-0.8217066339169791,0.568251378672166,-0.522694327192496,-0.4419880640446349,0.6444619237804625,0.19602063801250771,-0.928721969508442,Bumps
-3.0057515056008532,1.058341825043444,-0.6101709150995414,-1.1953908850597113,1.9684248540752145,0.20622093030034272,-0.17016744441359918,0.4294334365257193,-0.37053816615743806,-1.0764889900064127,Bumps
-3.1425764173909987,1.520151287841471,-0.4847717900378699,-1.6601897238348347,2.020453903234285,-0.2963297581257816,-1.0525565977067934,0.41029086853956004,0.19443007582688443,0.37588820901315156,Bumps
-2.8022057789085064,0.08073470198147034,0.5389592647489855,-1.2812820862294967,0.9186848924230944,-0.6024473449788794,-0.4226178203634957,0.14582156710168015,-1.4125283997568858,0.0245250232187315,Bumps
-3.0781600610306463,0.14019234755467228,0.2498528720557767,-1.5772121205967078,1.112890690349877,-0.6653024954272779,-0.7870503207832973,0.08614523879254023,-0.7522775838087703,0.710750651151049,Bumps
-2.4461118456467945,1.1355242863544035,-0.6795289330999437,-1.0924961646918612,1.7116409382720592,-0.11723889781770575,-0.08939733081907628,0.5731575464364017,-0.6938881223492761,-1.1380299977166997,Bumps
-2.96164603495311,0.8912957076335982,0.18873916107497737,-1.098360946126571,1.0631246127598337,1.298072075862847,-1.099104208021354,0.9273732565768276,-0.7774667235968453,-0.27972988168466795,Bumps
-2.1319635182899064,1.2824004494765102,-0.1366254173177376,-0.3330393899042345,1.2068621884485562,1.1712990011516604,0.30796255103230885,0.5307645570963105,-1.2714749154120306,0.3455037991010482,Bumps
-3.0000556317951377,-0.8470033433406544,-1.0990625455543208,-1.7183429695072456,1.8110270140016886,-0.8271620037463424,-0.4310724424662373,-0.8537725893010213,-0.6750132749135814,1.596200073009057,Bumps
-2.5234629993036375,1.399870059691308,-0.35266389647800167,-1.1528427226701021,1.3897588701527424,0.4824303545621362,-0.7671218567112219,0.9743164974313809,-0.722991692426436,-1.0732926794944686,Bumps
-2.052513376646866,1.273326947456378,0.5281450141669337,-0.3444000298895101,0.5764956670275766,1.7238623877552683,-0.7296827287607017,1.1204036531345825,-1.0313744613611602,1.1408003034271985,Bumps
-2.057243843375692,-0.3758888284280184,-1.5494802594264998,-1.6334402762632434,1.708953612550609,-1.085573613328162,-0.8034607085801554,-0.4713095244453226,-1.077797738387605,1.2599089473857907,Bumps
-1.8798157161740363,0.8260836176013143,-1.2159747843169573,-1.1600685515768392,1.0511273210119692,0.285215435107597,-0.6405085275470583,0.9818394121649904,-0.991372258705732,-1.323897175157262,Bumps
-2.7152682573164517,-1.1792729610780208,-1.8640360054502874,-1.93817838651592,1.4003151377122571,-0.7428859238029627,-0.8786389714401968,-0.4925586769981609,-0.1731967441664129,1.5057346920734764,Bumps
-1.8979730024487684,-0.3167547927090073,-0.15493702991804514,-0.31901976417441663,-0.2806212739621009,2.035296874584883,-0.9804365946549085,1.5268125866151911,0.25625999234144675,1.0362340268449475,Bumps
0.07272973331349541,-0.5426070252643866,-0.6756735658700326,-0.2208707453013245,-0.27228744742381417,-0.14483990608071062,-1.1876896396586758,1.3891076498375265,-1.6263138909335797,-0.4959406663255335,Bumps
-2.310746161334038,1.0288635734909004,-1.7282827037373933,-1.5561381145976065,1.101560535629717,0.05168652261592128,-0.265929628961071,0.6726154192706366,-0.8560159701959305,-1.01032343462079,Bumps
-2.815909831929661,0.09215971110434781,-2.2534367417829033,-2.214707053010901,1.5124451895258786,-0.6264563338309906,-0.7451966479933569,-0.4548158997784891,-0.5263114795637799,1.5905780560114755,Bumps
-2.813240692371104,-0.28540970932490123,-1.1056043155690973,-1.8260404373850219,0.34164939511043046,0.37393229286818247,-0.989030743856914,0.7116116580448557,-0.9568594515704717,-0.8382582000276295,Bumps
-1.7988821324281805,-1.7012862596869325,-0.2802361637741056,-1.1436749130182209,-0.9811889105085073,-1.242943197368598,-0.3094390378165099,0.9668228155705347,0.08869106887500885,-0.3980925925655342,Bumps
-2.4344130692877095,0.8943617338694486,-0.7410723483350931,-1.4305676347069642,-0.040417707107125965,1.1055406275907385,-0.956789525310067,1.2322855817393115,-1.077615165788336,-0.2128905264495792,Bumps
-2.800553224888846,-0.19893935198000984,-1.0953103435569067,-2.14828360184873,0.13779668744888657,-0.45325947270797873,-1.2068965552086812,0.4544072272463597,-0.5980317800930349,0.7109017651434297,Bumps
-2.4007266222274164,1.2718829551956257,-1.6153837237858673,-1.9604382082561578,0.40062947942497995,-0.9592168226476553,-0.17083630603612696,0.4892964763492226,-0.4020079501074807,0.7233797570680515,Bumps
-2.4967935755752078,1.5395166866441878,-1.1359988439829796,-1.3903261468913692,-0.05114451796627722,1.2173217075246359,-0.44944458129475107,1.308206459711425,-0.6360047185336207,-0.0924319246244928,Bumps
-1.7398086078926587,-1.790493998171946,-2.7246265536715826,-1.8862679821667312,0.47729889237636264,-1.0489261499528764,-1.0740957331393348,-0.056242652153535376,0.022389878987950196,1.1877502826057775,Bumps
-1.3771040868113176,-0.9810902645089215,-0.7301785306431529,-0.7321864149659316,-1.2570259288540164,0.2125273629777074,-0.0284356719360537,1.1963814897547624,-0.8903274547395319,-0.31677963124009445,Bumps
-2.4854223348001945,-1.6633806516996612,-0.07923410725862626,-1.0624926754035584,1.5735940925764422,-0.8303641419158713,-1.2478598494331266,0.14471636505893853,0.7442283970634801,0.3813593235468328,Bumps
-1.6934211763556046,-1.081976835277173,0.4801359967774226,-0.267488169128675,1.0551109013750615,-0.2472897830637802,-0.5336332890000111,0.7080373973225927,-0.8015581516473989,-1.317223023140857,Bumps
-2.221725726634544,0.5934129610641813,0.3642609312316522,-0.6498903291836886,1.662612289394495,0.8286971131044099,-1.1592778031923885,0.7860517410803007,-1.1191891201646418,-0.5664052027206649,Bumps
-0.8997115166291846,0.5558039027301086,-0.6810807169976675,-0.2558557830648741,2.0340373754678995,0.08302068214122302,-1.1026807821503413,0.9008276903404712,-1.2274504103724238,-1.3578510479024843,Bumps
-2.8714221333797414,-1.3478141666198074,0.13901209256258698,-0.9240782541357605,1.1327425033503071,0.14761868575109677,-0.6053613745878925,0.570171725946529,0.012762235817632332,-1.3589146860133217,Bumps
-1.8370277900689318,-0.21921351782785398,0.5395862379500285,-0.22083166174242871,0.8926961870009122,1.2655047340456618,-1.3532034146825147,1.1569591381778235,-0.37276781687573984,0.16649623448550338,Bumps
-2.6424827324651035,-1.359116677138775,-1.087652661041797,-1.519583674001832,2.1368465475989664,-0.8306191173157496,-1.1625381629319922,-0.6452539076863106,-0.12082500125439218,1.396302263558159,Bumps
-1.9348540487625454,-0.2655699898370321,0.32596309376135113,-0.17027944653160518,0.9713998009874057,1.9818098571623783,-1.3945515157836943,1.0216275380326576,-0.5437750383935698,0.7489363399242812,Bumps
-2.0430446384097505,-0.4646238323416783,0.764031944176579,0.19039641663860746,0.33210319794530785,1.8243537723232952,-0.39731842226492714,1.0429421749201258,0.012976973171945651,1.1491396623725372,Bumps
0.421742491641698,-1.3025994691323095,-0.547931198493814,0.785452968773544,0.8055099716446472,1.4271294473465912,-1.6534746318223112,1.3076887354262525,-0.813674682909854,0.61740917699512,Bumps
-1.6700470235016314,1.2479457449492308,0.09747698521686987,0.12463975897666049,1.0695872296800777,1.7321134778472724,-0.0645988872562341,0.7588890331539161,-0.9796409042337432,1.1204365208483924,Bumps
-1.0150721121307806,-0.2380355203240396,-0.013738937068331462,0.24505400135636926,0.7095870216454262,1.750989410587838,-1.0389855296673451,1.0885795343855733,-0.906327234598454,1.0035725647163918,Bumps
0.9053561666503063,0.07568611769514282,-1.302988271178658,1.0308497526301637,1.396498049505463,1.1292920488058464,-0.7529844161637059,1.186144264729071,-0.8431654285104699,0.5436974116866874,Bumps
-1.7801892210325823,-0.8478314883912113,-0.12706068692449507,-0.9495756067737471,0.6311470070004342,-0.7729377414317624,-0.820668573525942,0.6106155777323427,-0.9325154129480212,-0.7066134652956311,Bumps
-2.719970337063383,0.04542762660714791,0.15002935813369456,-0.9440062193680195,0.5995316685147959,1.2247268182905946,-1.172125456178845,1.2376063625387284,-0.005465636326487168,-0.3419881174194499,Bumps
-2.22214162693824,0.6931412481710573,-1.3243807511851948,-1.288454324506324,1.8249318738592313,0.19007813709628701,-0.6893608734535147,0.5371956187917997,-0.9525358850949195,-1.2381901134519318,Bumps
-2.1260238448677664,1.7089021601810903,-0.48264913061765297,-0.5749652296691644,0.9998604940659892,0.6028335687820399,0.01823833951099341,1.2770444306228406,0.2551974984635707,-0.4666715995624166,Bumps
-1.1280630889367687,-1.493533009460611,-0.0275789339460642,0.4524223882726656,-0.13649571081590806,1.442967667805991,-0.0503039334558122,0.92352383645734,-0.2675139643065575,0.8996681902933013,Bumps
-2.737456087386471,-0.7606290157244563,0.061482877943923035,-1.3869734092775063,0.26161440628094973,-0.32407961433955124,-0.9993470158457247,0.9605928428785472,0.23384221514832537,-0.5704440807127965,Bumps
-2.3248492027071044,-0.5462721028348975,-0.29171077336368023,-1.3829340474880898,0.5498953957766134,-0.40746268183720824,-1.1835428922601832,0.8682070350036801,-0.3367541443662895,-0.522868601955405,Bumps
-2.474655372150025,-1.4863883670748608,-1.081366777710282,-1.4535981084314882,0.9242471512202549,-1.1557522873272608,-0.273277770958642,-0.3815462093705419,-0.047751926266296145,1.1636592246142994,Bumps
-1.528438136375398,-1.1148804188271395,-1.1269615271463351,0.08735706641244259,0.3724239526705002,2.5465378381420356,-0.4803793139225987,0.9412572707493486,0.0037094738523024626,1.1290477413389657,Bumps
-1.2845773404886744,-0.421728835350571,-0.1800677447256479,-0.07311061397414816,-0.3735188496598241,1.5170264183548756,-0.6572970246302259,1.3437527955473498,-0.43617156546501534,0.9290041097652333,Bumps
-1.3458749028211061,1.4775977405536982,-1.3487407191172425,-0.8571495279967284,0.8180267952685674,-1.0578115043967156,0.16245664621703987,1.0274138161059108,-0.17222597846393473,-0.9366744489596065,Bumps
-1.6277519315560949,-1.0194573652647336,-1.2756207604116137,-0.005944703269001077,0.14234180190661294,2.492641997204737,-0.17187379832322217,0.9950602066880534,0.09843024273119017,1.1491103028866996,Bumps
-2.656885299182256,1.1372848881051607,-1.7379885971202793,-1.742660757233208,0.838111400884494,0.44127515035696996,-0.2720106062399396,0.7739584237293652,-0.9850301499646495,-1.2785326175966936,Bumps
-1.8199660611150767,1.1905739175587637,-1.2486329591319247,-0.8355081692385179,0.282230406474674,1.8470852688159651,-0.9260140583753441,1.4255460072046697,-0.3679121784681015,0.4769597278493648,Bumps
-2.4847479058702358,1.323544492150296,-1.3563789101003083,-1.8426384694712372,0.29621339645928335,-0.8509701964227958,0.21377388684623155,0.3468625129424856,-1.0012996421919398,0.41796161574179386,Bumps
-2.9486636870385183,0.5960754479256671,-1.5091887499078827,-2.294120968266424,0.2749384841716015,-0.3134750594450372,-0.7999806640852489,0.34586064645544273,-0.8648634458524862,0.6733376537983855,Bumps
-2.4469078550058514,0.3586128082147359,-0.9177752514633989,-1.3813457579014958,-0.597886199391638,1.5280409360794789,-0.9242643047252942,1.3519693469561995,-0.7604422179692869,0.229308546720106,Bumps
0.18317448383301238,-1.9962519156426763,-1.6565795995714703,-0.5767730080020548,1.8306349760268412,-2.437625834246629,-0.8064649200755095,-0.652046784529776,-1.517958007370396,1.2179632094477686,Bumps
-2.4962690276181556,-2.225494422730273,-3.5788945319346763,-1.7294257376273416,3.581302595337985,0.05034726654383959,-1.058300829641573,-1.1264665957565987,-0.00751223606023089,1.041356086082801,Bumps
-2.377122392863616,-1.7308975279862397,-1.94413654049895,-1.4272280672994035,2.2512558612034312,-1.0648378980206394,0.008075626722087418,-1.2064563221450628,-0.9305998215802608,1.5672998355341516,Bumps
-2.249620748900507,-2.4484996154142293,-3.4300280443722575,-1.6200763636673,2.9273836363241954,-0.3601424873439924,-0.5911335265503705,-1.0596893006466492,-0.022971943965701014,1.1052714298837094,Bumps
0.20087234218107325,-3.558159992385302,-1.9108975360511158,-0.7980538273523559,-0.304952262480932,-2.7734364265883076,0.02333195780294455,-0.055012253271753714,-0.03767364932873763,0.9807229240809953,Bumps
0.02960231792051182,-3.4454285214096156,-1.755435853701896,-0.8816281561538613,-0.4154307022310842,-2.6953610641840178,-0.20908316442822003,0.1400874048396602,0.14973609830560042,0.9612945583307176,Bumps
-2.655003514012489,-1.2599059115765687,-1.8623769923767775,-2.063796840966264,0.5847897960760272,-0.9910168973295655,-0.5366482099619259,-0.38028168727919703,-0.502684430806515,1.7040668673390627,Bumps
-2.745639753202909,0.2571143161226822,-0.7479951812653838,-1.7131092499789404,-0.46767137623134875,0.8819846653861142,-0.9512229862946477,1.3387002167398052,-0.8920615265759692,-0.5958917715057792,Bumps
-1.5349590835435347,-1.9607949191141776,-2.2180517368732016,-1.5714304618766561,0.04877909312143776,-1.497026119017712,-0.5679568476041752,0.08299997469935749,-0.04617779197733221,1.0828836022956485,Bumps
-2.6678530120217694,1.5755332416673622,-1.668659055744865,-1.818190845443537,-0.057843039897021026,0.7862917322567914,-0.6653768731491462,1.7169360883894578,0.11603384576499985,-0.9977306288848214,Bumps
-2.808622396100609,1.5353239150312628,-1.6260125989188188,-1.9295749336712977,-0.02059428973164434,0.6935892829514229,-0.30140148461706284,1.3178978405211281,-0.7915051720323524,-0.9647118138005912,Bumps
-2.0479829266694938,1.1087851458540823,-1.1958291711658828,-1.044081214435898,-0.5650708538243298,2.103869909706531,-0.619081445475215,1.501345091292489,-0.8855618798683017,1.1123646969674732,Bumps
-1.3190844133304682,-0.4287721561761581,-1.6695372230743786,-0.8931923133081624,-0.7178544456918577,1.4447093369556643,-1.049112808446064,1.6772662809365917,-0.5252771115336446,0.16391833140212528,Bumps
-2.2740383605286962,0.8885319420097749,-1.323911636473455,-1.0277940268929469,-0.5489309746294703,2.4225608555955604,-0.5489176652608998,1.3868067769069878,-0.784429576509857,1.2652663044964212,Bumps
-2.763024845759883,1.3346688226610415,-2.2385524711030573,-2.091058175110479,0.2456242330432127,0.6125584094549171,-0.3955404580275085,1.2041035591275338,-0.7364715373771248,-1.3029220321471473,Bumps
-2.8080884944254505,1.0846148843173962,1.0873073613134525,-0.603486022112302,1.3113454684902457,1.585005144871415,-1.4403329359468144,1.2206778791512325,-0.4091365945897391,0.31880410479683396,Bumps
-2.333407982692332,-0.4080303900937341,0.5585572387023211,-0.45427955136958426,1.1332880684832005,1.0842042779134047,-1.2089861359066403,1.157744916011585,-0.067834868038556,-0.3813435326927717,Bumps
-0.798884814522597,-0.9091164751330493,-0.7084921482163403,-0.4541525070526292,1.142552903483613,-0.20181039164598807,-1.6495751220350034,-0.9575821019204186,-0.3418809768166706,-0.16197196323671315,Bumps
-1.9830809600968298,0.17478158719289202,0.4993157061744865,0.09635291420580482,0.2084797257622542,2.012120030576662,-0.26800446001587586,-0.5316738904124354,-0.28784042285160694,0.05032968804004148,Bumps
-1.9140260703627507,-0.005799319846434711,0.7047524556176955,-0.5106229294646635,-0.8089863875292419,0.3228244134223803,-0.5791292413953303,-0.7240760617324349,0.0956162419193032,-1.9508546483032843,Bumps
-1.3772545694633653,-0.9865043550657044,1.4477789570163608,0.8262182897618305,-1.8918319319330277,1.8423117574197023,-0.15216568371479877,-0.4667174927744249,1.586148628763941,0.8509778710905143,Bumps
1.4485146037643086,2.181307521484645,-0.6258135789752886,0.6209706372290026,0.020905942419342446,-2.5901849341579353,0.6345455815540371,-0.8995872821332432,0.767003807132736,-0.09726865954162583,Bumps
-2.6608439921353804,0.5498936056426585,0.00023189714287072134,-1.170228109392299,-0.13032418441531116,0.7064835232148602,-0.9435690568990739,-1.2628599403741905,0.06684550083790451,-0.6922974999238014,Bumps
-0.8930668627146987,-1.420629125096552,1.107197672361724,0.9605315091012737,-2.0373525098327514,1.6316371794778928,0.03316776835605755,-0.5592062196683109,1.3237248596481002,0.7353103518483207,Bumps
-1.828008692162738,0.18195527499023958,0.6404727018843456,0.14059036771914976,-1.1254955657472183,2.555893523636408,-0.9970816956533128,-0.5058968923651719,0.930556609907996,0.78211217985196,Bumps
-1.5210897338478537,-0.01881088055856772,0.6105105832577271,0.15317016715075674,-1.1859080266168702,1.7156766270104233,-0.4387511230472076,-0.7098554266434882,0.34649671282207467,0.1288275243009103,Bumps
-2.4178212938710857,-1.3604533840018929,-0.029762776193856172,-0.9565153535463369,-0.8006655936323702,-0.3829960422342961,-0.6499221162452499,-1.6786954148502045,1.8607470878219161,1.0021763760535596,Bumps
-1.8838580529803324,-0.2731462044083356,0.5544935852105362,-0.2639536474969659,-1.2055933807424783,0.8991282584424227,-0.10813143282699408,-0.8994962353408421,0.07840122437640241,-1.075715516964933,Bumps
-2.21964076334315,-0.7469562033433244,0.336626716684228,-0.9498898921113317,-1.0391026259148308,-0.6766855061773769,-0.5997165757087272,-1.562091784099293,1.4230646444818444,1.1386196922754503,Bumps
-0.9229666423248902,-1.4149531876334653,0.6297825083279438,0.8302063698703745,-2.102214145828618,1.8184710126711285,0.001871808196400958,-0.511410028989662,1.4973917133551715,0.6782504226284084,Bumps
-2.3987228211438736,0.532581326019416,0.4658277442838534,-1.0869872913338168,-1.1109928078568718,0.40396415670141705,-0.7342981267774057,-0.9767121443350213,-0.18571591810533683,-0.9553898951851891,Bumps
-2.261229116728558,1.3328649290144312,-1.1400461578558454,-1.3052546409470858,-0.5387685350982387,0.950215881945512,-0.4851292726452201,-0.7562977133029181,-0.20812621692986236,-1.777190875771141,Bumps
-1.9297315649012565,0.0016327619679207292,-0.3094394803803883,-0.9045701644748186,-1.6135614587180516,0.800002229726598,-0.45969161076425924,-0.5316767754271964,-0.06307073017173483,-1.4885604043568863,Bumps
-2.3758849714218604,0.424141960027734,-0.42006653286147544,-1.5268717410994175,-1.4033904238685557,0.1137396897419209,-0.7177536776326763,-1.0513699539519679,0.014551748348476177,0.05706938563486799,Bumps
-1.9027531810938565,-0.32822814715043164,-1.140306217368859,-1.4139863573067397,-1.5612186140500013,-0.5617679513424123,-0.04586451953864293,-1.8653617495062773,0.06377939343710244,1.2871099690052725,Bumps
-1.940905691130237,0.8312494933956754,-0.5514344869095104,-1.068871067896334,-1.939605950077258,1.3603356177706107,-0.5536401502972105,-0.59483868251455,-0.5762293752426089,-0.7548963800739156,Bumps
-2.0012699036465116,2.1956273529946366,0.13996397919171083,-0.9409350103653965,-2.259987393807838,0.6850713577113343,0.21089475474325464,-0.4790251123452336,-0.4463951336125637,-0.671640658446191,Bumps
-0.06164877853849294,1.7048219647543625,1.2121727935742903,1.1340788140996505,-0.22505491890031898,0.15273775712098941,1.1636164664917954,-0.5441396017089395,-1.6447921694795629,0.42165360454154505,Bumps
-2.7856839568853826,2.4591687783863008,1.0399457090601811,-0.9736434895153231,0.1144352074894228,0.4470480069786093,-0.5416017767465042,1.6042889850513096,0.0988535280229699,-0.19968324648470645,Bumps
-1.6549644621443549,-2.7120497820181226,-1.0750908612289345,-0.9651357395843828,0.5996278245286671,-1.6559077371314834,-0.37419841572571155,-0.31075435927748957,0.6270353185019796,1.0607240225695416,Bumps
-1.5343502226281833,-1.3118657589824412,-0.7990776950160431,-0.8872081321765795,0.593566580961101,-0.40650050635968604,-0.8403684748627439,0.6927066486155186,-0.6347644363033221,-1.224850146594363,Bumps
-2.6004572918366087,-0.7982462950501936,0.05873486253833685,-1.42336870356619,0.23440097143380695,-0.8414927466098174,-0.7573423718172346,0.31993077943107634,-0.11832282003029258,0.49704973873180636,Bumps
-2.1229404800660863,-1.7782890948031553,0.1663897108152353,-0.9639141338118267,-0.22524973947758378,-1.3813030526981442,-0.03854569999262729,0.22515997581359115,0.16193936887171426,0.3263883212595276,Bumps
-1.502828483362506,-0.192699711154702,-0.8969066330794112,-0.44030266712371036,-1.4183335061445657,2.0031095388240345,-0.018194355460262292,1.1485311474074251,-0.8698000729368986,1.5033750650196052,Bumps
-2.0201746635812188,2.025690583087918,-2.4272098479709037,-1.7499967330915538,-0.8881237310002218,0.2975935841279731,0.17235028582322184,1.7914545792454126,0.21677018512386692,-1.0613044333496884,Bumps
-1.533133574640536,1.7863957831417567,-1.6800102161502222,-1.8951362452571354,-1.580834256490002,-1.9523127064508572,0.6302616595601473,0.7931029998225879,-0.6101803685301221,1.1911006835514653,Bumps
-0.8105395045655307,2.638827545619743,-0.9364487561207102,-0.4509512853708124,-2.3208774188736103,0.267419878087827,1.2652462869935288,1.8545677637397358,-0.5180838774408356,1.3209927207986811,Bumps
-2.2558246213065973,2.6602517523437426,-1.8547881212290849,-2.1363757935864243,-1.2715295568021063,-1.577994112126318,0.9344226242154616,0.9054343473986597,-0.048730669813077915,1.2105664440074224,Bumps
-1.2885948616002187,3.422714445509561,-1.4401313874200388,-0.5863533789043966,-2.0362034669176756,0.8209219454812933,1.1850858621828042,2.3723774692216613,1.0498208468582155,1.3599211882741467,Bumps
-2.5132384694749645,-0.13956928267943147,0.5709485994194586,-0.31416639627098575,1.1365811542169364,1.578807033737707,-0.19587196677482335,1.6664507241938435,-0.7764400144990002,0.659346015986074,Bumps
-1.8442664596943268,-0.8979935233537132,0.1646494905788917,-0.8375092279507548,0.44848575366176713,-0.8367992095113256,-0.71839449524526,1.1455998377595467,-0.2472006757530467,-0.7557853969909942,Bumps
-2.425863557174254,0.0027442720154870113,1.0839538942953746,-1.350629526630423,-0.08145585215637471,-1.3380777248248161,-0.6412164312606157,0.6956483861441486,-1.0603350920010528,0.8071061442179739,Bumps
1.151893831897782,-1.2991459349770855,0.9937113904868464,1.0247876813795371,-1.1095226738037172,-0.6679351968789001,0.3195346233961877,1.6243840898763209,-1.2632299027137692,0.6254895939868983,Bumps
-2.807200727301379,0.438583314393565,-1.0478138099282859,-0.8758474760915953,2.8819153864811486,0.7921919530473632,-0.0179121423291101,0.4041660247928852,-0.7847774162512484,-1.7557372946102905,Bumps
-0.849687017076594,0.13909221512158806,-1.2983032409055484,-0.31599394805511044,2.121180535757158,0.10376209732008893,-0.6266166173241688,1.267007065810275,-1.2314890568121826,-1.3413020485589164,Bumps
-2.9190005804351378,1.0951314682985025,-1.2768636297800091,-1.7606859986450605,1.45831969851463,-0.1569882946228328,-0.3623274373203828,0.9491563858084836,-0.4130028700436001,-0.15431589880629382,Bumps
-2.123377782932204,2.289280304092513,-0.2728087852749802,-1.2573876828387105,-0.6550690429624664,-1.2190444505782496,1.4054117788548495,1.3035138710396788,-1.2019749560705102,-0.513272091924179,Bumps
-1.1365342617797602,-2.349360251675399,0.7706599946439439,0.2443725684449493,-0.22430867101019875,-1.2345311294441197,0.38409617053117906,-0.8204114759813351,0.8199024187513462,-0.031247419463387202,Bumps
-0.8647615047659072,-1.0887086961757928,0.3655745408335363,-0.008941632644040926,0.16349229511012692,-1.6211495715393636,0.5005250323845706,-1.4436812430361432,-0.8185018367053046,1.1258706870756547,Bumps
-1.3769437483009643,-1.6211425135607902,0.593598084675644,0.2746744862978409,-0.4659458819065553,0.2871707155631073,0.4488149913227988,-0.16378382513263073,0.09705717367303697,-1.6262071872441048,Bumps
-0.8411034524057306,-1.675076743083116,0.01443835633415227,-0.1263534300565718,-0.15942522760093333,-1.2279536660380241,-0.26743375915120987,-0.82977819137252,0.24369876590512113,0.49938226495251936,Bumps
-1.999713229994457,0.30145361151211436,-0.6956264088762709,-1.1589583381899846,0.6198274526327444,-0.17322940583397167,-0.5735206749283508,-1.0270794255609392,-0.32006178290979653,1.034884337450355,Bumps
-0.8519503135620962,-0.9555575764302808,-1.238778815063711,-0.4293127447650156,0.18521197026359282,0.6605258414168171,-0.9713454284152733,0.17038126964757638,-0.46075153614541836,-2.3994737904593153,Bumps
-2.2902043930014973,0.5008433822904222,-1.0299736096815766,-1.333304458310236,0.38946769596076247,0.26133170346138124,-0.5071884175059952,-0.8772254196544168,-0.20060635831228107,0.5873924434949618,Bumps
-1.9867908977050237,-0.9735793493492813,0.1366967701067292,-0.9246952333890966,-1.0360232228775534,-0.959160770830127,0.20343081042994393,-0.8653268393631012,0.339464594732565,1.3569107763179793,Bumps
-2.2526137403453763,0.0008305361931404178,-1.0204713256734974,-1.3609782272075286,-0.4482217984977455,0.6724639441290339,-0.6267207148200472,-0.1644654607184769,-0.13160673772220702,-0.6627077857808572,Bumps
-1.9199881707941377,0.709453088847267,-3.4705922899269956,-2.2805267750763307,-4.563248283684098,2.066485246091749,0.6708261547852158,0.8038896205278495,-1.0543669210914293,0.3016021594756383,Bumps
-2.563182148366532,-0.5770910532649877,-0.6517342396186198,-0.8968508694386008,0.11064242513309604,1.2327040460997571,-0.036288511670746565,-0.01929876901789146,-0.15734688137173314,-1.8846893985453594,Bumps
-2.0170462782651617,-0.3471517221870471,-0.3526570599229781,-0.6127803532323306,1.5023902104022158,1.209825543051221,-1.195383422455286,1.0400751709479752,-0.6584460915222549,-0.7813748238216259,Bumps
-1.669594860174139,-1.67684491287552,-1.250394117721371,-1.1185358422066176,1.5147609243050522,-1.0529611064951792,-1.1686495456604542,0.09102464785296562,0.20010768162813056,0.5975589028278826,Bumps
-2.8492507993215437,-0.328870957450056,-0.4861504380257524,-1.4059188306355122,1.2123546146159268,0.5120096273543376,-1.1368770776106591,0.6749286717597479,-0.6756424821343067,-1.0885631199615513,Bumps
-1.995408485907455,0.2002817032593493,0.010318681672470903,-0.1867034060003027,0.6959348552486535,2.0962750391550626,-0.8322916261161536,1.1805827770628987,-0.2834134648230488,0.8765104264309194,Bumps
-1.637118541740849,-0.2802035005536162,0.050756785703341155,-0.27379507918909585,0.0737445782420489,1.4816530952119946,-0.9141768495495952,1.280837538847796,-0.5461775173764126,0.5260184496820928,Bumps
-1.9557954548275385,-2.9454456826621485,-1.9839909281304784,-1.1746404255359524,0.9053053769598024,-1.333101455994139,0.39178453537120206,-0.7969627266709769,0.09553359207746866,1.2026775757218169,Bumps
-1.830614501096722,-1.7783961074353796,-2.2020851828786263,-1.4937680291189694,1.198505986166336,-1.069358967713273,-0.5521038628770287,-0.43998317763556866,-0.3020074806821911,1.2059323140363905,Bumps
-2.677062932191411,-0.7349190778589685,-1.0814162749515086,-1.472594628628795,0.2608590835408113,0.18549121079412298,-0.2603948307412345,0.6121722665934377,-0.5645255599037025,-0.9554310473484443,Bumps
-1.9848187514753572,-0.7061919106290699,-0.4197503349033546,-0.51090535169387,-1.3429313812964676,1.395515066517251,0.27594738684160625,1.2682733857099764,-0.171185003897401,0.7512328448228665,Bumps
-2.4900836787875007,0.39018008640667623,-1.6724954567553072,-1.8340900704527423,0.02133729011291314,0.4897356528873338,-0.39272326619448517,0.8144217439423573,-1.4864851868654012,-1.2379127995948402,Bumps
-2.4397956466775668,-0.6478900182990143,-1.198846424587812,-1.6177371942451848,-0.6525002152371154,-0.15307432674238153,0.09356706507284918,0.8623923014187234,-0.6728587684337267,-0.8324607733461697,Bumps
-2.3006449602743833,0.8477667905993834,-0.8859186361494544,-1.3810631891771408,-0.566652748169542,1.0011025962095836,-0.26858125294869867,1.0852120105435972,-1.4580097350063703,-0.10061270331220705,Bumps
-0.15299272738872455,1.1860932898597187,-1.703246561306685,-0.14288124281266892,-0.42095779581783577,0.7324952211799994,-0.13098635148477591,1.62210622629132,-0.8889686459409696,0.31276691336515644,Bumps
-1.8212610040218549,0.35736274958601477,-0.9285036876414842,-0.6560310165793536,-1.0135961299676948,2.2933841150933287,-0.42055028402469524,1.5022751654564186,-0.4990848131722392,1.4708293309773137,Bumps
-1.8038105104756623,1.9893225608830891,-1.6735069069364243,-0.8141381983768479,-0.38426280608003827,0.9794471912387003,0.6874678571833331,1.5322263879285485,0.1401335514084006,0.1409846023329191,Bumps
-2.6821365304395615,-0.29670894265319125,-0.908225567500201,-1.5225622231791869,-1.3632082666896548,1.0025623484890904,-0.34879544871077034,1.435931594819115,-0.22244996989966503,-0.3638984247923544,Bumps
-1.414164573073367,-0.3810227436983861,-0.6791328420804532,-0.47973567125225475,-2.1058616768681726,1.5884192411180398,0.10010117295721531,1.6109797553353267,-0.42181551848836035,1.3951637994047699,Bumps
-2.4416537504679123,1.828943395148426,-1.5256413015769867,-1.5200168527988203,-0.8969659037514177,1.570785896785487,-0.1981509719860444,1.5896798530234653,-0.4678625497314804,0.3304009374038359,Bumps
-1.9475509883565127,-2.170899774378281,-1.0670283001505048,0.66686903382631,2.1171025659108564,2.3311333227000492,1.7122540350200948,1.307199258496213,-0.5735695045757966,0.973174489284915,Bumps
-1.5752138267364286,0.7306542304660165,-1.9159859953893212,-0.22251375737670745,3.3084015790899657,-2.3895496344925142,3.0909241585328298,0.510677400783914,0.1777837780205753,1.154448870386767,Bumps
-1.9786377430014193,-0.9680779281549496,-0.04619403327773118,-0.4633770852093941,1.060699351694483,1.0293576942509384,-0.6162475870076698,1.7595167596705756,-0.6030923967243953,-0.2250554474424074,Bumps
-2.6373981496530345,-0.3073140892510955,1.5028435504382738,-0.9704704610587656,0.03974190478835556,-1.025567318456443,0.2504057680509588,1.527186894050621,-1.1135635278546319,-0.44557626983380777,Bumps
-2.31212356218105,1.3504168068988582,-0.3628216247166988,-1.4502113797368414,1.399831097790589,-1.4278038346200026,-0.7252768500237833,0.380174262044939,0.13053012919966273,1.104772552292958,Bumps
-3.0348993708906087,0.8918137638222039,-0.37366393310832113,-1.0978159752239192,2.4397104552266717,0.2429659152682169,-0.026338452489183355,0.6613051321076729,-0.8015836658939246,-1.1343942236800726,Bumps
-3.3411024070607467,-0.3940554422323281,0.9031903920233111,-1.2527535807861412,1.2755450865680458,-0.4157905783628198,-0.46127454808670704,0.659460013976265,-0.5265915441290101,-0.03601555920633314,Bumps
-3.633379706984503,0.9439576521222363,0.3083757679601275,-1.6236306800240112,1.9170928073942657,-0.08718653614939531,-0.5474268779835172,0.5555086832674314,-0.7522446372303248,0.17029344420518078,Bumps
-2.9683482868585074,1.054032390069377,-0.5438300968143109,-1.2038619070779804,2.134520544462739,0.09066505770146503,-0.06950974217713433,0.8891547950690868,-0.3592788631869599,-0.9720356552941092,Bumps
-1.1154360356057391,-1.3971906366537892,1.1401328812176463,0.29613064519140125,-0.0470685620141756,-0.5758473937082784,0.0030292944635346,0.7189143667970679,-0.7250550175882672,-0.9962924444380185,Bumps
-2.888303761802894,0.08539965988519121,-0.41235028169488513,-1.5172603196943606,2.0165197643119854,-0.4238147337854382,-1.1738532436861158,-0.45215981923152937,-0.34004762728238275,1.0274256311453729,Bumps
-2.0118088531376643,0.19924014736694337,0.4990392163701811,-0.2861803018602068,0.9234544371685438,1.3981420566933196,-0.8084286520243091,0.698141213834822,-0.944485631953551,0.23133708133654252,Bumps
-2.449102622168003,0.21880504883816343,-0.5364288503108219,-1.4137460712572962,1.7299793606571687,-0.13425077663065427,-1.5277284182406863,0.16252306422409166,-0.3982087412944278,0.048650224084329265,Bumps
-1.9455185913512119,-0.7556369864421402,0.11809738352291937,-0.53529291026081,0.7485328910206785,0.13313313453597936,-0.4773575265816243,0.48733300825300657,-0.9467486038698273,-1.337467474216058,Bumps
-3.067464697442516,0.0005895572714915756,-0.18089819504058824,-1.2976522633787084,1.3077356170479784,0.6543350228875613,-0.8231394464788591,0.37822529614939004,-0.7490030809135647,-1.2350849180531047,Bumps
-2.5068745733430347,1.1591089852668748,-0.1300363522629598,-1.1571515555464176,1.3217469281633547,-0.23998307501148808,-0.25358263038356205,0.22907727725102703,-0.9997161166486789,-0.5918457625124415,Bumps
-2.6289034527683524,0.256285843044989,-0.6649482928597358,-1.519070553518477,1.620000662417309,-0.6475243569638417,-0.5631578017376119,-0.5297586593799211,-0.9145368291204581,1.0183815496153406,Bumps
-2.319638217770818,0.28616247509015746,-1.8194237862513196,-1.4775954616815643,2.3621544285815017,-0.5796784284945388,-0.6844607949551506,-0.6139240483679367,-0.11505830635753932,1.019262810670606,Bumps
-2.507597845833337,0.2701793274979124,0.344065687071923,-0.6230631105567128,0.4831721929987458,1.5621614427724857,-0.7373620444247909,0.762202738585154,-0.6914164320844367,0.2228114950917854,Bumps
-2.5729487897047356,1.1684378141109086,-0.5803374173986595,-1.4382135776314358,1.4848710864801027,-0.5589528887810784,-0.40748444658652916,-0.028135551534706173,-0.5721771547620952,0.41640427331951385,Bumps
-2.717154594799193,0.7129738654072039,-0.007810819853606865,-1.4491413864096492,0.936493307283124,-0.14276179894340937,-0.7532401294699582,0.2548511627819448,-1.1068861426664847,-0.24049769074979202,Bumps
-2.696802833407855,-0.20653331100351136,0.1579706345234516,-1.5068451868686619,0.5401608296228144,-0.6501083217850547,-1.1104695111627574,0.16731311837265064,-0.37077078762044824,0.6541552435436392,Bumps
-1.506570275317857,-0.1681229288648157,-0.15877409196770323,-0.006478741525014097,0.4614107577419375,2.225335070995286,-1.0796781798104698,0.8945560222690918,-0.5873611129578208,0.9992059286868612,Bumps
-2.6389737221850367,1.1498525860238242,-0.7866519481081067,-1.1774131817763862,1.2863830620992167,0.14912172830770043,-0.11623649236562249,0.48286067249107867,-0.26092620492631,-1.1164146014871923,Bumps
-2.8478497165772776,1.5947309518454515,-0.6458169311198603,-1.2732367940171525,1.2044593984220833,-0.025165601801715988,-0.05383811361730348,0.6183611476931418,0.22555252011041219,-0.7806430914418313,Bumps
-2.213308071667777,0.5117311067162844,-0.6786858990395296,-1.3290763571537487,1.0932910141833634,-0.014601133535903735,-0.863417304823658,0.36994462679038237,-1.170653473496921,-0.7132320045358329,Bumps
-2.8985110535921765,1.712093179406312,-0.553539982575478,-1.4934113971961815,1.0597167615274241,0.08159986422544278,-0.3589576504171747,0.6926902217059815,-0.20886761117669833,-0.714020173484358,Bumps
0.08476372858875668,-1.551855031847966,-1.8148430187708722,-0.2989339848897385,0.9244788466129715,0.4140577705005877,-1.638321888082758,1.1312749909625464,-0.8804720855876205,-1.55207645536262,Bumps
-2.7954072031600194,-0.5501098496496771,-0.31548790587769626,-1.4331036664880505,0.30495571706359537,-0.5069390684489481,-0.31432970865243814,0.15575835496661602,-0.08384751879595058,0.22760056779258186,Bumps
-3.3234090903791773,0.900094592863668,-0.9259020311882552,-1.9046955491320834,1.1138665518322073,0.8555676396158386,-1.4021433963989154,0.6536918911468952,-0.1520963133847381,-0.7599492111261134,Bumps
-2.5940880076929456,1.1224658980829711,-0.7754375830399164,-1.7179812158290857,1.0798971857785977,-0.6020102705120964,-0.6124356993138318,0.7825362891166427,-0.6303814842946613,0.2175797046482645,Bumps
-3.0714439726667058,0.26989673353998084,1.528409112180862,-1.1329574514316307,1.003854749366959,0.005313136279628199,-1.3966751498290892,1.5260366195168862,-0.24486783834860934,-1.1658821520503395,Bumps
-2.6585693479254293,2.3019504086235867,1.3261929890064592,-0.7591420346099124,1.4086533699169574,-1.4415816661440106,0.3510516142675914,1.1174013214835379,0.21048567162906257,-0.0369886791736587,Bumps
-2.920712562165425,0.8293957567658421,2.4560839393657115,-1.0386278767252928,0.4352124576296036,-0.9034816338081689,-0.7393978517032241,1.0696683850511792,-1.4618976027677175,-0.24316154687832817,Bumps
-2.5060063653609705,1.287167648211488,-0.566483230043198,-0.83245202282949,1.1889716009194917,0.9172125448313934,-0.023743647170084085,-0.7739529225490657,-0.2812809137505274,-1.3286378135073507,Bumps
-2.260069111302095,1.5450521035636726,-0.5215393476495119,-0.7125603529620345,1.0520523440857055,0.8524522906048236,0.022869352683212055,-0.4937833282215539,-0.24534019039969734,-1.7338544206932667,Bumps
-2.063699104067043,-0.6721982097446693,0.03972997675636591,-0.5457560435347508,-0.20422588790017393,0.43547640318034087,-0.08914258372888727,-0.42498332354861623,0.08469445253244097,-1.5354314964691274,Bumps
-2.6042016143269744,0.8971023786381684,-0.16323952258123714,-1.1441728815304033,0.4744949710335588,0.7627445232926058,-0.6087861109424986,-0.6696342139003935,-0.5010894997821417,-0.6911717222857249,Bumps
-1.848822006666315,1.5574125740070899,-0.09944313008425995,-0.5569121899152445,0.10996467633130913,0.7844561037549258,0.33659518206738503,-0.403098885313615,-1.080914263543662,-1.237837715540166,Bumps
-2.458979534552831,-0.05544602490845076,-0.6123280857476061,-1.3606800774041914,-0.3624550534230674,0.7702530672420036,-0.836604344226918,-0.4962032217642066,-0.27509627783917756,-0.5814085560340126,Bumps
-2.321258179410781,1.9233409177558498,-3.477192214893245,-3.2028652635270114,-4.998884799763641,0.5459937370319966,0.40206165511791025,-0.2810141718643558,-1.1556699799447876,-0.1312023933055826,Bumps
-1.5905573340523413,0.8780334214237019,-3.6833332386656026,-2.382845400883944,-5.327908280177407,2.0413886895561535,-0.051072847911539244,0.3365806692595047,-0.40468610934781635,0.10945691612062353,Bumps
-1.7337293455891813,2.2136261672552364,-4.29486171867561,-3.102941600526328,-4.567568924543905,-0.09063838955629304,0.5094295483626554,-0.43916360859432246,-0.29769383936489485,0.7946094926337807,Bumps
-1.8794303126868515,-0.740594336673737,0.2363131997104253,-0.31279172722624815,0.4110796688377633,0.8313347620012074,-1.0971943961188766,-0.8651696352711957,0.4601429208105351,-2.3305762543489728,Bumps
-2.5613277698157333,-0.1668789436684745,0.9071686579626965,-0.6718376234680847,-0.5797875213004356,0.5382610700565803,-0.8675779836407737,-0.5290912558868939,1.2356157198767352,-1.6002103006184898,Bumps
-3.0650603813755914,0.4256455103795934,-0.21589537361698305,-1.037481499975081,0.488389328269561,1.3705416638092278,-0.6625714511045709,-1.2110316518605682,0.16843390941222147,-1.6433729168662847,Bumps
-2.130656071948584,1.8378877191796896,-0.23682532510164742,-0.7803813480707837,0.35999264359316396,0.5491430585788822,0.05934895300044222,-1.0931524245339086,-0.6003731155742557,-1.6396787148372707,Bumps
-0.5579219589981896,-1.9024073216167547,1.159800371733846,1.019169108203358,-0.7422688589231369,0.5967181780457839,-0.5367394094442851,-0.6282163512100207,1.0634730243954607,-1.038188620362354,Bumps
0.5317648073562117,-1.5267630299251669,-1.5485909546241083,-0.4083617347179072,-1.3806802197951153,-0.04856765668877782,-1.4346644362861776,1.259094262604058,-0.2715331750299722,-0.9992838988920472,Bumps
0.6489262159978199,-1.8401105475962196,-1.1953694772198744,-1.2544084563995364,-1.5124928881066908,-2.10722045699463,-1.4056489692639274,0.7262092708557971,0.006102594567219897,-0.2599745829304436,Bumps
-1.966784075337221,-0.19976574941042885,-1.0961979388097225,-1.5548816392071474,-1.2078006195709248,0.33649033562929404,-1.2492236621666453,1.0041990106664667,-0.25276724133240336,-1.2514964437903464,Bumps
-2.824073616568251,-0.21768680256323752,-1.2934811274078575,-1.871328143389556,-0.9996817767817319,0.9597634949849495,-1.2670061418647713,0.8990854314217012,0.24052091892469069,-1.1923162589439809,Bumps
-1.9431760473383275,0.39996598228228314,-0.5768362310817224,-1.8812410375094917,-1.749101534013974,-0.9547437264033778,-1.193409432737107,0.8700006908168338,-0.40286070956315034,-0.18836981361778124,Bumps
-1.977200056710597,0.3570162144661693,0.6812003443624386,0.06559070401831868,0.45089983704605774,2.080750581745047,-1.0735292441771678,-0.9826119291892319,0.08062086953996683,-0.2802321604742822,Bumps
-0.8300727878694273,-1.2201013636258855,2.321578722977534,0.6725038151688416,-1.3177370462924392,-0.5245557982546408,-0.7199694227988709,-0.38677553804555087,0.7523682423728353,-1.8254613203047676,Bumps
-2.367729904143612,-0.35208003703675705,1.3361913174367925,0.02646224540195007,-0.14251064525937363,0.9601770412028761,-0.33311875209634684,-0.9146279754648073,0.9346007881483924,-1.4071510049477405,Bumps
-2.368175144222436,0.004083156738710219,0.7610176043906263,-0.7378415729701097,0.2862528917960565,0.18558687708858096,-1.212170646507298,-1.379271743757794,0.6183526927930307,-0.2610720416584957,Bumps
-1.9501012266508015,1.3367790326776985,-0.34628349498112393,-0.5844800725218924,0.6394809831049716,1.3341240522131297,-1.0862265199126138,-0.8081441923123056,0.1865975477092993,-1.7908280747112348,Bumps
-2.452515292213377,0.10592531758884939,0.5187174688404299,-0.4073294101066528,1.709865818940431,0.6634698577214156,-0.079171824257382,-0.0013103971454403282,-0.23383590681192504,-1.43876175084052,Bumps
-1.8230066230736381,-0.13371456154802755,-0.020389004269805267,-1.0124104412775972,-1.1030059029774901,-0.4265228660286873,-0.9484471584264295,-1.0318997958443066,0.8745705957077099,0.2507952910613406,Bumps
-0.7703992586183626,-0.49899435809056086,0.1766137977593415,0.1995725302158834,-1.7783321640750722,0.5516689446455757,0.16381659114843122,-0.7612966268563574,-0.3665582838568786,-0.7099474610363183,Bumps
0.37537318462208263,-1.1428208723837514,0.05422071466399211,0.556872453284558,-2.0262304068632178,0.08183329753720778,-0.3388369050869244,-0.3166963082272005,-0.034955380844614206,-1.0055538704942815,Bumps
0.5256223781324463,-1.2597321002864847,-0.3554297411679277,0.3940748331347959,-1.7553345228934811,0.3647184127378357,-0.9938215782346033,-0.06937809392142343,0.4798776247409,-1.2249603211359785,Bumps
0.9392995797415632,-1.2742984742298598,-0.704872284549489,0.7139838786731713,-2.0719512260765596,0.44035208606495946,-0.17740904020291792,-0.4985713359366036,-0.4688046872177499,-0.4819394575442765,Bumps
6.0179441145499375,3.6676714645230986,-1.4292956683611342,-0.8019901919218233,-0.10224463369171384,-3.3103049277378416,0.5000329716540484,0.1879066102159874,2.140185630509744,0.40210046404181254,Bumps
0.4968993109658456,0.946973008375614,-0.6460627003134244,0.08483451855443477,-2.592445182888019,-0.40820130605184063,0.9240924234747941,-1.013060717733092,-2.7133869083748534,-0.40397829810223035,Bumps
-2.1515577527767995,-2.068834122793267,0.023974841356475707,-0.054099768736130184,1.6855578799381734,-0.7162457177961434,1.214479424402348,-1.5618021777221665,0.3837006273194789,0.9273031049912581,Bumps
-1.8046570229470136,-0.9306441414834754,0.490996113691254,0.8968388687450493,0.6078335685720185,2.538147425738154,0.779195328398549,-0.008503931290678573,0.4465845774364104,0.8400205079579727,Bumps
-2.2230616393846767,-0.3311444033187057,0.2622777501430118,-0.5053331498622836,1.8354602269459213,-0.17502721560871268,-0.15110279151459546,-1.008121828801226,-0.05032282540449742,0.5532228962923658,Bumps
-1.1424975749303503,-1.8983077131249306,1.3769799503527917,0.5317459014811788,-0.10642991973753449,-0.7221685962481127,0.7449947694873937,0.01728130667113048,0.04892742013396999,-1.8423880246232127,Bumps
-0.5904094043800155,-1.5842386561903608,1.4301101875645401,0.4528702418127734,-0.06253862440893525,-2.2344838338100756,0.8599641779714223,-0.8479355986794803,-0.2380983092947743,0.9956029474347061,Bumps
-2.2353648979113103,-1.0031842450845623,1.9386183957827972,-0.14235259263824004,-0.27427007400493314,-0.8601751694018798,0.6775424412277702,-0.18629323552685773,0.45415866927265125,-0.13695053753783162,Bumps
-0.900496749941531,-1.983609817282078,1.5150377135031428,0.7518618709941375,-0.5859278793517491,-1.0526817717408221,1.2681019636713775,0.15093841085413287,-0.10521570907743294,-2.1538388164480127,Bumps
-2.023424663862067,1.6388501233144843,1.0987642594830132,-0.16996430198189136,0.865529066215657,-0.8585448778659125,1.4760292302944302,-0.4413149661509466,-0.49402670921476605,-0.1821393299680159,Bumps
-2.871428019515117,-0.2876311420283775,1.5138419009382111,-0.5645392808697539,0.05927801987729835,-0.07430249366121056,0.17357289874213758,0.10643975420172534,0.8576178527355565,-0.46682708158843705,Bumps
-1.2099214888589713,-2.1151397746899754,1.4547918314604047,0.34160195446866903,-0.662687424980975,-1.4719687822088088,0.9213149363869853,-0.15886791859283989,0.6770755192758049,-0.3893788618090927,Bumps
1.5461513562093019,2.5917575110286326,1.3319465929689167,2.4529296080260172,0.12944063338162473,-0.9037395729152006,1.7425473655315276,0.13342322537269635,0.6283226807285325,0.3742757558599072,Bumps
-0.7343807155592275,2.1543544728345245,1.002852954050712,0.5410038641296645,0.7391775047805146,-2.082670855062515,1.4133064781114568,-0.934262079495875,0.7286869036722191,0.3733589700296007,Bumps
-0.09374898855400372,1.9593617775957637,1.526139146851612,1.552450518300472,0.07439195284553236,0.34823259977822923,0.9718452073505086,-0.23689447841954012,-0.024489579160428612,0.48471863514858426,Bumps
0.6692855415078414,1.903261123667106,1.5249810536429926,2.007844240816278,-0.04443792094554816,-0.14529032358059038,1.553486732355328,-0.39600439323650316,-0.5056569551366398,0.7070095281181012,Bumps
-0.49167039316872063,1.5778250103368778,1.4681255055301383,1.3248352837658672,0.06814835728687381,0.5658136315541715,0.9453075441974546,-0.31155508393668135,0.13716872774291414,0.2982433438421294,Bumps
0.7180602842767201,2.3240652131434523,1.3268642490095197,2.004505760558551,0.07384660587791969,-0.5416236355261742,1.7872811659823837,-0.23164695521795267,-0.1375162424210137,0.29163062035191795,Bumps
0.899258161186957,2.3257228351766357,1.1617971936052536,1.9637730187330735,0.05511516111978069,-0.9093318033292054,1.7777072997313916,-0.14719622123085047,-0.0503316811378951,-0.16024457726454683,Bumps
-0.3038681575662371,2.465533538854447,1.2837969907394102,1.2949738592876217,0.21538254582311459,-0.35668075130666205,1.6438380233170853,-0.30926249472576156,-0.11508218577794194,-0.28073380868903025,Bumps
-1.4290083778558968,1.2059658109560654,0.3853384660293845,0.43539499501662215,0.9051397504997694,1.4429645679470127,0.011876258268816078,-0.5324598857047816,0.05081258650852728,-0.5016328057124768,Bumps
-1.2102348031577626,-1.0531860166725102,0.5641079079638184,0.5853900996845229,0.22028837044279864,1.3721409431572074,-0.3600493078147307,-0.3285244060437979,0.6533437865586714,-0.732251533562888,Bumps
-0.33100459216094336,0.1200763054877963,2.148481281594783,1.1484640205352887,-0.7629518594346235,0.38441235553112024,0.3288237572085505,-0.5493932564783796,-1.3097403120798097,0.5184998070414666,Bumps
-0.07674329702596956,-2.3411324473343513,0.6508729447944269,1.1730992015125117,-0.4085814078869869,0.5870508712184527,-0.3798531959995929,-0.011744662810005815,1.068771597732244,-1.1293603364994926,Bumps
-1.0897400587474786,-2.141086185932523,-0.5185610467993274,-0.4302965609743824,-0.6576287724908473,-1.1337952124373953,-0.13791386426728944,-1.0679299469555292,1.2011492362455687,0.6767550094843799,Bumps
-1.6101131693710344,-1.0101134419654225,-1.1965747038177674,-1.2429787434965391,-1.2606050398434823,-0.46146365273890994,-0.8283277802384402,-1.2347628425965869,1.1031591828270777,0.7924058995901668,Bumps
-1.996505963160264,0.26209497991075187,-0.07720979350441086,-1.0014080922267652,-0.7284491165598219,0.6204371698144091,-1.5027894215927438,-0.4270132753135812,0.7398979046295431,-1.5176203437837064,Bumps
-1.6064127869377116,-0.3471101243390501,0.7671079853351843,-0.8952837602761246,0.06238681796950456,-1.54960449527338,-0.5824872882329111,0.35185124473419316,-1.2440534029804344,0.3471632586469525,Bumps
-0.9083984426691285,-0.8602543448133861,0.8703932439017361,0.22760161609302473,0.2047305256888912,-0.7429981000319792,0.2246206106561884,0.07247732388136142,-0.6313433833721,-1.42232239358426,Bumps
-1.4952000410364974,-0.4383080991845797,0.7201392190626048,-0.32577127459879623,0.4393001911808479,-0.9048579103840549,-0.7375292877823704,-2.094544021805882,0.02138176136906561,0.8950009992031701,Bumps
-1.401097134350545,0.9193776535602648,0.49424771004025364,-0.3428534417882661,0.7590659178816492,0.3735741927776246,-1.5280824888324536,-0.8822684641134368,-0.37744832282180835,-1.8629414476338861,Bumps
-1.1261661134073042,1.0391532113185427,0.046767814757721446,-0.2674229537561045,1.0772834532462898,-0.516505880985392,-1.135819177358679,-1.4124845977604572,0.5634610672538269,-0.20340406230795519,Bumps
-1.8043613940351815,0.41286976239164996,0.5298735829783672,-0.5750983117885642,0.6629856733256804,-0.4337000236090781,-0.7374144730598032,-2.131717109650291,-0.5175877364520524,0.5668933211530426,Bumps
-1.5250255284651193,-0.4961364396726116,1.0550470277789403,0.1898523084152121,0.008933311040504181,0.8518217656738912,-0.9113925074797916,-0.8226587342272204,0.48597011696823905,-1.466931675774972,Bumps
-1.294734662988036,1.4765289623782765,-0.08343400902502233,0.40110112223853,1.0646764576750996,1.4106390728186151,-0.3281515872597606,-0.8507592145303562,0.8362654182010588,-0.984435636480798,Bumps
-0.4622830010450733,-0.8672139091110209,0.6994921249381645,0.2826943796612863,0.20713425202559604,-0.3552223806310677,-1.5699992984258133,-1.1418152721848036,0.3953483615501342,-1.568310454220472,Bumps
2.2503211597059605,-0.7421567700663799,1.094296213868573,0.6793621708025415,-0.09324014806294147,-1.1800196924890696,-0.675819062143229,-1.1021997876974279,-1.185275057781375,-2.2414725046807358,Bumps
-1.2870407851189292,-1.1523577386590624,0.10950270805870095,-0.2503874711611597,0.5539577738171397,-0.34924425152129923,-1.3546922841600095,-1.8680808465555934,1.2094404540988275,0.2833431511448347,Bumps
-2.05627582168126,0.23216754704707596,0.6608415292564778,-0.5509294458731573,0.22342920928743393,0.6138514268761625,-1.2523100300114303,-1.2562577411366744,0.3700538760680552,-1.3046349987902124,Bumps
-1.1718067504206289,-0.6849345332688794,0.27541251203824274,0.7690791977266752,-0.15853472320763332,2.7341515391203544,-1.0667657894473523,-0.9645475670906792,1.318452844309127,0.42175869241792713,Bumps
0.5531092248470825,-1.843841509634464,0.9098003880042825,1.6856653484903839,-1.4557621065983317,0.8602517398073815,-0.1251139181031863,-0.8630930372701839,0.7365767520462112,-0.043574976874375074,Bumps
-1.67874784850491,-0.7744267741883286,-0.07569675778324975,0.009221058068020802,1.1745846537807811,1.5812238376876853,-0.588574745564591,1.5412818293788744,-0.3558305877255304,0.41126160295220626,Bumps
-1.2523618180738632,-0.4868917694607188,-0.14112117693681078,0.4045743299380616,1.8046987186331578,2.073539512025562,-1.0634152449385252,1.0724999459380282,-0.5563436166850267,0.7759201935924382,Bumps
-1.1852669460626049,1.0987842609146061,0.21900460310086228,0.4883367939741419,1.772694406743221,1.5729746691666413,-0.2987142363584503,1.011615623662424,-0.9531958472875027,0.9866731341285899,Bumps
-0.02537480467088057,1.214339590193598,0.3016536103196518,0.5702901976919267,1.297406313954176,-0.9047707218488297,-0.1983315583694455,1.389014487108041,-0.9656405923633068,-0.7255604872099723,Bumps
-1.9074267846333801,-0.849850222514182,0.25007885322065865,0.036595283710535866,1.2522199292608707,1.8474448248204483,-1.1195481090738857,1.6937310025466932,-0.09458616543573863,0.8665167393499461,Bumps
-2.516116048492013,-0.006632609533750538,-1.5181427540627455,-1.4202597481743833,2.8245772239646367,-0.5859749092486609,-0.8150335851069853,-0.22699115766185204,-0.1575031985678753,0.7447146516040234,Bumps
-1.7153808048587234,-1.7846605967954585,-1.6236286229665955,-1.2096531561690744,2.3691786304384026,-0.8843508244055107,-1.5524953759469617,-0.11154782799428528,-0.17139325852500537,0.7149403454743098,Bumps
-2.3670949035745177,-0.7262379374920133,-0.6648394511131855,-1.3634344872747366,1.9441329079424987,-0.6102119576115116,-1.1305676975736976,0.13115209184063734,-0.7400451647099608,0.4542472511045684,Bumps
-1.6096405456787175,0.5212180577961931,-0.8667896876465143,-0.7365745407061552,2.1060327662959395,0.21825508938075797,-0.7817542065465813,0.9428084101496811,-1.1941749697093258,-1.4989420475615163,Bumps
1.039806750577292,1.2516027570154475,1.4101516227952975,1.2136132004296634,0.08025698101915105,-0.8395636082752241,0.35116692371442065,1.324819235686991,-2.291820762948859,0.975681557714752,Bumps
-1.2612779148474187,0.4390249507144065,-1.0786026189414872,-0.7857043102023327,2.1293961437126847,-2.2824762443962503,0.017865917215601976,-0.0991127248970276,-0.01394018500359894,1.4416411348879103,Bumps
-2.1405939612504334,0.7121976553120993,0.7989923026803628,-1.1975056091993668,0.9894622695925207,-1.6740959445896342,-0.5870644620756836,0.28346260597598283,-1.5074852841616238,1.0212949493417847,Bumps
2.757620370067036,-1.2840293158151481,0.7816094457687819,1.1060651495996285,0.08910689296089887,-0.5697647999181129,0.008517620930402016,1.363412029971899,-1.8985085788822005,0.841801594603404,Bumps
4.301891818596212,1.3006968911896262,1.7568166019445957,0.27975888020539386,0.2433643085387181,-1.6414622800012657,0.7960624463096827,1.6505536701260715,-1.942435314443679,0.9366264120834865,Bumps
1.50306919484513,-0.4671889977759941,1.8768894922676995,0.9728252468884135,-0.6526052939594982,-1.3034158020093127,0.12180541552621557,1.3893811912906555,-2.318872971665812,0.6708053080733698,Bumps
1.0462068338783288,1.1374756733971274,-0.3043100750171852,1.4646183943209146,0.9526428399037732,-0.39781724518277234,0.8073490328085794,1.3941286711636582,-0.658322249434602,0.4894603495310082,Bumps
1.0703004909488691,2.3382079379407474,2.359243965089876,0.8197055561333778,-0.4721969953553692,-0.6881800000808727,-1.1990743128221806,2.9187624783798216,-1.2554084583091083,1.476096172579232,Bumps
0.7647916326649605,-0.9174232823935842,1.8526502365839401,1.126813993071906,-0.9346347228790806,-0.6779578012006027,-0.12321966386589839,1.661935289147334,-1.1909659608117922,0.81527574147446,Bumps
1.1458009487438279,-0.9824476634950612,0.5372813376176754,1.2909936686670946,0.027879405363575818,0.09832853983231958,-0.19647350691551058,1.364097000315164,-1.4677606148385003,0.9781941470107823,Bumps
0.399526706460818,0.1083310948401979,-0.9853322537850243,0.8788318202006271,1.4301114521389573,1.1305217710351445,-0.629138857657116,1.334583315024392,-0.8991388543344785,0.4779166380908404,Bumps
0.6067291709345078,0.4542443623450167,0.1353773726900571,1.0905777503959406,0.635792664732496,-0.008641396651494963,0.4096531322073728,0.8222460283571285,-2.4478563899355423,0.7676440633978574,Bumps
-0.10079244217815667,1.152576824777046,0.015035223724798147,0.8966753797888591,0.8707730486509733,0.8959712021159193,-0.05281284847745612,1.361639937561113,-1.0796202782600486,1.1269124618662252,Bumps
-0.4869364354547665,-0.2566550313747009,1.675451499900239,0.6168735581174274,-0.5934106590623931,-0.3439691523324947,0.08237396381925488,1.2745689584849995,-1.9474990733686202,0.7175125275993827,Bumps
-1.1929704751706407,-0.9388589846053828,-0.4708634314122965,-0.19587306371824587,0.7417356891102974,1.0878321825507329,-1.1112557967476044,1.2905107029022163,-0.7230562887267252,-0.13284585640722057,Bumps
-2.1491798025156013,0.965812814883953,-0.5127576251870791,-0.9257119849397991,2.4563281667987225,-0.686624824961317,-0.6970512653371183,0.525906769128345,0.24517720157480066,-0.26063947962453854,Bumps
-1.5335701993689639,-0.18578179933897898,0.6867849729388072,-0.3527213151013305,1.1952596457028213,0.2019474833758375,-1.4080381564705442,1.0479130835998112,-1.2840610868899418,-0.8275110763665297,Bumps
-2.374916808347396,0.5939772753811907,-0.6556327563979764,-1.0542188948820324,2.4596490229907295,0.42369139719646476,-1.1725777149874728,0.7511835332008809,-0.5646503580212933,-1.5546945839383908,Bumps
-2.1194480461534853,-0.38573181727556205,-0.24718508738300848,-1.1466402560450608,1.9518339884738598,-0.2486612050439385,-1.594963703183129,0.5789500594486798,-0.7879605515992364,-0.540456141581366,Bumps
-2.263230342646142,0.6002947469182235,-0.996923131635378,-1.2183603837587862,2.6638625975232477,-0.41094015823495955,-1.0610447614605347,0.292065242799283,-0.1049840161923357,-0.07931146523759171,Bumps
-0.8522444814853188,-0.9662177601881565,0.3262707957488077,-0.16368965735374366,0.9971404306003638,-1.0271060792376299,-0.5954092112329274,0.7674152948233965,-1.8894081845811421,-1.6997264678343948,Bumps
-2.5778164844109623,0.2854356714739461,0.5200131067287778,-0.9729087420756187,1.3850766750487709,0.8022151085212802,-1.5724840495071453,1.2053380387174648,-0.6109251136068885,-0.7935603619224045,Bumps
-2.2759067504452406,0.9066740801965939,-0.9442934414356775,-1.1537413641212655,2.47115377298561,-0.027380667266837223,-1.1368547075948325,0.7678307175744279,0.0756180626873612,-0.8830899061463897,Bumps
-2.2559956390806937,0.8140417425898675,-0.6307536856096013,-1.1318104879492845,2.1715414780035283,-0.34450544299922303,-0.908161379300968,0.6432598685830316,-0.14854403243120948,-0.562176119761209,Bumps
-2.0511262429586683,1.1174061053941025,-0.09950886770270143,-0.6129388171473255,1.7152798066057253,0.8419364084266332,-0.9790081372703839,1.2077282148735218,-0.3627443211819369,-0.6265038343439839,Bumps
-2.629751371098124,0.24705393852036595,-0.49254233099243927,-1.4691503816493416,2.036647929632582,-0.12779029018274443,-1.5071120909463889,0.4132484935489145,-0.5236329270126435,-0.09234101386982833,Bumps
-2.239178996178422,0.8510526439787373,-0.8238353562393126,-1.1124292230584705,2.224769217641694,-0.12403790388815604,-0.7112492123380865,0.5973941132694153,-0.5760699344404028,-0.9171153271953449,Bumps
-2.415087198438457,0.1663230695915717,-0.36188936714517295,-1.3139085546679645,1.805137535854642,-0.1966428745208782,-1.279371408585599,0.4288776605052047,-0.8967947569928257,-0.37043610734871046,Bumps
-2.4339808036029216,0.873765224855718,-0.7237275478930472,-1.2846289386672805,2.10101876335522,-0.06367864329038136,-1.1217005171468368,0.7760922699403563,-0.14711062978770503,-0.7314056788845262,Bumps
-2.2668059208859863,-0.27845728595404057,-0.02748152770257571,-1.2437767354932976,1.305466977622244,-0.23059291238546056,-1.3806817310639075,0.8322027837835609,-0.782037047836532,-0.6970975227087228,Bumps
-0.5997904481460163,-1.042547702505644,1.1240619574857402,0.05477938617988186,-0.17395242707103936,-0.7649895131071512,-0.9069082256020811,1.5706363099839642,-0.8427904470451899,-0.7609917790968809,Bumps
-2.496604317411414,-0.809695882446198,-1.2893612460686326,-1.8241548086547754,1.549028750885495,-0.8492988109979428,-1.4187606705273113,-0.013903288271976063,-0.009652708723643554,1.3810645154347412,Bumps
-1.4270091836252512,-1.4943167692433301,-1.522052107477259,-1.3532061628700331,1.2718809728375602,-1.536006354584476,-1.2193211157790655,-0.03143694978448784,-0.3737533512029933,1.2096558680762266,Bumps
-1.7652187294944532,-2.481562991167347,-0.6596050528927139,-1.0755902773470378,0.07076226136134937,-1.6089971838993988,-0.507718660415036,0.3653938308574442,0.6701241308260049,0.6153613648686133,Bumps
-2.1397706206695295,0.545981588847998,-0.5433270896845123,-1.6275867695702437,0.8292602092626832,-0.30778766033087845,-1.413958781623155,1.0109493107411414,-1.0439185564344002,-0.42939229183827526,Bumps
-1.747867340261691,-0.9097189217003373,-2.0319000392785354,-1.7353713920173965,1.5650028102773343,-1.1062856539362789,-1.5196225660597673,0.09352845932915631,-0.27391780995598264,1.249606417672775,Bumps
-2.2675753521669164,-0.8308735148267705,-1.1782655866072416,-1.7334911509399167,0.9615457437121044,-0.8744352763962008,-1.0110456031002335,0.11163513942207233,-0.6524054593552212,0.9320409130219393,Bumps
-2.1365245445690255,0.08615123881357004,-2.3611395460799125,-1.7540577286627712,1.9824877288752716,-1.0354116279308416,-0.5437146941568878,-0.29421302150079454,-0.18461617327549243,1.350315799725256,Bumps
-1.0897348156142632,-1.3806989062088644,-2.299443142754072,-1.6917239449958348,0.32011433439299125,-1.5545021684118119,-1.4023511224807201,0.4012747548162227,-0.43468071324000085,1.109424604930505,Bumps
-0.38983048725020647,1.1960730561804376,0.2487172570392591,0.24426818546697945,1.051184965948237,-1.1000648988200796,-0.7933794958461758,-1.2688266936668828,0.3986670857736372,-0.5436712669314983,Bumps
-1.9872078445289558,-0.5126773615121695,1.1455569642366141,-0.26491584124076895,-0.047389021665099534,-0.07148389243388051,-0.7975129263563313,-1.0608494380984868,1.0359654848206379,-1.0421481639438632,Bumps
-2.094206780051013,-0.520298249179399,1.3013768495767886,-0.3559501774206789,-0.466912622440195,-0.13289687502828904,-0.5114191087453787,-1.26417104193155,0.4194818873563922,-0.8869240732190349,Bumps
-2.0587608881074777,-0.2634185977279993,1.4913887049905477,-0.2547201563627527,-0.6386695085396331,-0.4305671974447986,0.08142289610790747,-1.3411455423928154,0.21290359013911433,-0.7840550724161404,Bumps
-1.824411811602132,1.4699980462338782,0.09266077263467294,-0.16611325988858383,1.3845908378922602,1.179783666018587,-0.8463618002582188,-1.1470510913120786,0.30509665142634246,-2.0493829870440488,Bumps
-1.8128959232365753,-1.1665600133994969,0.5053674478264459,-0.40716628124653514,-0.2812177182233072,-0.5757904121323684,-0.7114897102062909,-1.834878862414215,1.4406570703576096,0.6195426925607624,Bumps
-1.610981983136765,-1.1843907130544147,0.9346787731830601,-0.17201604235530366,-0.8249045915526063,-1.0159792069596034,0.46367090544697553,-2.196540901415438,0.22508249602716612,0.5057280112368056,Bumps
-2.4783897051280936,0.5343958981123734,0.8279221838883721,-0.7418863734240084,-0.3351568907431755,0.5692141687691773,-0.5678651724517255,-1.299076121764651,-0.16280207294783722,-1.2520360426614792,Bumps
-2.110205443272951,-0.7765008896609839,0.7599401292279615,-0.5156071365197529,-0.6635184271232241,-0.5089830977606411,-0.16627958144852395,-1.883265591239755,0.8439417443525002,0.45342118251591823,Bumps
-1.2121101321787413,0.17250278065528724,0.13778913204958895,0.031205346771803713,1.4869140547491222,0.6507749819229935,-1.123109188099173,0.4255444257645932,-1.0322130271877348,-0.47284168998850284,Bumps
-0.8402780953331502,1.4147144205865503,-0.1684582566733783,0.3963756074397672,1.2040025205367908,-0.709145259322555,1.4508696954561087,-0.870580728489387,-0.7674863245596222,-1.4804007175836869,Bumps
-1.5086064898251192,-0.7709668117768784,-0.48786857261498917,-0.5482663507098169,1.3125745636031227,-0.3434095834586746,-0.7368924720585447,-1.5380151690860784,-0.49144621753472684,0.7086640524194022,Bumps
0.9922072911131885,2.8476179230654557,0.7403521446802337,1.6050251841899128,-0.21799885211852496,-1.5590591203722675,2.1672418174838195,0.1839897433207991,-0.3329522078826198,-0.5063861254862371,Bumps
0.36970654935054437,2.1802109784881147,1.0022930276513597,1.1399072854941894,-0.4223938768171994,-1.0080722692028774,1.6812136382043907,-0.24641731765037267,-1.6019927302207775,-0.3720878249197724,Bumps
-0.6233207033853991,1.4159932781802627,-0.5352710378460109,0.25632655294844403,0.5771278405917711,-0.5556814424781735,1.2161439660398123,-0.5659303213669471,-0.8669774986130573,-1.8582855667726543,Bumps
0.4030425542135692,2.6335785680861132,0.6217607389888191,1.3404031745446263,-0.4023959543574333,-0.40990541687665377,1.7745673336086798,0.06748431160443417,-0.32764573529060503,0.33966231193109353,Bumps
-0.34396676920409436,3.4790355637942447,0.08078250612087466,1.0315242823021946,-0.0037747003525253685,0.41259972543278983,1.4333636030965258,0.5796680731368631,1.2924560116118538,0.45905393271847666,Bumps
-1.838343249509752,0.9186952855792169,-1.3381097168786023,-1.0691571177226569,0.5264607791077193,0.19601240941255504,0.012790394312920167,-0.9416821908651188,-0.553218511047956,-0.20691950001296533,Bumps
-0.3700882600738789,0.8626868897770634,-1.4647470020592062,-0.2672275991572633,0.15763314864504296,-1.1013524273918789,0.9257762698805112,-1.0464632436176733,-0.9696077432952365,-0.08541461835239247,Bumps
-0.47715645043392846,0.9438000924682846,-1.653899587892125,-0.23833570959985473,0.28588737874497344,-1.1085835975546552,1.4994712273570527,-1.3155505994259724,-1.2759290599290007,-0.05848490740134772,Bumps
-1.2527823743806072,1.0506169298524881,-1.2978517635640017,-0.6751042217077221,0.13332854471281327,-0.6125035106981012,0.9795917784363186,-1.1063453821537004,-0.8371217645034795,0.04084953759663948,Bumps
-0.47170706119584127,0.6763784572400576,-1.6991473647424944,-0.2925542531160572,0.05373716359952034,-1.10944630258806,1.5532389670415345,-1.3652010954240767,-1.3411624434975393,-0.015997197214617325,Bumps
-1.1257852205766448,0.7977957988971484,-1.573594569570979,-0.8046550499428251,0.05713080424042536,-0.4343052575353434,0.44101824083007735,-0.9285533778497039,-0.7432529593850852,-0.08357059197200854,Bumps
-1.3392051288392726,0.9511085342692613,-1.8587481037732414,-0.8198076406844391,0.17954103180662281,-0.6036028959404275,0.850923032217542,-0.9563515057845233,0.2805815258679429,0.39716513663890174,Bumps
-1.0213670583308094,-0.9878076515745935,-0.6758788154702403,-0.746600866890102,-1.0047328990902267,-1.1417869848997506,0.5498363587019273,-1.2659858259518597,-1.141980184782775,0.8562447303215802,Bumps
-0.7444493726239483,0.9145795939046802,-1.5880763803189522,-0.6552240699473553,-0.026201653945281532,-0.7751607351658872,0.8197241233581433,-1.1607817065144448,-1.5767615167189288,0.024240569425115016,Bumps
-0.1043848154633746,0.7243974600873417,-1.4697564071886682,-0.27622190504390765,-0.30295242504369657,-1.3822475530132363,1.2995180072668047,-1.2651410483471193,-1.9501273841685314,0.04037254531485375,Bumps
-1.6162164868079287,0.9757674748919452,-2.0961933497032614,-0.9456214794186122,0.26554401555523527,-0.015321809248697187,0.5861104162790154,-0.8961774192306486,0.16748279151662115,-0.16851458222129273,Bumps
-0.9742210872382073,0.8492858354375888,-1.8455345363202416,-0.578836828314589,0.010492373110018272,-0.7570462932652783,1.5460670364285876,-1.2780676512539837,-1.0728058332292965,-0.05973883823258281,Bumps
0.11792556963873556,0.8606438995230725,-1.5571185679016892,-0.21107189189656345,-0.3608932149133393,-1.5117576321584496,1.32655742946592,-1.2226163166133048,-2.001327832782927,0.04181739863196829,Bumps
-0.07256112096830651,1.0148959470259993,-1.6048796217113936,-0.2026887954933716,-0.4042013286189644,-1.490495836937219,1.479386791637493,-0.9854465164810478,-1.244397179486283,-0.06716134778714049,Bumps
-0.7179723407151231,0.6785155451791554,-2.116103782346093,-0.5500093474558901,0.034975681634676986,-0.7493256419366445,1.387924039460131,-1.3600683429745992,-1.388468192619999,-0.110212196027865,Bumps
-0.8812644721008105,1.0703165836282156,-2.2596958186952634,-0.5458914916386423,0.1345491650567291,-0.7115666254936314,1.4897739587233843,-1.058164309088236,-0.4061477335056952,-0.16036208051626813,Bumps
-0.17038232126477254,0.5840930146095956,-1.84955088415183,-0.38371805752347754,-0.36141612408450935,-1.1969121317062026,1.2259931908201418,-1.2194240694622245,-1.8914231422687158,-0.13237193617044635,Bumps
-0.2917566095907397,-1.8829899518225293,-1.3270436394005698,-0.4827292891140249,-1.4106337389013244,-1.5777855752333427,0.3154250863579522,-0.9660611776943588,-0.016413866745174564,0.8569487385132617,Bumps
0.4673384987836024,1.7769448464856723,-1.00749087084605,0.5723961332730185,-1.303412431533065,-0.146366990937339,1.3947252938243755,0.11731558187807989,-1.0191774413811399,-0.3200919141665149,Bumps
-0.39172791535912366,0.8223511596700824,-1.7355674068476366,-0.5396693206085519,-0.5913990526369487,-1.1648265639604591,1.3520313168890394,-1.1360319480594772,-1.6467055913602966,0.05949135134226649,Bumps
-1.3340717314187642,-0.061090046609289725,-0.7722409108759402,-1.1360069804837796,-1.4074236434010348,-0.5592546430007697,-0.3036325509358345,-0.5395384973962892,-0.7557397164881184,0.331603814127431,Bumps
0.38443507142323435,1.6026771544891614,-1.1314857835023375,-0.13390754505425015,-1.3361474353824285,-2.079368963547842,1.3396229219643945,-0.3506453727777037,-0.786326076645432,0.005032995454711416,Bumps
-0.9528606955547785,0.15248888818280706,-0.5372006531588321,-0.8513234722151385,-1.687266386121993,-1.1169953295565134,0.8241008533408747,-0.946018561372422,-2.096847820127428,0.3482984987878667,Bumps
-0.4798556932785704,0.19499233769124477,-0.7081680157817506,-0.6996887736816888,-1.6283246711930226,-1.4006742181874554,0.6779972890271654,-0.9088067978864965,-2.07172589591722,0.4815721510623777,Bumps
-1.1256708562005266,1.0862564451667993,-1.949392239569072,-0.9395471062905428,-0.5072033142859008,-0.5536254054604609,1.1637569660021574,-1.0444790465467728,-1.2487813487247925,-0.026684244501196698,Bumps
-0.19891133081327694,1.5239712769767493,-1.2373923185120328,-0.4962392714420612,-1.4361951237364265,-1.6632586075684497,1.5471635685411085,-0.7122073402574294,-1.5721366606737062,0.1419855295337919,Bumps
-0.6291454574082412,1.5758641699352338,-2.3536424917121805,-0.6174436082915328,-0.6306991546773006,-1.0413491796940495,1.6855732612698664,-0.7679353005988075,-0.21414388100393494,0.04331379218299209,Bumps
0.18558593197499829,2.094949231160982,-1.5544999877026717,-0.2301713738595015,-1.293765193341719,-2.2015396803487786,1.9019113381782697,-0.47480835368075996,-0.4265073070725001,0.47449011796347984,Bumps
0.5912222078274638,1.3343196600241536,-1.4085953513926868,-0.21937016578088134,-1.4696234569883893,-2.1327029169469514,1.6505699807883056,-0.7798145239122796,-2.030949006068421,0.1409974772707718,Bumps
-0.2744791083760018,-1.1653766997903465,-0.6632659268390115,-0.5592110845092854,-2.484645461108612,-1.6484374953590468,0.7119742648577564,-0.5766562079141122,-0.931417790040749,0.2606068427616741,Bumps
1.3092700473680152,2.923379394155269,-1.710934965261185,0.9912764562453538,-1.481003661241423,-0.45910662534614566,1.9642882188755997,0.7485159673922569,0.40413797129913104,0.07153766381666118,Bumps
-0.5713240513561882,-0.6110746842556984,-0.8367982890215553,-0.9164504759784778,-2.2104536750595063,-1.195568845851525,-0.07685072906083669,-0.40951727457384524,-0.9112121716814268,0.3414934810473021,Bumps
0.7841973896835125,1.1591680298354996,-1.382912292032644,-0.25185839590932474,-1.5886026580749586,-2.195634218110409,1.386580382396168,-0.4318649444705827,-1.5923170814829344,0.24030568615767037,Bumps
-0.33835817567766074,2.128529000060847,-0.8994071800427148,-0.2220631167836855,-1.516067289174367,-1.0650912057094466,1.7487396691093118,0.2966419989088893,-1.0226797502015548,-1.5787991127472423,Bumps
-2.1610772368786475,0.14339851664557882,1.2195715646974423,-0.5314552000126034,0.04882307974571085,-0.06773296689899085,-0.9639146896290892,-1.4130557342058374,0.10109182908910282,-0.41451308194557906,Bumps
-0.43291201037301885,-0.6045519795442612,-0.5771351816042949,-0.5199409865868742,-0.8964499354467381,-0.8715759306370002,-1.2913014553149136,-1.058943375546326,0.18072769197680946,-0.18910790409342543,Bumps
-0.8223041590302173,-0.052450277385042966,-0.8130652555113038,-0.64042268483119,-2.552325442618516,0.15345624844319733,0.11726357720412871,-0.5660098391020469,-1.0037269816151966,-1.373314733177373,Bumps
-0.036742933810278336,-0.6492733138435771,-1.3654713492106103,-0.8071233105345912,-2.48119226923673,-0.38366502726426366,-1.0184661162326951,-0.12031959777649683,-0.20797640077288215,-1.8769376679569953,Bumps
-0.766751530215705,0.38081910639982225,-1.7365472666264266,-1.2619949253425236,-2.3332249813878,0.4843519126075289,-1.1538390336916866,-0.14457140710480884,-0.8836102774159883,-1.8508773646719752,Bumps
-2.0255969138686387,1.3498395952218643,-1.6789575199919249,-2.0795126727306017,-2.0148657097989533,0.21467934072011374,-0.999580828931986,-0.7666328075965742,-0.11071854216486762,0.26144495598415257,Bumps
-1.5638855031190178,-0.31882353068000724,-1.3033775547526059,-1.644341444940248,-3.1205217619974035,-0.5815259503725233,-0.31272331337215303,-0.7684917310708685,0.4338649685958649,0.431577002843685,Bumps
-1.8210258422817254,0.4534407971406265,-1.6409616443228892,-1.6009603238181105,-2.8661031851888232,1.0660921932104457,-0.5534128545486695,-0.13016275822983836,-0.11304621749280923,-1.3847162791923642,Bumps
-1.6045316802816572,1.6571965813032083,-2.383268849769034,-2.0571808292316724,-2.50656033587076,-0.31322257905969686,-0.039041508366251323,-1.004730130639579,-0.42844869995287593,0.6018231230373527,Bumps
-1.902211429095901,0.8953342252835014,-1.8288114158311093,-1.956423240434501,-3.333700808147756,0.9377611569615892,-0.3117017161414648,-0.2473173995954984,-0.9799454548388162,-1.2488700865257576,Bumps
-1.6484108633082204,2.1370080010647268,-2.3697839278518926,-1.9958808553234375,-3.1250255409831573,0.4753662473913258,0.007741719638154491,0.013388640897660915,-0.38093054323002035,-1.5754995020149642,Bumps
-1.1926674743595138,0.7505476704474476,-2.0856494207390055,-1.4694204901244567,-3.6735155904872676,1.519092727575398,-0.44555050960003323,-0.08785991955114983,-0.8199720367634922,-0.2023076777354677,Bumps
-1.123247750986778,0.2561316457750639,-4.117716506280402,-2.790653797373255,-5.924788409168304,0.6357892510003293,-0.19858591447788,0.683067296219474,-0.4811754493111414,-1.5815752011182638,Bumps
-0.021796467873997628,1.8607400422692704,-5.225103469760087,-3.056592895114504,-5.98062682846518,-0.2577325493133087,-0.32671530767990536,0.6751508380309162,-0.9907718511411477,-0.6874730066722976,Bumps
-0.07317532924969554,1.4625437192792867,-6.1264608998027645,-3.2024244088843554,-5.7203160291117445,-0.3573003208755806,-0.27790963397840646,0.4157776246347421,-0.20631463421148696,0.08683704212681811,Bumps
-0.5837600305410762,-1.3417216770285467,1.562239712519764,1.3209812784441766,-1.2891725504198377,1.3826017694429897,0.18246640796520977,-0.05868338576000006,0.7127465592622402,0.902864169556251,Bumps
-0.5499076012588897,-0.7859888268014312,1.7425751300670689,1.1775752585806483,-1.5975802003780486,1.1585380274683879,0.3379069804623322,0.004915950196530585,0.2306681863650068,1.0897369363800733,Bumps
-2.010519837124335,-0.400190099732659,-1.1447805183322157,-0.7550795477225211,2.174453525438063,0.7210520713923974,-1.0812432619441295,-1.4225683726148752,-0.03557621958623255,-0.18632044602500056,Bumps
-1.6230657438982612,-1.6517918655748107,-1.0419220458599265,-0.5999205548329223,0.5825053815955938,-0.46431782035604513,0.039005018125463545,-1.6845793448229567,0.21376816592945322,0.9151111653250689,Bumps
-1.8151159331222133,-1.6689597418262145,-1.1630533201525064,-0.8860753888726913,-0.31546810650035684,-0.035212403736315616,-0.4190619604274852,-0.6861509992308547,1.267337169517514,0.04079507147335697,Bumps
-0.9258622950270118,-1.6774311067406915,-1.54528627819434,-0.40993704488073396,-0.6945841468892348,0.46741703716320315,0.5065740710980149,1.159740689605858,-0.33306407779270536,-1.9416175762413945,Bumps
-1.4051133465581622,-0.7910592351500404,-1.803673221218341,-0.08561634369765345,-0.25809042944511407,2.327028554322903,1.1076780341493695,0.6963239032137976,-0.46811624405670876,0.3029301413392903,Bumps
-0.31711076208847555,-1.527739788289155,-1.1700054118893977,0.5807103544390096,-1.130809463293137,1.2830862635781126,1.4948354456848807,0.8836416763900465,-0.6690874634056299,0.29491876116800714,Bumps
-0.05857711888617338,-1.4789247476815945,-2.5798600854820735,0.42603357032001854,-0.028220444046715306,2.3955729254398532,0.5418113378690046,0.7412729086283227,-0.7842274539463705,0.4262416013928618,Bumps
-1.2316517474088688,-0.8938392667992336,-1.7133089455192456,-0.05580740437407015,-0.4596552830299276,2.6276072885835915,0.514987999197836,1.0522531276719578,-0.050279798411346235,0.6409192490069139,Bumps
0.10636735028114906,-1.8240030505717588,-1.3122769901290667,0.5635914915873922,-1.3571066597166508,0.8267638942480988,1.1321786934322289,1.1833950641924658,-0.3520398215240135,-0.32506265369617304,Bumps
-1.7978140522589519,-1.4675651341387947,-0.49544292681711266,-0.8079198451151802,-1.5563460250384573,-0.9639730069553958,1.7928692477073642,0.15219599523204116,-0.30245062676908263,0.4784814070005483,Bumps
-1.4780188296733785,-1.5407231403093022,-0.1679738920006784,-0.5772949424737351,-1.9643382651968062,-1.144123966173957,1.93212468624822,0.4410056282380701,-0.509305017937753,-0.09160572784438299,Bumps
-0.805440474961452,1.1766482197732695,-1.497901490305232,-0.2906422855028699,-0.5579779091402094,0.7584246185259568,1.0515485656535568,1.4609679709160532,-0.15927485663711355,-0.75528193854073,Bumps
0.46776722421203604,-1.3558343506654509,-1.6552328964807865,-0.29723568011560936,-1.2616912976816848,-0.4593001221665723,0.9853816481752211,1.015551761881831,-1.8547052480225612,-1.858101938378213,Bumps
-1.9566841400905335,0.173455153158594,-0.39763692089961356,-1.1959470715463179,-0.5441795123188586,-0.0070968982585670574,-1.2118891957803581,-1.0283092390708417,0.5913841650131826,0.035127303980033414,Other_Faults
0.0783229367181607,-2.239579757480716,1.1253052745125809,1.3324707260393494,-1.1398300542217201,0.026816055930385982,0.21505365560220405,-0.3046151139357345,1.1351169851784422,-1.2395071430755393,Other_Faults
1.7347006789395873,-3.0352420903271846,1.3326239214536562,0.36577668390227464,-0.6590546614889051,-2.5504048768851137,-0.6749983876139176,-1.0132760527778963,1.0155257887538873,0.20840240362377857,Other_Faults
2.0494033238594613,-2.948884181535277,1.045560638886131,-0.02049779773297598,-0.355032439456609,-1.7638984112355185,-1.8263019714079278,-0.3284081606613563,1.4993518351786395,-0.7317258153362735,Other_Faults
1.8230226915994427,-3.83118474826604,0.5615923888677926,0.39787863121053807,-0.4605637920757374,-2.4161624241384394,-0.07928637209665478,-1.454287861264713,0.9193937309885702,0.08113952860247427,Other_Faults
-1.1725750880369783,-1.8514011251868137,-0.2837218221158753,-0.3243212924439799,0.02602638407730888,-0.6670324960969888,-1.0115416930983516,-1.216292781306584,1.5687244707264065,0.22688020272815465,Other_Faults
-0.7040260470259447,-1.9175161697839775,-0.11770466625715949,-0.12127330658973066,-0.3022612521460279,-0.5812691486840025,-1.2689022036136386,-0.6124617425277314,1.508530968106724,-0.8555628104237651,Other_Faults
-3.2411326847405117,1.6756577665895347,0.7197613187350849,-0.292887804152903,1.9799608652210068,1.6709116636079624,0.4679761400254482,1.5765552810654173,-0.057306187476328284,0.6209062369702053,Other_Faults
4.36224526167536,1.4119704964108817,-1.4296994630655604,1.0572293604195864,0.01080237164319091,-0.044337594335964944,-0.14711042957022744,0.03181546436928037,0.9336962302143916,-0.10498793198828607,Other_Faults
4.4903559513749665,1.1993690254501228,-1.5308562030081392,0.9524642470190053,-0.081602231662642,-0.03510589282273653,-0.09794516066408418,-0.05904376549094978,0.6376631029249775,-0.11301634953561596,Other_Faults
-2.485248206095182,-1.9493558231807446,-2.345978721224205,-1.4859258242519808,1.9456939477090167,-0.6661435758090632,-0.20659974708465445,-0.7586167736647196,0.2887772288997103,1.2103959535533373,Other_Faults
-1.567209614211476,-3.6812222947197215,-2.671740691556475,-0.9252442065794562,1.5914870122785942,-1.1915126226214154,0.253046486641032,-0.9527337330705189,0.3714974057660483,0.8607087348613456,Other_Faults
-2.1146670363045454,-2.7198720416277236,-2.1303935009079438,-1.2707470391305298,1.4490428188535278,-0.9939652862022242,-0.22288680800954305,-0.6458158682008257,0.4806599931772155,1.1031171031011304,Other_Faults
-1.2413640253151907,-3.7195341795191474,-2.346172360644729,-0.8744535665251717,0.9404301123356704,-1.4415187261206324,-0.4165297408294338,-0.2731971209230168,1.0894169695268239,0.6678775207240176,Other_Faults
-1.984930505005563,-2.2662823944520314,-2.3208762986682228,-1.3362167738339616,1.434060494765337,-0.9931586207978207,-0.03604185834509082,-0.7064112701520795,-0.1820638024445227,1.0663452930047665,Other_Faults
-1.6438262480015555,-2.1380228421089735,1.4058975345378202,0.26739539682452773,0.06791267848774249,-0.5347168971764792,0.2869678756866787,0.861032833205237,0.30375262330004604,-1.3167982408716359,Other_Faults
-2.4188183555653446,-1.0697073672868314,0.25064531101394805,-0.5225817132290717,0.501870228764242,1.0070116760948835,-0.9156804488248432,1.2823012399113467,0.9564971927633324,-0.9415372107949185,Other_Faults
-0.705707774596062,-2.526949122633107,1.4684028326149712,0.5298471368965835,-0.6099433988972897,-1.6554686677283972,0.4757809446021169,0.060563369048398354,0.9582001573785619,-0.561034570458825,Other_Faults
-1.6093341014391225,-1.9091756319367321,1.273524606930978,0.3268659655161761,-0.7195286584276309,0.1714646734606857,0.3931812156299128,0.6399239613056078,1.1072041518499771,-1.6687571256768667,Other_Faults
-1.8505611345207136,-0.760814031088795,1.2677340514221584,-0.24899515114647963,-1.2165009155307698,-0.23201173625721358,-0.21753982750137854,-0.8289447046099648,0.6312314087396629,-1.5336915526273909,Other_Faults
-0.1927631391804069,-0.3267927539980943,0.9905122024253957,1.1406718676274639,-0.7708616258056296,1.120345414282193,-0.308947142759624,-0.7420257906712231,-0.1634405669100926,0.38481663346720696,Other_Faults
3.9395321136303827,-3.407383315238635,1.0256504417314443,0.7555389643820032,-1.1115783832858477,0.36209758295187955,-0.8433499559357354,-0.06924769075742931,0.9789080249207316,-0.44593842974564263,Other_Faults
-0.2658174669940547,-1.5390177822779565,2.95520851149401,1.8169035458548042,-0.6674463000035177,-0.18652968944629308,1.059664746736285,2.326603104418921,-0.14092528964819367,1.4693210713356473,Other_Faults
0.8208010222751123,-2.765974576441333,2.515825039650003,1.9418823627366788,-0.61747624706443,-0.3312036992942355,0.675566908992284,2.5763358383899106,0.4235061847215167,0.9784096821278462,Other_Faults
-1.259536262025444,-1.9898635722100402,0.3142559129956578,1.1731478022600006,1.497104759512066,1.7488328517942162,0.8789737649668363,1.624455555668841,0.3859775171598619,1.0027047179246764,Other_Faults
-1.4171311819789167,-1.4468089682581178,1.555041692551956,1.0816274267280432,0.660721928131198,1.3323431667009462,0.5018651346106596,2.1380801297497527,0.5859048503041434,1.2746324113269565,Other_Faults
-1.4792917497722253,-1.0824599793519072,1.5142889300216644,1.004882213780011,0.7590501403648409,1.3863778924595305,0.34356171261018936,2.2665759926783693,0.7174863886659177,1.2420126348514777,Other_Faults
-1.571429379329196,-0.9821268915072994,0.34538933225369567,0.7369370165531123,1.5435844084341213,2.0798080697508854,0.04182459113255125,2.044473087162806,0.5340053132619107,1.0988742615514986,Other_Faults
-1.5282614698151626,-1.0802116536109152,0.22268634771899526,0.6799375814198015,1.5642062822236205,2.218243574080387,-0.46606943652915406,2.303510660502311,0.991122133381125,0.9613439496449492,Other_Faults
-1.6086712941844252,-1.090830891464588,1.3088853551279789,0.939874646220979,0.7339226661846684,1.4862087376901139,0.6315273167799074,2.0758775207053155,0.5069002781025418,1.3189471190531874,Other_Faults
-1.398470124752144,-1.7960574199042658,1.2740827193049342,1.074059426269279,0.46442880816830995,1.4554160852419855,0.22357910970702133,2.4604562688365634,1.4943454970285541,1.050768999606,Other_Faults
-1.2990586902615118,-1.017481721286318,1.5513774002166267,1.1416574043184546,0.48181680183559933,1.0864580318991315,0.9294490358178984,2.066337972171922,0.1989077345357496,1.360784325710867,Other_Faults
-0.8573704552796597,-2.172673517691576,1.4701495416381136,1.4015122661823458,0.1663027452031951,0.9232859070966057,0.7204956306267796,2.231876996978881,0.8208618899023377,1.0865935510458868,Other_Faults
-1.3261361106015082,-1.845906818999302,1.4630853944301514,1.176828428383463,0.2979484663255967,1.2477720630554252,0.6299131694428242,2.2415080267159415,1.0214881281489316,1.1855900146301688,Other_Faults
-0.8914728182825977,-1.847256376203768,1.0396000204537184,1.2018497411542193,0.544338355757255,1.3227245532741707,-0.02979380342214097,2.4608694414345966,1.078833894773043,0.9647100911414768,Other_Faults
-1.456764397244286,-1.0137806828487426,0.9897955818729132,0.9102282840178545,0.9043479429282449,1.6214264874610518,0.3209872305657092,2.2019962695324105,0.6098148486430919,1.229306982805214,Other_Faults
-1.1934626273620508,-2.065524502418164,2.5296426345880825,1.3922554141398507,-0.6084918688989089,0.5863374301982099,1.0922517643188132,2.2636892885508604,0.7676512060715986,1.4346576138229905,Other_Faults
-1.2649224096873155,-1.974873557662673,1.365562867363744,1.253497556650068,0.335472226448602,1.1587449568883865,1.0546155182757078,1.9252065241922487,0.5323630792641132,1.238436466394788,Other_Faults
-1.0083984299006377,-2.392406344420962,1.3318372095392006,1.362275741969422,0.18499564183841996,1.0917535425631648,0.7769844975882774,2.118327568379208,0.9045061771220272,1.0886336187813048,Other_Faults
-1.3408180048599962,-1.10903430793478,0.11917248870545631,0.10836979018316749,-1.5384747439690787,1.5919051666562591,0.02145510583032539,1.923455660620768,0.4600751520534407,1.4281035102794244,Other_Faults
-1.5497647896672566,-0.7154342866667396,0.202742076144865,-0.005584346437159467,-1.5153446906154338,1.6596949043526112,0.1461801607553033,1.7976390204921326,0.08255088173268925,1.5944713761903084,Other_Faults
-2.4202552740164855,-0.8681263001854044,0.044884091066856445,-0.6300746379673698,1.413813665117755,-0.2056003029065605,-0.3137535704194039,-1.9203695403492655,0.30596679175645014,1.1894793904300998,Other_Faults
-0.8980966267556244,-2.8792133452196893,0.29808969451874157,1.5026280597138166,0.05317396155134295,2.25080556877521,0.5207377887642071,-0.7989168725028387,1.3093947714154401,0.45353361184993585,Other_Faults
-1.072333738853627,-1.9357538096710407,-0.2590955947261477,0.6461334625359368,-0.18889882956371534,1.8684665651290455,-0.14249261017628984,1.1925176425118256,0.8279005367491857,1.0035290060754087,Other_Faults
-0.6282811812993205,-3.5704668514413123,0.2553564969691524,0.7970180556263482,0.6192815085917768,-1.6738320198491572,1.1687544562306738,-1.022419799884547,1.0651371446234943,0.14992509361520912,Other_Faults
0.9143593957672551,-4.182105489689283,0.38889856506572257,2.314914026752362,-0.07669705897812437,0.9573844905580529,1.1639001091867243,0.16011857755910694,1.2798767251220027,-0.2946775538747649,Other_Faults
-2.060304874398529,-1.909337574896922,0.8486152839323258,0.020445477390055058,0.6316539325078581,-0.8342463150839354,0.7250091085671546,-0.5861241389858117,1.4255223687903942,0.3108543772519933,Other_Faults
-0.31087229188309673,-2.7720419084501966,1.1750131065781437,1.8982419070941248,-0.40294776904587093,0.938653483236036,1.4319022339525644,0.17619975265924473,0.957224970012882,0.12109354822000086,Other_Faults
-1.6293542252682907,-0.019918414786545022,1.7097849838463708,-0.2848332626874022,0.006653703790774629,-0.9770420546806584,-0.7250183335552823,-1.7273264684439598,-0.48585583584444775,0.4452421813226662,Other_Faults
-1.2208380431031047,-0.673985250658488,2.0206634017858547,0.30843965898396253,-0.6423865552417989,-0.9222970141190516,0.035880783622782644,-1.256183937375161,-0.5592059527475025,-1.3368726459538796,Other_Faults
-1.3260430983623832,-0.11893373788578362,2.2433369067465394,0.22456426528075024,-0.6859301522263754,-1.0886099516222447,0.10647903687281426,-1.2346724475671291,-0.5698764362477651,-0.9465489695194886,Other_Faults
-1.796119459540756,-0.6686330664928178,2.0322346789590955,-0.050095460099081,-0.7232046418970944,-0.34077952947289286,-0.9278200927906817,-0.6689350264938516,0.8181640864296227,-1.4858969278015814,Other_Faults
-0.921287341224651,-0.9457036557347027,2.1071971078453005,0.30884528865993577,-0.8665311515699842,-1.749141507020606,-0.09042220057563562,-1.4174433222873146,0.01556480497441432,-0.005168383613794687,Other_Faults
-0.8758700247418727,2.1339632082119393,1.3206860604788961,0.35676956662845855,0.24696241507504926,-1.1658571844398413,0.5158957430392677,-1.0590927754367594,-0.38480493909240854,-1.2137121129095503,Other_Faults
-1.1289859006089578,-1.1301878905596117,2.064324974614369,0.19394569659262856,-1.3021674334529207,-1.3388056263434311,-0.29602162963096834,-1.0029974048943375,0.4701655263424871,-0.6744998613522291,Other_Faults
-1.1811429381830252,-1.626152794137098,0.7312811308457279,0.5797289018200061,-0.5176846973152056,0.9834638801760209,-0.4880283807904274,-0.8397756315813097,0.9611822347427261,-1.1347144881741569,Other_Faults
-0.8469444755006071,-0.30270213956977676,1.8727526897284492,0.1463570486275381,-0.9196737511715584,-1.4760349542980644,-0.09997443494107355,-1.3965680479268558,-0.9370707322025651,-0.35774608349308906,Other_Faults
-1.6844544586520043,0.6747806277076043,1.7129822331764009,-0.44419608172260366,-0.3994574678065134,-0.8089687954649399,-0.6314313753310676,-1.4812017747769461,-0.9914283222013802,0.07929351457622957,Other_Faults
-0.3366519669225152,0.5923723320165272,1.4663663146487196,0.7831878197828219,-0.5364783313987138,0.2945339457996125,-0.1938432520424837,-1.1355597988173758,-1.6049365402382076,-0.13757289887916543,Other_Faults
-0.44817622683687836,-0.974407610904383,2.527889912104791,0.42473235262459064,-1.780172695231635,-2.157940847744031,-0.20259643146103037,-0.8630991376986368,0.11417825443342149,-0.3351653084033244,Other_Faults
-0.538758474594148,-0.46051523891651014,1.7268591618635993,0.7887140061480518,-1.108684558871469,-0.021189205174873754,-0.23569675990740713,-0.7579888877530162,-0.2707004109450645,-0.7538720939746253,Other_Faults
-1.0195354465944486,-0.9494331886622651,1.721709045681792,0.10381126871241675,-1.1078185851455382,-1.552181664845715,-0.21568635815289358,-1.2765286150488848,0.1947465363110534,-0.07801577216198335,Other_Faults
-0.7986494646455814,1.539747940097139,0.7656618780005702,-0.03526637126633419,0.16595478476439754,-1.3141451381252023,-0.05649132890642719,-1.4890996973954098,-0.7847975486374773,-0.11978056211799216,Other_Faults
-1.8157422734066035,-0.5956439086802315,1.1159023671985577,-0.31346734999262893,-0.5009276441853149,-0.5082583947741577,-0.3504418957475381,-1.3163344291415975,0.2927419982663288,-0.5491367364056432,Other_Faults
-0.835507655837186,-1.0217372457262295,1.6461818229663931,0.7965272781382108,-1.308014520032873,0.3405163585882686,-0.08853056609860195,-0.7040563977484998,0.34667435594742835,-0.6611995887333066,Other_Faults
-0.7262951172104298,-1.7100494577243752,1.245594372688647,0.28846738395064164,-1.109776144536809,-1.3591357649925686,-0.22261635389170845,-1.1307478094278054,0.5170645009350662,-0.798002827965068,Other_Faults
0.17765986726016683,-1.390506016510719,0.30312860746371145,1.1224915801028188,-0.45404344518451245,0.18831844339781326,0.2305978656428428,-1.1873930753559012,-0.603331810802997,-0.9887214532370694,Other_Faults
-0.5305596078623247,-1.1621371944573695,1.389441503489153,0.8322393527961964,-1.3802806171076327,0.1698057090216032,-0.3742151996324771,-0.45304555957606313,0.5914142362319241,-0.9698907360839603,Other_Faults
-0.39815326185930333,-2.340968548970517,0.6134089001419659,0.9328572530044341,-1.080881151858673,0.48815931773857707,-0.17575795865755037,-0.7521576104858871,0.9145368109450208,-1.2226252878022408,Other_Faults
0.166789053791953,-0.25763051663665903,1.370848056810536,0.998649051298327,-1.1274859212263237,-0.2744591626597487,0.06805213774408021,-0.9666682256229565,-1.3481453290857217,-0.5673541277091937,Other_Faults
-0.2915834536706569,-1.5201434145873443,0.7561549182396754,0.9247123549928414,-1.0242944219906485,0.36843650777237863,-0.1911886832772104,-0.7235082653384235,0.36918549418104885,-0.9821843716848816,Other_Faults
0.16494472278800787,-1.4445944253187244,1.2829000835268811,1.167246960928575,-1.4871081637333405,-0.20874000324191277,0.056793657927625196,-0.6979685961333698,-0.05587644784890427,-0.9038566376623338,Other_Faults
-0.303440398746088,-0.7991988323575021,1.026957104563755,0.9749678249714081,-1.0578809914857694,0.4486949675544212,-0.012622026913964825,-0.830031889568193,-0.219907193851028,-0.4115798539206375,Other_Faults
-2.4496397495689934,-0.10651532424405719,0.4036672914375309,-0.9061604330820516,-0.7546920053354911,0.5163089845189659,-0.762321391347535,-0.9516898242717875,0.4788987555105622,-1.1975389713720317,Other_Faults
-2.059786424750085,-0.6890353592074673,1.2717760745817894,-0.29489613973842066,0.9448993987933223,-0.4073154269567225,-0.11335526443311522,-0.3627597103973318,-0.16235884016205956,-0.048931071262299335,Other_Faults
-2.1616984569855466,-0.9149354501857405,1.1376292254555544,-0.31221743026212473,0.8421625985824815,-0.6415053603747215,0.08245947854297601,-0.5486648385664997,0.5356060340065828,0.46749305690218823,Other_Faults
-1.0043945577714453,-2.6318663296638896,0.27993069157192085,0.31782688409894005,0.9292869203754538,-1.3145134299423262,0.37649338891508477,-0.8230626231472501,1.0917110104668926,0.4595624442169777,Other_Faults
-2.5717624454402808,-0.5402142636701219,0.05188125862939108,-0.7112777948148109,1.4778041173434733,0.014198211335529775,-0.4788769888017917,-1.6685903581688528,0.6468873664287217,0.7575427910652124,Other_Faults
-0.8046647656534531,-0.9344705537199252,-0.4174156040633087,0.10859846507927957,0.5929184686786382,1.3493475335017628,-1.7295136545566296,1.291469417474493,0.41892799447524504,-0.06504232592696679,Other_Faults
-0.1443511432471774,-1.8034889796726494,0.09830859503456033,0.9169065192275142,-0.23110484547943122,0.7906177062469999,-0.5117588959763137,0.9854448823912885,0.07714249186032035,0.3898642705128148,Other_Faults
-1.256937749595054,-1.4899150805705412,0.38945109062397576,0.3201509031143396,-0.29126816660265464,1.067258389713922,-0.5363275438347337,0.9636938395659617,0.5165348994408904,0.3371078258070999,Other_Faults
-1.0917346658559375,-2.482882470324175,-0.8237925437760599,0.9451129429296394,1.7572628961605834,1.872175077293462,0.775244232481438,0.14529559683291432,0.18709667069353658,-0.8317182882489608,Other_Faults
2.040460107532109,3.164380211537635,-0.9880956198837815,1.7918871379559032,1.1463852945426862,-0.6372665507646882,0.5922030500401545,0.12399864531343316,2.2033957019409516,-0.7907015596873119,Other_Faults
-0.8534826060290398,2.147868591751552,0.33308016518206196,0.704440046466565,1.2382702614154293,-1.1426620899021833,1.9932993014835287,2.3652425752580024,0.6604058664233879,-0.436360151514967,Other_Faults
2.8726834833440478,1.8041829323340168,0.12816328427975365,0.8101194803352725,0.5000099178634038,-3.011639265377691,1.0368599221716759,-1.3119410718003073,-0.6788808896206705,-0.2903400735147385,Other_Faults
-2.7564478947253335,2.358781149344305,0.25738689894409333,-1.2061747277797432,0.0026320856939865333,0.10696729114240534,-0.5828849179474902,-0.9341207705574994,0.944004371723381,0.07233976364498584,Other_Faults
1.6392764916113296,1.1038840438788333,-0.6047529760387376,1.9441413384188075,0.16683252334464002,0.27376134184881884,0.8658452569096818,-1.0212699624435377,-0.5007598074910057,0.15229925168368696,Other_Faults
0.265004013609455,2.3856018007126454,-0.041497344497132015,1.2143708014263397,0.8540965433088437,-0.9686526738624236,1.3839193194130615,-0.9110623556378877,0.252739515727178,-1.7403357125436991,Other_Faults
2.152693317237993,2.826480252616705,-0.2812697443217212,1.553266878510777,0.5262853920011697,-1.7794380019885376,1.4651799790465185,-0.08331206292193358,0.7486383764763939,-1.5113612437652792,Other_Faults
-0.3974424958353664,1.0015762285584373,1.3822107496233142,0.22166920560863834,-0.49465772692160725,-1.186738899167521,0.10042374240434537,-1.1075200448365818,-1.9652519596643534,-1.0939993239675148,Other_Faults
-0.17252762123650167,4.119871970018641,0.7388607892547968,1.1087568335170779,0.36502791371486304,1.4309385893703175,-1.0045366888147826,0.5357164940337037,4.112647422250926,0.27277324848508655,Other_Faults
1.3065016460102603,3.897000629921437,0.5821573101610581,1.0970327654934675,0.8256737217210972,-2.5098833035390737,0.8977845335996414,0.7235328488301099,1.5236797774677584,-1.0128344502855091,Other_Faults
-1.5261654814221444,3.0489314077553598,-0.15696262448473122,0.25486949267941567,-0.07275066375316898,0.003971526509536002,1.9988617247571252,-0.7689674641590116,0.7339894133552299,-1.0896291776302105,Other_Faults
0.9455777806799807,-0.8899119976828159,-0.3412946734374012,0.5788040454056189,0.60550693207465,0.38511577788290696,-1.9254091844726873,0.8062016654838827,-0.7439893486266628,-0.3398201373683912,Other_Faults
1.135711351129092,2.6552016414261717,-0.57835497528861,0.9677585794446906,1.0861387745442193,-2.185728905120797,0.9344658416349981,1.0102742836933116,0.5404876389495427,-1.3625149761630087,Other_Faults
2.138310860887077,3.0992897673396707,-0.8063849521275084,0.4572725813533758,1.4646940330953666,-3.02564098052164,0.3425978423436493,1.2207446946584657,1.3202448065094579,-1.1359771596844688,Other_Faults
1.6137493395455276,2.2288003183023886,-0.9235412892549567,1.101935303159371,1.2056191127550933,-1.6989100834430502,0.6309820559416442,1.0021187633774873,0.686746230432392,-1.1030824489483981,Other_Faults
-1.693934670576141,2.4612676031031273,1.6342171060129924,-0.30872543834097294,0.6918950214349907,-1.8834545478562974,0.18438316190129625,0.2785723317766867,-0.23135864473905066,-0.3427128045774308,Other_Faults
-0.9579278872781435,1.9300160513941773,-1.6620391191919321,0.1481546266655744,0.8491152660350522,-0.174047093157606,2.1610618478178543,-0.5945591028478134,-0.19435050788237587,-1.8667223515859577,Other_Faults
-1.2061135349315302,2.2669775077857794,-2.4722373467641883,-0.029188224642350914,1.4380221398200008,-0.04633133912679905,1.8230246171567406,-0.42136658861468057,1.3269258484285176,-1.6311318754415558,Other_Faults
-1.0706757418911679,1.7926095214421036,-0.03798631800043694,-0.27955513706467566,-0.18055735271093312,-1.3487621912182548,1.4607504177674104,-0.9685743025827364,-1.0554370680750254,0.2125403902494965,Other_Faults
-2.2944178775502246,2.336846423928001,-0.4548331603994391,-0.7314030872977667,0.19155295062722494,-0.4241918186125997,1.14264701214828,-0.33415338978188297,1.1971790820533597,-0.13326221773552535,Other_Faults
-1.3790668222093085,2.4456429904070136,-1.7894570760555355,-0.2497585323564683,1.0299121529078645,-0.8561294863136647,1.8254006986102524,-0.7509461360249006,1.4742701077720646,0.09938482644368332,Other_Faults
-1.7457658480904303,2.2371312775031345,-1.976607230650957,-0.35687951660528927,1.10477351589114,-0.06130524532434536,1.5286254313418635,-0.5261076887673224,1.502899401038121,-0.914027671939497,Other_Faults
-1.125121671628425,1.5228072278066136,-1.2241849417405368,-0.3246079471675117,0.5309167178540259,-0.9961709945135316,1.3986935712064061,-1.2103244882474664,-0.02714511149825957,0.4058685904349316,Other_Faults
-2.04997891762509,1.6201908831333889,-0.5625419281706296,-0.3682378924709191,0.164058241128044,1.7575248640688133,0.5278273300398248,-0.4692098876822462,-0.5744289728440315,-0.33512560967405464,Other_Faults
-1.706999478369257,1.3626350764394497,-1.1384048050373277,-0.5100217320863345,0.4709450199646092,-0.6610806695085237,1.6825568041865093,-1.224400641164431,0.03449361473489193,0.1512574093310284,Other_Faults
3.785589377876922,2.714130442382157,-3.749582362509183,-0.05495404126268898,0.20456852981450357,-1.3359029205998172,0.9553486853749438,1.336008332781625,1.8405134585038263,-1.7692447540268756,Other_Faults
6.730535624506234,5.315649870341608,0.17423921906227638,-1.7057951481475888,-1.407864646020553,-3.163464707122778,-0.7579329912055687,3.484204910849588,2.5379396229609035,-0.4842059968818137,Other_Faults
5.904871268427451,3.671165230261336,-2.393790112587673,-1.0372219040160524,-0.12907773759855795,-2.2090794818111634,0.5482797707569436,1.847753418791798,1.9953173505577753,-1.247426329462497,Other_Faults
0.4267911854988658,2.5689911013679994,-0.39259062189198385,-0.3191021254750051,-2.24029249420601,-2.8272070082120666,1.2981685317262426,0.31297908413742354,-0.16367191878554593,0.9883638182513771,Other_Faults
4.92994616657959,3.521762216429672,-2.501353676900751,-0.5328958377618328,-0.37201206003399917,-2.264331161786081,1.0557661354210413,1.5621474610216342,1.5671199717238362,-1.3698084196771896,Other_Faults
2.1319063178818856,2.790491398757505,-2.0314290732539386,0.2600080848878252,-1.2221588062576538,-2.5658606128853143,2.2258428425868733,0.643643641937359,0.1188135261860017,-0.9275347240380912,Other_Faults
2.6199860085016398,3.0872183459654985,-2.242247963568259,0.19942285157227452,-1.0228057646024036,-2.5509323290179204,2.0877465494155962,0.8309944462617117,0.4897340546724628,-1.0040634007223639,Other_Faults
10.36090868555489,4.541739008854607,-2.8219817125160778,-1.9012311325741813,0.9328509844655691,-2.909309610293337,0.5866036635505124,1.8066930349843822,2.7460614537404346,0.08477981976020506,Other_Faults
3.030930174338744,3.5478320014797866,-2.6234709379855254,0.30809479055725586,-0.7631227409321187,-1.8449524130156578,1.655315875140517,1.3296348807616483,1.244652653838546,-1.2533393345754682,Other_Faults
1.2265928324673758,3.146345243073525,-0.9271982154036748,1.2060481019358549,-0.14812793869725482,-1.3228988293308024,1.4796558004954983,-0.1893670820859375,1.0502110128483193,-1.447480970541788,Other_Faults
0.08258035801330318,3.105641418422039,-0.7193726713009873,0.9190552556825405,-0.18409433562087846,0.013949255425202244,1.1280448426799405,-0.10602352956898287,1.695458740498157,-0.6752050340285262,Other_Faults
1.668672289685884,3.262251079495535,-0.6626233670839481,1.3899026111269548,-0.38912301789906417,-1.2755707168042647,1.3170102546195488,-0.008116541182152508,1.07656752137471,-0.9541522322193254,Other_Faults
1.300902138133589,3.430218837278433,-0.6777908794459115,1.2075750461389159,-0.33571635384909887,-1.442681563137138,1.4081327735961597,-0.04051083571996776,1.1191297419681947,-1.3213081619297762,Other_Faults
-0.32081263990649234,3.255872244799168,-0.680265655150972,0.5275551274778104,-0.12857912570623775,-0.5625980740871122,1.3609895654000785,-0.3212950490193637,1.2102467812392534,-1.410479355671534,Other_Faults
0.025755400000851476,3.0879193120239385,-0.9985886852433344,0.7443742405729814,-0.047780813541118815,-0.0734440209950174,0.8296756336607678,-0.06203726523616794,1.7734196081045777,-1.0914983816627972,Other_Faults
4.413335699266329,3.5461453826480667,-1.6817529636489807,1.0944329300955162,0.5297959508381064,-1.5821837884546197,0.6827613695634639,0.3080699305354423,2.0116425659337445,-0.7231297579232147,Other_Faults
0.4980198620459419,3.743090424037069,-0.6122973998308439,1.1230822617034095,-0.3046759553411251,-0.37373870761847455,1.3327247892853293,0.030381450746833624,1.7163794232218512,-0.4325713530988138,Other_Faults
0.23936018148447039,3.655557547625307,-0.4547388717111416,1.1109743125658096,-0.37708264826521054,-0.3496278862564191,1.856910205999068,-0.2859712578445627,1.2432565392838875,-0.2904902757671653,Other_Faults
-1.028556835071357,2.5469481185768106,-0.7201423631421736,-0.17242682002785228,-0.07534691623796608,-0.9480044111300228,0.9458861417610432,-0.9281034990006232,1.1267113629867351,-0.6690962829760664,Other_Faults
-0.35419319422317735,2.9299783731065054,-1.0218597630193578,0.15052786478735258,0.13059370138020837,-1.758177926094883,1.4908812680948855,-1.1417958322433133,1.3528258489985947,0.09458337723333217,Other_Faults
-3.181705773476958,2.854929210450007,6.547263645869099,-0.6049562405612511,-3.0225364376901336,-1.5911807980410686,-1.1213831181932212,0.6722450767631791,0.5512633569105984,-0.03327510000490063,Other_Faults
0.4108640767885534,-2.4276265053004686,-0.42510290209789175,0.34284768411637123,1.13137165431347,-1.2751938727628216,-0.7378531812697832,-0.21786948435978953,-0.6113602262496376,-2.114127186401605,Other_Faults
-0.16227622662035499,-1.8289454433095234,-0.540107330798315,-0.058558482919557946,1.4162467306172994,-1.0220983196139257,-1.5778369049567214,-0.1380184084837351,-0.3354869499252299,-1.5365924878551993,Other_Faults
-0.6748400044758389,-0.9519295085331795,1.9969177213496996,0.04025521948825055,-0.4065650200442728,-2.1436593541415054,-1.1164642601292964,0.2680153704043116,-0.19658717641175386,-0.6859944747110347,Other_Faults
1.583496340630848,-0.4129427975358759,2.2800984802763744,0.2351102058373543,-0.43761191964917456,-2.496775263268731,-0.5756096399342098,0.4309779822016526,-1.8571702001595003,-1.4461017728609895,Other_Faults
-0.6918269028349936,0.9166781899226675,-0.4466501490922395,0.36999222291875755,1.5035518096860927,-0.2691212971292341,0.26311127437233983,-1.73989176674049,-0.6352116152618204,-1.8047288053343513,Other_Faults
-1.748795325367943,0.6960787620410082,-1.7818171859909926,-1.2884773510598806,0.9902195536291295,-0.616488863639432,0.16458295549730673,0.2669345060797716,-1.2032272861769127,-0.36964901701330527,Other_Faults
-2.4937797915671474,-0.1949846722814185,0.8625720757993028,-0.5022299299989108,1.41619732265367,-0.18345478936211165,-0.22885342252903032,-0.49716422821501255,0.5241907924703441,0.4217662783461299,Other_Faults
-2.20775096089536,-0.357512892202852,0.7044872064252766,-0.43990040562016625,1.4166269433247054,-0.03727122127027823,-0.6644614363377153,-0.12092035386450771,0.7946157837486354,-0.11183979698599898,Other_Faults
-1.8888049161093454,1.3218778846026775,0.48219845966635266,-0.45683778403511655,0.7446838283347795,0.9435269042256297,-1.3629437049151258,-0.6960947708027493,-0.24552342807869593,-1.732610807212929,Other_Faults
-2.900948116229736,-0.28862543876858376,0.03230984800740737,-1.0119821435796532,1.2330137994766446,1.0710710368050953,-1.1276303906054432,1.0918157035688272,-0.2574380241253168,-0.8519637627689199,Other_Faults
-2.603119406236135,0.08480747719109488,-1.8062907326346098,-1.40850983046405,2.775122940742288,-0.7457968348747175,-0.16707356743376142,-0.5141484470201348,-0.09522323119129651,1.0121090730041133,Other_Faults
-2.9466265500903495,1.2535753793921964,-0.3217727303990539,-1.4082622719952693,1.5790838952288566,-0.052180550289093644,-0.6684650511432333,0.9199199826011303,-0.09797485155007903,-0.6300094250423097,Other_Faults
-2.8039588221816625,0.6434989509015632,0.20887288223041303,-1.2164545811236995,1.9079341826390928,-0.1232361486065233,-1.0287794944777897,0.3931183916887692,-0.9329466310979176,-0.41084149465239306,Other_Faults
-3.1919323292458066,0.43208340259501876,-0.39869180158597756,-1.8664509204437691,0.5905898170530947,0.027278733696142175,-0.772699871148654,0.7398456639058748,-0.7575870039154511,-0.21048969008614637,Other_Faults
-2.989013900661346,1.553439328389937,-1.01572776062238,-1.4756394468244332,0.7386385403486782,0.3919636989120667,0.3625031197782341,0.8946008691682096,-0.7184599075097461,-1.1207319065414496,Other_Faults
-2.9528767080540153,0.023898440443818444,-0.9834841177494187,-1.9797275757147534,0.25592514812142914,0.26719293209590317,-1.08808051563369,0.930865648826573,-0.7058821327057242,-0.5316129928625488,Other_Faults
-2.5674423785273968,-0.11935938865988026,-0.03772306241861412,-1.195849905701004,1.965530692679058,-0.27214049927294687,-0.9095242785276038,0.5043375553903547,-1.0704382588378383,-0.29094170728833085,Other_Faults
-2.762451290740098,-0.33190532307542986,-0.14697287709815832,-1.274563617023381,1.6064151962690207,-0.07800705391716987,-0.6133137689574852,0.6358519477358172,-1.073532757630299,-0.5359840968017928,Other_Faults
-2.441073230510636,-0.26851073656929,1.258016023692652,-0.22277919910320101,0.17703347966365274,1.3337334870031965,-0.8038886946386209,1.7454276646580555,0.28024262972558706,0.6149673017148837,Other_Faults
-2.408162876737239,1.9193203731904604,0.677701045409131,-0.19280364899623179,1.0348259110294344,1.8292237350159943,-0.28152742789285906,1.5954491703602167,-0.24960183270408245,1.1834738076022908,Other_Faults
-2.6129838577880404,1.3352506903201977,-0.950969469015022,-0.8626057085263691,2.0421384417285213,-0.15765251909572323,0.8380775472317658,0.8813490319558588,-0.16075545761717094,-1.273678437838176,Other_Faults
-2.866373525201459,0.5209216981228751,-1.9092935366357622,-1.5139212672594782,2.7466728692477407,-0.8481704695016449,0.07641662431918554,-0.07326943681804665,0.7664637834430542,1.2298913093062336,Other_Faults
-1.268397348945113,-0.9654975157723111,0.518788904070682,0.3601232841742737,-0.21258492048252864,1.3551355117972486,-0.6754454895354058,-0.4462853544515548,0.4217070454281315,-0.7493364070545697,Other_Faults
-1.2263565910591354,-1.125610007340712,-0.39723229580315,-0.3690229657072264,0.35169066385779385,-0.4760054565743283,-0.7827134791920591,-1.239026268007274,0.5022322241125435,0.0998444507170765,Other_Faults
-1.1706012003963038,0.24259537553486346,-0.8928985655411389,-0.4756948268888419,0.9522706135217239,0.6309967045866022,-1.0748142320330223,-1.2177852402379878,-0.6099305215172316,-1.8608444349796915,Other_Faults
-2.3162184335082894,0.7324776098369457,1.8772598640815477,-0.7180069621445049,-0.2660970630116695,-0.4391711361060478,-0.8641779197687414,-0.6073076559451722,-0.3990398571860374,0.24303741042893698,Other_Faults
-2.1800383471616334,1.3628327444530093,-0.29903915943168846,-0.6421447090343768,1.3070418623939972,0.21711590088090774,-0.02633379206701064,-1.0452174386879867,-0.05254502522215667,-0.43965356693389146,Other_Faults
-1.7498802952506867,0.42338001853157675,1.3519097916973282,-0.6044630532487615,-0.28869755356468313,-0.9820654125655579,-0.3796309918650649,-1.1941659836301726,-1.0614566095033526,0.985718478534433,Other_Faults
-1.3847166519173204,-0.6446687135690512,-0.27614787446127803,-0.24766039782697993,0.4466415844673579,0.3081053929451298,-0.33115459943146336,-0.6661058125580557,-0.6178916110135062,-1.8051397962341125,Other_Faults
-2.454676447760358,0.3910112847333694,0.49874128370628446,-0.47382249703636087,0.21406160982086403,1.6458612538320505,-0.6653443037782241,-0.26399859454703617,-0.020630723520114417,-0.83271466107028,Other_Faults
-1.880281776650111,0.5949151121907011,-0.9392804543983366,-0.6550152132663262,1.2789345113195183,0.9362819732157869,-0.42502097777037223,-0.8111366186652831,-0.5352977304467205,-1.7668760406518347,Other_Faults
-1.8183051096060978,1.477924016402569,0.1293983770317562,-0.27854825576157743,0.5213464276739306,0.918610029021515,0.3060904770970046,-0.6362978249764853,-1.0648484879621147,-1.05795723527321,Other_Faults
-1.7255330744005233,0.6559734751557373,1.575644195072009,-0.6481675896102319,-0.8672373231988867,-1.0620775261480588,-0.022135146549283738,-0.984595007693933,-1.5731014823197653,0.6334923751858743,Other_Faults
-1.1609325625795597,-1.3746459479991078,0.004535872055909786,-0.0686540706532177,-0.9030609955007538,-0.1276766098941955,0.34092659554529975,-0.38842932867181257,-0.4255793585602178,-2.1471711405493985,Other_Faults
-1.875326364769476,1.5575139972580916,-0.5712341312004922,-0.2892016213543762,0.33714599326608563,1.7519079828277724,0.32466981768587927,-0.5193196327112752,-0.5999267051942142,-0.3519941151109242,Other_Faults
-2.059200178121052,1.3366050586709441,-1.1527239133072706,-1.1498968638426401,-0.18184640773150357,0.5789263704791171,0.18953893164925598,-0.6436703465675495,-0.8220297342229222,-1.1388948982182499,Other_Faults
-1.532720930936019,0.4594583164609471,-2.394824745165147,-1.6001014585721924,-0.10411505093881344,0.8874950434290462,-1.043835285052541,1.2897747912151243,-1.1789416196106024,-1.0504141732796952,Other_Faults
-2.409780338246615,0.7811401031387933,-2.7482437233497934,-2.7665452904969987,-1.2409102941057104,0.03907375246059725,-0.9145992914881734,1.0692210216507423,-0.8991676374531642,0.10610422100638149,Other_Faults
-3.013803822312185,0.7782158053132453,-0.11958463591369656,-1.2114416743492207,2.434787624646823,-0.30885302432298556,-0.3369799705279581,1.282207976973998,0.08043324398209462,-0.24288690746483663,Other_Faults
-2.757631308367805,0.6885206087658647,0.7515943665585733,-0.2940086042892871,1.6947989348321264,1.541926260621944,0.11351833756803371,1.420196100882404,-1.0716711913558066,0.633798106371789,Other_Faults
-2.0675856607718393,-0.8555178342273043,0.41084267256089263,-0.1118622411704006,1.4935959131486864,1.4420732194906198,-0.5872805151010152,1.661539253335736,-0.5688023039042208,0.25376596890988273,Other_Faults
-2.193645531880837,1.2182782202850018,1.2125230191883547,-0.7388419096489199,1.3438934706807752,-1.2544804421268354,0.17422927801524474,1.3476004483507253,-1.4553351304724509,-0.25965611438358616,Other_Faults
-1.9940323556725854,0.15941087583187777,-0.6329881363429622,-1.0276290848933733,2.195497208686804,-0.6143274363659349,-0.2601745623210909,1.1519323659335192,-1.035040983618245,-0.49007230603803925,Other_Faults
-2.770968219775168,-0.5763055642580026,0.014337286558185494,-1.2951368142513948,1.2707845623201777,-0.03937872117532184,-0.9707014876643921,0.7223223385923405,-0.4486478049666852,-0.46259004429529293,Other_Faults
-0.45767803048918154,-0.32870811908646286,-1.0651865881627556,-0.41128168258056796,0.7669800039680474,0.5533356133098996,-1.5147878449436478,1.687060636098818,-1.1743917453498127,-0.7584571255861251,Other_Faults
-3.0689778743622855,-0.08717211744225242,-0.23720899506747814,-1.828938388370068,-0.03793544722443681,-0.2384413865486399,-0.6463684426621474,0.9731608490149576,-0.46120096880928846,0.047967666302016695,Other_Faults
-2.0083711789073884,0.24767283275812957,-0.9515640431280892,-0.772810946024182,0.31053096121855656,1.8970313229736162,-0.8455167727361389,1.5064196205394145,-0.5043374546934796,0.42787053913612255,Other_Faults
-2.0410083734152034,-0.056900933788968454,-0.6010962565980127,-0.9547422279972858,0.009777453922625363,1.350359775479375,-0.8886755749007548,1.4769185328493324,-0.843361008859875,0.039481566560075385,Other_Faults
0.26505452828722936,-1.6347793168460139,-0.7733861214821333,-0.10362699783921218,1.547587797705402,-0.6245763354358632,-1.3003840954329564,0.8153316739676642,-1.6462104634756378,-2.038104209858937,Other_Faults
-2.631294613933666,1.3287483116205445,-0.001380913178483606,-0.8067552163719387,1.63037786045362,0.8312401254842909,-0.6226623364418609,1.0611348721147873,-0.1427839182643252,-0.8748413811828178,Other_Faults
-2.67134841275581,-0.9448385768992333,-1.2163194352000193,-1.5617873789066001,2.1902524657020455,-0.4797486201411982,-1.2003157404654092,-0.43304427420278424,-0.14124961581737724,1.151945549997154,Other_Faults
-1.909723137189827,0.2081759670677016,-1.6113270874711898,-1.1682880643903313,2.4840655054229495,-1.0397315154129696,-0.4190632081264767,-0.32798844110643494,-0.19020908281304552,0.8615673109280507,Other_Faults
0.24000715246386295,-2.1411636559188554,-3.242823456325676,-1.6759443072107574,-1.0634438297929567,-2.017301457685611,-0.6843480305989288,0.5209399848981504,-0.665474979758851,0.9158353969395027,Other_Faults
-2.6574709121175055,0.2839014366810724,-0.13587529966929196,-1.3357728824797397,2.0394051847562977,-0.3039413624281822,-0.8774438009348348,0.6425827153549601,-0.9898155207077147,-0.16437657312326745,Other_Faults
-1.9608071479950808,1.644752381784932,-0.04426704277882789,-0.239238338445301,0.6929829988884003,1.6489135138006366,-0.0281824308774532,1.6478497025114538,-0.35657046489848326,1.0611801972546155,Other_Faults
-2.194560790232635,0.16805147064606069,1.3714969324527018,0.14113503611624598,0.6370608785233302,1.9611537851928211,-1.066214851568134,1.0400707101855449,0.19524308440607274,0.9997679782514821,Other_Faults
-2.18029603353992,0.1553498951871087,-0.9531161733817287,-2.01081806838912,-1.2153374417651324,-0.53643109276304,-1.5333774953867705,0.7707247414139917,-0.03347834566393068,-0.21669442678322579,Other_Faults
-1.1038520694253284,-1.1640891968976441,-1.7747751289385867,-1.731197599948883,-1.2793820663426296,-1.714494912848361,-1.511472511416457,0.2724163326065917,0.3045734915054822,0.8278093893444994,Other_Faults
-2.495053079118672,-0.4426291582352139,-1.4862305986980686,-2.2224464384112137,-1.2018120144859408,-0.7262847105870718,-1.153129332353175,0.2427838464391101,0.40201694658786813,0.6402523212662792,Other_Faults
-2.891544661305674,-0.010641555607835524,1.2813280422080469,-0.4877920898847235,1.0957141174847729,0.620514541152767,-0.13789643940650123,-0.08685808143722876,-0.07065253416798278,-1.3027848451279347,Other_Faults
-2.4466646035879367,0.7088126968410072,0.697306954891067,-0.8698220749171164,0.776849564957597,-0.26396381115109285,-0.46222847663169864,-0.8363441888582823,-0.19580155524813334,0.41001785089354287,Other_Faults
-2.2882036196153996,1.1777234307376125,-0.09601318021421579,-0.9461050408787818,-0.47788267079177743,1.1058568728686777,-0.5158105378248771,-1.0079880965798007,-0.7842002694154917,-1.4556455267967043,Other_Faults
-2.0557892252932795,2.1199768412415634,2.4872968870977443,-1.7633579258498568,-2.2906872284726836,-0.8852187582097589,-2.7401382076892347,0.5314181180844034,0.6019218510482219,0.9878369814738079,Other_Faults
-2.063830327308263,0.4024314942558931,-0.4921121669312106,-0.6569194921588464,-0.4823498486510938,1.7288747913683624,-0.27251779137750587,0.8631059794281553,-0.836835138736757,0.9071159763045903,Other_Faults
-2.34146354977352,-0.9498521694357769,-0.25813095462319796,-0.4775980313543635,1.2966934590857944,1.2003366239745108,-1.4430259709189297,-1.5257763491244263,0.8069976619176821,-1.6947595073882362,Other_Faults
-1.60241407233901,-1.0060769763322965,0.2703359801611831,-0.43998043572778345,0.2285980572366417,-0.47719562654715675,-1.1558579396046595,-1.6016010100311133,1.0898501251730959,0.30076524267626753,Other_Faults
-0.6281591587713417,-0.7911489260089684,0.43654516997197956,0.0008836452165998057,-0.20478051314984583,-0.1993690610416143,-1.670533984283899,-0.5329307682685046,0.41743952957094876,-2.015245324759753,Other_Faults
-0.20744147990933992,-0.8078101088010143,-0.6069451126907344,-0.20041356212419834,1.2832493540899494,-0.4618133090687455,-2.1906181717372437,-1.533295629168748,-0.02615112597146908,-0.24150401325674017,Other_Faults
-1.9675183918756367,-0.01667758676763802,0.3020077566748985,-0.6092053408838103,1.663590760519249,0.6059034941660539,-1.4504579690949897,1.2016220762761445,-0.9079269226711304,-0.8690824278384816,Other_Faults
-2.6259476284029137,-0.03469304942375954,-0.8321242596292907,-1.2081975597191443,2.599938374830103,0.20679192070020758,-1.2498789595696402,-0.27399332991609876,-0.47411219024923834,-0.7527726220644632,Other_Faults
-1.6834941762010438,0.33234118254840905,-0.7207185828590668,0.09628049345238834,2.26832752089798,1.9280571729644747,-0.8334402199661105,0.2796882045040263,-0.17113295862563171,-0.032084013601609306,Other_Faults
-2.428670257013477,0.9328187976025656,0.5825899180778716,-1.2098665190847917,1.5093570252402473,-0.7492327643750509,-1.4714911458896496,0.2174350314285751,-0.49566210937835803,-0.03516219711625744,Other_Faults
-2.568707635697565,1.2616382256265304,-0.2564935741861559,-0.9465491461709681,1.4161837959468415,0.43961534569731736,-0.78024737329775,0.8046596637552714,0.23603484155060203,-1.3484425494716012,Other_Faults
-3.1182241759112928,1.3782961686240405,0.016297663634535817,-1.2476368078820301,1.290105740064818,0.4881154034642617,-0.7052677625421752,0.6047000694285033,-0.20732638197703826,-1.3223498175255968,Other_Faults
-2.3578209623933977,-0.48030567617526254,0.24079003716082514,-0.5736861514641075,0.524378633317453,1.1623864663772403,-1.1428393198152822,0.8650111417957443,0.29179284003133016,-0.3809898679379734,Other_Faults
-2.564284504650876,1.1852660921702485,-0.14134294601174158,-0.9265301052683129,1.2101965177373577,0.9187020565329526,-1.0056616558889409,0.749512672695249,-0.1307016552813408,-0.8056177833666928,Other_Faults
0.33397015860937423,-0.490204834214032,-1.9199580838317565,-0.149513788438118,-0.9688632112715224,0.9573343675022691,-0.6892389465101557,0.11765482589960398,-1.3446590610317537,-0.9184321855973634,Other_Faults
-2.124786258677659,-0.10459357272275602,-0.10581951619934188,-0.9959373972155273,-0.7712724618586954,-0.15002393909201603,-0.6063612202461308,-1.3209694930484108,0.6745395044877548,0.09918372961712611,Other_Faults
-1.6371645638976968,1.3084507848323792,-4.33915652334454,-3.361275781755379,-5.179987194931638,0.13546585551931647,-0.2798750281679591,-0.2756177153434879,-0.6734579522189834,0.7312884282147436,Other_Faults
-1.3822647480805828,2.3035342846114077,-4.613736139840013,-3.276724546089834,-5.280404007480436,-0.20706030960586105,0.19843964429931193,-0.024619324059445245,-0.3025261612744529,0.7152056667358553,Other_Faults
-1.5077468849454645,0.8033866657523997,-3.8784383350105065,-3.1013976653905666,-6.299866021697162,0.27808566406512925,0.02527635176529854,0.5509591463939838,-0.43374433674343454,-0.779136574802684,Other_Faults
-0.02231688333538618,2.1940093876690496,-5.550061003821381,-2.8365084766801383,-5.687006450328656,-1.018878723815836,0.7078672652598321,0.12418339876943046,-0.3748786274589605,0.5875594305445551,Other_Faults
-1.626379817506256,1.395452406511757,-1.0133283284236463,-0.6439238629705578,-0.7304566656742224,1.1813713174708458,0.9758936205890879,1.276220914263025,-0.47703702994632796,-0.3903200809751652,Other_Faults
-0.38145415430667956,-3.8917085668618667,0.02694746365656924,0.5286867406676516,1.9697135599020286,-3.3163468144440644,2.32197290878711,0.899433935072384,-0.8836903243326091,0.6743640714997684,Other_Faults
1.3891984685434347,-3.1742968241258107,0.6420902608705202,1.772658547893693,1.386670288173463,-0.8610315309148404,2.0136207447326235,2.3054235205332607,-1.3056123047041923,-0.05139592534059684,Other_Faults
-1.1899529665938784,-3.9235464305812235,0.27730294371858616,0.24390160385313275,1.7625706830529735,-2.9153910232158977,1.7006102782689745,1.2778400765265066,0.26180548317501684,0.75045384160365,Other_Faults
-0.7073844834896181,-3.8691964195002124,-0.05012556657048097,1.5761947883948342,1.7590192874013502,0.33195826159026787,2.4015370053555376,1.9222583067946657,-0.30874709587427585,-0.1753104310541112,Other_Faults
0.5605323128004976,-3.6117588650009,0.5004433874131419,1.9177865120230142,1.2880474339496426,-0.5201843578508474,2.271065081393653,2.1845714771067053,-0.9267273701366642,-0.06895925694977859,Other_Faults
-0.2672432824123811,-3.2662265825645607,0.7858410032084038,1.7292412219845346,1.1903921179826278,-0.21016162457432952,2.200465448369135,2.2052886370318903,-0.7837624037566042,0.11076107490908643,Other_Faults
-0.6082952697869425,-3.2689678148864,0.5865689425643583,1.532119183803467,1.3684541234808323,0.18088591627680864,1.8593995972701987,2.2527382848411945,-0.45597591749813254,0.053431809994642095,Other_Faults
-1.4624404080626323,-2.482308147572199,0.787609229132839,-0.10535851884474846,1.8130120963704426,-2.87536717606305,1.3496785638701871,1.334991319755231,-0.5397992576189811,1.2523977227079104,Other_Faults
0.3646094114261686,-3.205937665090355,0.6385075186674651,1.6934908199961602,1.237908840039614,-0.36999773544865466,1.6710980280378045,2.47763964766188,-0.7098483692444526,-0.04350098744029279,Other_Faults
-1.83698406831561,-1.5528911373542766,0.993050885839103,-0.40106899997194784,1.912777437368529,-2.650573721184918,1.1046596070889725,1.350745805326425,-0.8884464276625913,1.5162055641442127,Other_Faults
-1.665549669299841,-2.5994182155659793,0.9716479568613078,-0.13840483055627648,1.6219910675620601,-2.917711645300874,1.6403404892728854,1.2314126849697986,-0.5532241172701503,1.3669743670861383,Other_Faults
0.9904793257754949,-3.1349891711048157,0.6926586905625534,1.8603991274090836,1.220193322390969,-0.7585062620753512,2.024688193690351,2.2969461311507184,-1.3374058270678666,0.09468539432980198,Other_Faults
-0.3359437184141074,-3.22658086075275,0.7853899909938487,1.5387394112666484,1.110978279892948,-0.016783146278206765,1.472867457195452,2.588671326902309,-0.19344953724425326,-0.017837769251495644,Other_Faults
-0.36097054724548894,-3.587243205254938,0.39435711325725586,0.22703278650684822,1.6902769046084576,-3.296742733267367,1.1870196460422737,1.506680304195911,-0.2711424094134944,0.9008793614934864,Other_Faults
-1.6445145566095263,-2.1457950457906287,1.7807817084145943,-0.1752045754369337,1.0987145254845923,-3.223934976199593,1.4132767228400223,1.5257550422717516,-0.755192306331914,1.5271958105978716,Other_Faults
0.019430603631256028,-5.153962210788672,-1.6452085492248165,1.6815600460510811,2.5280604506656768,0.8202688062497329,1.8852892620501223,1.8998367461934256,0.13728594536221425,-0.7256613953594777,Other_Faults
-0.8881442808565093,-3.651276897547394,0.6947555253249609,0.29161311937692075,1.3883109236268243,-3.36442514876695,1.8103694104321164,1.3224778480973338,-0.15361790475630768,1.015317373392258,Other_Faults
-2.3655574354304965,-2.719111218391426,-0.5365240053099094,-0.6290193879219105,2.8529306028102495,-1.6815994209903,1.2794863189151848,0.8700466478045106,-0.28981801665562307,1.1281965371631342,Other_Faults
-1.1156800859652714,-3.0451747540885967,0.29607773892341777,1.098063724204027,1.6815955459568868,0.7220542497759233,1.4169958283422268,2.3438784707395794,-0.12916709539157534,0.07175343316064188,Other_Faults
0.4754886930933245,-3.31735513141899,1.0716449757545823,1.7237974367330726,0.8208157081056848,-0.6676357733532732,1.8130910870462007,2.5963285744012476,-0.6038346318217602,-0.007567508781714786,Other_Faults
-0.7608805737459338,-2.042356377369941,0.5802773949316454,1.2778750852909189,1.6648694746444423,0.1610385038521952,2.018245817033101,2.069411085013722,-1.4906250022045617,0.3291846659047927,Other_Faults
0.2945211798151624,-2.1477209615858297,1.4575078226008327,1.6647349027794345,0.8069020843474682,-0.8121764462115711,1.803625715646443,2.556941810849894,-1.4039532670045074,0.391890224560018,Other_Faults
-0.2023791729482728,-3.2141235160333017,1.4183034347733574,1.5903373090870645,0.5300770936345851,-0.40392528674001754,1.511843654681546,2.8685843415305667,0.006740551364095284,0.07059327960545304,Other_Faults
0.9177583461293338,-4.146293092176483,-0.6823774535848024,0.2239250333246173,2.2806068642486306,-3.296079067638833,1.1706685358847881,1.3243304215915819,-0.4733889125297328,0.6335298919761674,Other_Faults
1.217241061217246,-3.6230842512728705,1.0310545392215984,1.8318179917232165,0.11483762326677933,-0.38720561455101066,2.0566469234982057,1.2188343725732858,0.1320814609826457,-0.9630924429832961,Other_Faults
2.727318787749765,-3.506474148666016,2.533661197307254,1.2504946964811807,-0.6124888977783688,-1.328379999064844,2.6413720549266264,1.3830598379899888,-0.3318758311118441,-0.8000164051846431,Other_Faults
2.6652109831825492,-3.3517625621144225,2.108532617507623,1.186831942303588,-0.28543445121799504,-1.2311403100052574,2.2563311822525285,1.4339851137608766,-0.3306330917346556,-1.016193873166099,Other_Faults
-1.1566661076479128,-1.216149306634477,1.3339673790900226,0.2850305782135765,0.3714325334105059,-1.6472625660312856,0.7068923875860376,-1.3016990324098636,-0.37558148254396967,0.46141328390360836,Other_Faults
-0.5203586063157352,-1.7423415698140443,2.108332548592162,0.6010294917552168,-0.5343429790987814,-2.421014253767061,0.37638807853274003,-0.7447062441491955,0.3124695607754838,0.4699295733285626,Other_Faults
0.00424290511052139,-1.6753031194663441,1.5312046072969958,0.6987174597117384,-0.1373299660424181,-2.483375305525129,0.5292786213115839,-0.9862907368055872,-0.352423954126501,0.36802307538927587,Other_Faults
-1.7923608289944937,-0.8559290687593263,-0.4172608906233039,-1.5270045805649113,-0.585425871053684,-2.2034949811682787,-0.08773229102894352,-0.43054241515909214,-0.9738946260592781,1.7478760338881316,Other_Faults
-1.1348433984666593,0.33237083827998615,-1.5465004558141031,-1.2627015118094571,0.3761281382139475,-2.364412517811074,0.6842019434780224,-0.7709034490949028,-1.6226303493433691,1.4664114855481218,Other_Faults
0.9611020247052428,-2.9936466827305415,-0.028650643479989156,-0.7583402413968832,-1.685178990249032,-3.836433602265198,0.48955667506624323,0.0638556075313887,-0.2250620604545361,1.1300272275177252,Other_Faults
-2.2555450895380926,-1.1671330718607205,-0.921697368449082,-1.7742400745707663,-0.35597024871398386,-1.6120090181567124,-0.42579879159553696,-0.25725203335362945,-0.1693935700793882,1.4797487980235142,Other_Faults
-1.4421118081891935,-1.2998714143762062,-0.66973167281316,-1.3609397298846917,-0.7548126905208212,-2.4617539480116544,0.010260955559787292,-0.30744496809214805,-0.6525912615796762,1.6170513012711805,Other_Faults
-1.2319940731273327,-1.4232308966105351,-3.63170349766887,-2.4138391903137135,-5.301526219189216,-0.6650861915877703,0.3640792002462351,-0.600755911217279,0.8019012180660362,0.8129996021605994,Other_Faults
-1.1887721442386523,-0.04956385708374984,-3.707579597335177,-2.7518465051294734,-4.873668434218108,-0.6594578652938661,-0.41631839730928144,-0.5384060409109173,0.22160209586032,1.4513947663516242,Other_Faults
1.89908848349299,-2.4225560586005463,-2.6121714391842055,-2.0581697017849097,-6.356914116293511,-2.5503383201855425,1.0404167449411341,-0.3970462559804169,0.06458252066271757,0.8420625690066502,Other_Faults
-0.045464719848871356,-3.776698541033665,-1.3946793948527616,1.4550231248992116,1.5835981750334414,2.0614105654853407,-0.34057304554862833,1.0232427729148839,1.3127411752274596,0.15915939672408044,Other_Faults
-0.8245433392987467,-1.900491597912489,-3.0193358034067104,-1.0374777175426868,-0.5582544474826112,-0.5031106162193306,-0.7407210679420678,-1.1444399556212526,1.8186491436053043,0.357335939990812,Other_Faults
-1.6918967129652485,-1.3140834199794664,-2.8817024802612825,-1.5011013012607777,-0.46840017211295104,-0.057318714213282995,-0.4073076533195487,-1.4564724173785362,1.3977788615892732,0.7462427651893629,Other_Faults
-1.5053499133099955,-2.371542418996399,-3.142474883371771,-1.189417817959949,-0.7155614373020586,-0.30228703246164995,0.426200525140283,-1.7523219851126302,1.6344444129203477,0.5926600024680059,Other_Faults
2.2092385607145095,-3.893654780749685,0.47598714365397216,2.0048534722038647,-0.47824967929342216,0.9546748256914274,-0.5694579334572049,-0.27812869069268664,1.4661273072751884,-0.3325327484963051,Other_Faults
-0.2275226924391124,-2.36531994072522,0.672206290404841,1.7579297492723165,-0.26925271753336055,1.6098879153733483,0.5824378451330124,-0.7787238531181078,1.4487002475274608,0.27021959389240263,Other_Faults
0.8817612848208073,-1.9859225397076017,0.6952533991317272,2.1084795705123094,-0.4585013315183121,0.8617517584958352,0.47749178235632234,-0.6971031422994596,0.43184882499822463,0.272984190068254,Other_Faults
3.126949599785248,-3.175450473623389,0.4747320045107601,1.8767501780179063,-0.5268583386522552,0.47469562741083815,-0.33409156535990003,-0.2359763168586828,0.730467572425385,-0.1517747060517245,Other_Faults
0.6685626105900594,-2.121537490475699,-0.34079376083627316,1.9275515615764025,0.09785135257670678,1.4101500607166486,0.44553970419531064,-0.6869598527613249,0.9959918134864917,-0.03518746975623745,Other_Faults
0.8011946041495035,-0.6238788281400781,2.0657372592530696,2.0453272802758136,-1.6326556565714565,0.11933769180987246,0.7421372320725759,-0.5256743150583698,-0.38555582684212897,0.9419213241892304,Other_Faults
-2.7271662804145476,-2.0149532484180135,-1.688114123679904,-1.4486956252628376,2.502772729447802,-0.6920930718721549,-1.4893458977431366,-0.7816584897675367,1.6404326137202645,1.0526270019797366,Other_Faults
0.16677222516480736,-1.5603203557974266,1.4792406101584161,1.6857520694948105,-1.1302666273031192,0.8985147951555752,-0.01904107254341021,-0.5073484243957782,0.6129879148180861,0.37770054843876516,Other_Faults
2.436518962648688,-4.049464208916095,-0.49194867559052674,-0.6802158750127322,1.3974226435045427,-3.251655330540974,-1.237002778297643,-0.20688429592412866,0.9177312699896011,0.5519818965014263,Other_Faults
-1.5604694260559189,-1.0840512245686573,0.2662785188469538,0.4564698445814629,0.22779056381600968,1.8881538729850498,0.06113568749098168,0.7841216561506769,-0.3097296660951008,1.327702997379819,Other_Faults
-0.616297035535261,-1.6734215313453777,-1.337658879965863,0.4522380230201332,-0.2503304851103887,1.9671164540063897,-0.1307138807926901,0.9971916721179556,-0.2822534596390219,1.0560086816921923,Other_Faults
-0.4954348430270034,-3.347892608419048,-1.3875354303969392,-0.5179328677574786,0.6440398363454487,-2.4869715750412262,-0.19140715179907308,-0.3474374384680256,0.004211867539319264,0.9776668020190772,Other_Faults
-0.46955044960175846,-2.648661939230886,-1.6575137384868055,-0.7327322426597332,1.006393297009667,-2.265406566097612,-0.6376448430055314,-0.23521529341213393,-0.2574611373320649,1.0196567023888787,Other_Faults
-2.3046249237928507,-2.6792340108527424,-3.2961739483844648,-1.6387452199429355,2.351771676249547,-0.4599439497575202,-0.6265084292119113,-0.8515865345574394,0.3753870190550201,1.0936118023551797,Other_Faults
2.411151696643259,-2.776928543741497,-1.3354679300854944,-1.615724433105213,-0.7092283492815541,-2.717811946782153,-0.4741228688208339,0.8905643460230609,-0.29025578561259063,0.24651205589844274,Other_Faults
-0.11740692620763028,1.2117749423656907,0.6124483475656454,0.7580324409405179,0.12276604024967955,0.14491163869401963,0.3117950178510172,0.9255777041851388,-1.8691622515964308,0.7917820127454795,Other_Faults
-1.9106019009784645,2.037323710182655,-1.0629006236911318,-0.8275365850449047,1.7803053837211877,-2.1084759721397366,1.0772807219042093,-0.04380261745792391,1.0284748844581155,1.4535044824875587,Other_Faults
-1.8026431964784795,2.3929045123671404,0.5037957272821723,-0.09184851642457635,1.8759486342131546,-1.3813488817728243,1.525072944870244,1.8692051827278962,0.02295734620174705,-1.2474805822482955,Other_Faults
-1.6996924371498674,1.736067777957081,1.3527442507019616,0.13576865618998782,0.4842610385971127,0.25955472187462647,0.6421250356456628,0.36783099341100767,-0.618103793916942,-0.9507411904729473,Other_Faults
-0.949664689432966,3.373243975587767,-0.325054098931834,-0.4466886960637697,-1.5221302866604887,-1.1484371280338694,1.1288579974850173,-0.1663529448581018,0.5008099576057079,-1.0757609804089074,Other_Faults
-0.3123489157189861,-0.04821439439866389,-0.8547196915675354,0.27671067854431847,-1.826910614182377,1.9367882110671522,-0.5847806787969652,-0.281349919963517,0.01799322540658718,0.6556694145845539,Other_Faults
-1.5072607196087455,3.593870767207471,-0.5031048081997139,-0.7863272288299324,-1.4721320792334611,-1.2693549481002107,1.1386897062643535,-0.42519496207332835,1.2758322621857612,0.10749590765694417,Other_Faults
2.7894064468853212,-1.3823852433714476,-0.0030493711926112815,-0.5410506263050648,-2.6821800490940784,-2.9807362804149404,0.46355504900973776,-0.9609689018031382,-0.7058996014334623,0.370106156413353,Other_Faults
0.25975462347692563,1.9240114303109284,-1.2806190684573617,-0.2592124936871191,-1.3937602978585282,-2.3216329204546455,0.9674040139715296,-1.086712124717108,0.18978263092147635,0.6879382595369123,Other_Faults
-1.918446422158748,1.1991860427733378,0.39434695764222244,-0.9078674065826284,-2.4490083239542533,1.0469418688105818,-0.47541288810642,-0.2564777109034476,-0.4965278001887925,-0.260251304869419,Other_Faults
-1.6793737158779878,0.7350933362227833,-1.8601441903602731,-1.5627323559277877,-0.7171267066769667,-0.174538634290014,-0.6522034325364483,-1.7756606741820133,-0.1444841434656523,1.0624241710393585,Other_Faults
-0.39209361139598814,-2.7253333867874563,-3.9893450149484564,-0.7268637317488864,-0.05524195674343568,-0.26045329092099695,0.5056003701754505,-2.68954790860338,-0.10837200778941787,0.23183606798068254,Other_Faults
-1.4075295354441464,0.044820373702178756,1.3106370128429674,0.6965910221652287,-0.2746890918813072,1.8128401139550816,-0.33844957603234305,-1.0503172621354866,0.11878365296023283,0.44733630567152155,Other_Faults
-2.246857139054469,-0.3933744892230393,1.4508387736659258,-0.5664211196259915,-0.36305603574673656,-0.6121056199871386,-0.9613482058645567,-1.4065852814950779,1.268674835695546,0.5847160822330524,Other_Faults
-0.3432040735525626,2.4747963360419405,1.213886330184858,1.3352353429411838,-0.12700699505278001,0.07012833489972896,1.5392397229791188,-0.9780887151479585,0.07638544231898532,0.11940518128816756,Other_Faults
-2.423684310683866,-0.32872329301161374,1.2917658357269852,-0.689195012811606,-0.22473412960810601,-0.5586923943047736,-0.8318462319095035,-1.6834524809325517,1.01439041704112,0.9141317056460267,Other_Faults
-1.603527135872361,0.8353716251608522,1.3263056185570148,0.5350664444595331,-0.4426731487389223,2.304843300924117,-0.6287447856968912,-0.8242696964306123,0.20860859182013675,1.0435062048651187,Other_Faults
-1.7035428789186768,-1.8194083887713626,1.0837950281105369,-0.32983983590569654,-1.2819622478240662,-1.3761520599497146,-0.08257301293749826,-1.6516799217594853,1.6873190903622328,1.0240150371570524,Other_Faults
-1.9738721991091455,-1.7814555869938076,0.661390144951677,-0.4805802623620169,-0.9748974551681313,-0.9747115010317687,-0.23714365306623536,-1.7447068791569431,1.8234545996241933,0.9571973256086507,Other_Faults
-2.1717226565485546,-2.0719777238805612,1.0503923280332539,-0.5424415647147733,-1.3554920615403159,-0.9766014222970664,-0.45310975892524963,-1.5419574658557198,2.323939082754256,0.9924354093395772,Other_Faults
-0.9054080656653155,4.32516731428153,-0.18215483815205963,-0.13603643392102532,-0.48055805277949093,0.4902509802261268,-0.7313960484519896,1.3282321058240447,3.39255925018179,-0.6654475881253884,Other_Faults
-0.5541500764875109,3.6523886995770707,-0.25520953234299004,0.7637733697283244,-0.6795473100523204,0.9246152243177531,0.9891475864101115,0.22357101696118495,2.0431136307261895,0.6326410227474105,Other_Faults
-2.4929295370556983,2.431272094297803,-0.12216796180723723,-0.9602109825816743,1.3320890896956177,-1.6758427801018585,0.5942413869230867,0.9187157794862295,1.7657374498376124,0.9611116576875606,Other_Faults
-1.909660858149462,-0.8758856839400393,1.3683600448425726,-0.7851746616781651,-0.4067540665326974,-2.110726385545773,0.14874631884973233,0.36681607325476556,-0.7022807037578761,0.9946676066949314,Other_Faults
-3.8670538430577586,0.16991859931338987,0.4550830141978753,-1.095081735505849,1.7297817626094332,1.6344854159862756,-0.9320480559216758,1.2480853555154146,0.24792557668706844,-0.5299235881586446,Other_Faults
-1.6060431023918382,2.567005930755264,1.4628813969107433,1.282625579644372,0.71322997258316,1.1509100147210276,2.2080548914546925,0.45641476132049397,1.0499156600158055,0.9602812019523327,Other_Faults
0.5005264710383911,2.7053679075265045,1.1878478885632138,1.7875033637757034,-0.21036375489772563,-0.2896732966982909,1.5104764799895423,-0.6488539453981028,0.17439122595288392,0.36319953189354104,Other_Faults
-0.8728774096160681,1.3234454006616052,-0.5119182796155206,0.2795858850438735,1.1295250688999166,-0.37276167729358345,1.2239325557349818,-1.419043141709592,-1.1163004391246145,-1.5763230858254766,Other_Faults
0.6695733324104116,0.7922866875269418,-0.04158852469657626,0.4211132954234768,0.6455826216076224,-1.166842746094526,-0.044827995679122025,1.3343875476237281,-1.6858497481155232,-0.6584563619799464,Other_Faults
2.1972838224310385,3.3579366817397713,2.470284734442041,0.28290196773877496,-0.8885974073905496,-3.225780557849636,-0.004182514152071813,3.1047703504391553,-1.0773879240525206,0.08819480351334642,Other_Faults
-1.0883709141683253,-1.576740641288886,0.39725053618761696,0.3109481174864111,0.34677049923842534,-0.2784415351646835,0.17415165426284157,0.48169637170465096,0.4138356580973559,-2.106061050615268,Other_Faults
0.6939683005641298,-2.7204695458351944,0.9224808123173354,1.8223220228270274,-0.6144450749821969,0.36103813207457247,0.9425539608282567,0.5344156540255338,0.44953041612443756,-0.19364054735868427,Other_Faults
-1.570768430118473,-1.0770395819028717,0.265516651437635,-0.7413429057973856,0.2190577922331284,-1.878546861472877,0.06319132219326755,0.3663273800567788,-0.88250484740927,0.3863052799845628,Other_Faults
-1.9665246326664072,0.36282911535225176,-0.4573098328743335,-0.061947799390075706,2.1208968400710253,2.2496038438080204,-0.9359634819170015,0.8829394370510637,-0.5537301386037139,0.4939792817569042,Other_Faults
-2.5005511263132254,-0.5280562292065862,-0.13216014625676856,-0.7038406565937637,1.633046049185033,0.9134619171849208,-0.9847910216677256,1.1209245570265454,0.045656073005708744,-1.0635915218758891,Other_Faults
-2.3084821350644433,-0.5235245899403012,-0.1433697830881103,-0.47615800419194676,1.549051444765742,1.303949233673247,-1.0164905179352173,1.1962891577120573,0.16700689838992716,-0.5561644897770761,Other_Faults
-2.302434578994967,-1.1848616107751448,0.21863272699863462,-0.35245763453864953,0.8901862211997653,1.008000060095948,-1.0902314230656975,1.6284984251190355,1.3150800305047086,-0.7922564952101476,Other_Faults
1.0461924816879424,-3.9782183134234277,0.25876703855665795,-0.33734711870662676,0.049469893772401366,-2.126366830033243,-0.3800393287345521,1.0211983736801278,0.26706302696858253,-1.2914417406575407,Other_Faults
1.5341310029576116,-3.777139040244436,-0.2215844250504323,1.6937396159444722,-0.03873519642650214,0.5639752761051907,0.4250470235261186,1.0778695052207776,-0.0070773303879046335,0.47672106720055074,Other_Faults
1.0087063171042494,-4.171056455712293,-1.018267655184729,1.8103007453605315,0.3993187671587534,0.9783796500585731,0.6537523311521739,0.7964905837268685,0.1246636268327754,0.29502163346589716,Other_Faults
1.484261093743301,-3.936469918658489,-1.0666936229341373,1.5878392311802239,0.5095600929676876,1.0444097493311422,-0.0333358511091918,1.159099515428763,0.4670537363092311,0.22061346457072575,Other_Faults
0.10336917355329674,-3.0805560566377492,0.9117913103500843,0.5151350578321797,-0.6548384173159646,-1.3573571383816911,0.08186320975904991,1.4087600823188604,-0.16608432471743043,-1.389076523463769,Other_Faults
0.39030848410794006,-3.594194900296715,-0.03494865954847625,1.5002663376501328,-0.2941385774760461,1.0818792067345082,-0.22821541117810945,1.4562745227211353,0.9428561910810042,0.5000161311443686,Other_Faults
0.9594455800162673,-3.7737434369137524,-0.7324193004138972,1.6357925832464673,0.18588987566497445,0.9877586893757239,0.17046999355106987,1.1642593088607596,0.3990122081083525,0.36913878000292855,Other_Faults
1.339412086164975,-4.221203694239626,-0.772223136816852,1.6987212778960687,0.11903832823222459,0.8436331626249766,0.40031778963319997,1.0090319705242417,0.2080782650968426,0.31862331055875387,Other_Faults
0.9690649089770702,-3.82208676673391,-0.7761958515187773,1.6124661482042992,0.17569212263538958,1.0198498466207513,0.11471619593903574,1.1881060345742214,0.4537402682064755,0.3501516535740804,Other_Faults
0.97665339963397,-3.737164368462355,-0.6255599707068283,1.7005444203874311,0.05832914853046465,0.8394549631312989,0.4266317627660394,1.0408508336775786,0.09406142051670538,0.46127689400127714,Other_Faults
0.8876437183540461,-3.712139805283243,-0.8542084456396415,1.6533318583305312,0.2175582431211494,0.9997292216589183,0.3676447065045047,1.0614454543964331,0.2975764112595242,0.379903716774799,Other_Faults
-2.2297218861540227,1.5154958548406778,-0.45938076726918226,-1.042496826896538,1.6110271385139392,-1.2865941814857205,0.21953182915319555,0.3923913561443337,-0.2193776350079351,0.48049366704057705,Other_Faults
-1.270659764419397,-2.7371306697779096,-0.9171299107033795,-1.0232550853438338,-0.6848819425279721,-2.4805452968496207,0.4392649736582338,0.07568222405398456,0.06762209993976843,1.3177662021813559,Other_Faults
-0.7119815219177088,1.5574894925868066,0.8217393770380215,0.941095136617613,0.7052693804974415,0.6154860186768165,1.480798436754729,-0.3640095812060885,-2.013925337219394,0.8133105648962784,Other_Faults
-1.0010408821036694,0.8542534607250698,-0.8001844858743588,-0.4516692821393621,0.9784604880745131,-0.2323724436820196,-0.3006497808103736,1.0547582995567537,-1.4254128766767935,-1.3912210452043452,Other_Faults
-0.7222701824442084,-1.0211610867156182,0.45120490928591434,0.25547601847197887,0.4113520746441925,0.03869984139096113,-0.6596836260472221,2.2297335823522215,0.29463451871524166,-0.5465080282366035,Other_Faults
-0.7310523973656141,-0.5912965331871411,1.921719856722216,0.26725044387136404,0.6711593352996104,-2.0267467481420938,0.267904828260126,1.857201384410019,-1.7614800845155456,-1.3218648982364398,Other_Faults
-1.7581686270312415,-2.253536937685528,1.1383087100888807,0.5399701758242603,0.6746057442112402,0.34017862316706754,0.4165781346150874,2.063150347970486,0.951344062559457,-0.404611203910142,Other_Faults
-1.6258999924663222,-0.22428464811007356,-1.4101929424228636,-1.3832036725500636,-2.601832861298418,0.44048308347988313,-0.705918977914835,0.21279764578602645,1.0151664956197817,-1.9583323683634923,Other_Faults
9.568336292003686,-2.4264764272068247,1.6180971173420213,-4.15040822024204,-0.11624784817793193,1.5004906751426583,-1.3013115678950729,0.4037095628299158,1.2985676620953488,-0.013604979458807408,Other_Faults
0.0020449798756624034,-1.5143962005940779,-0.5202235335025973,0.5192622702010095,1.0394878158659406,-1.537284880557612,0.30797680965930124,-2.4350813043744464,-0.8399877832366709,0.4516299978483857,Other_Faults
-0.010300019772206109,-1.1805169244260496,-0.17106001309534663,0.04639842762123915,0.7531738121527752,-0.9287649449422929,-1.6861004812870428,-0.8565609106405778,1.3709897433240434,-0.3139304010205505,Other_Faults
0.6542520327026083,-1.9856562926505499,1.7422476808430598,0.6101485425650863,-0.929686503069679,-2.358903073405773,-0.27805117616612385,-1.0196585664095263,0.5916222872079268,-0.04318974910388343,Other_Faults
-1.8999164517779488,-2.215798556493825,0.2890524634704512,-0.13650340684269477,0.34483007177102487,-0.6596355989269792,-0.1678875106991509,-1.8039282350148882,1.8675852139111915,0.5515637362435293,Other_Faults
0.6640634139124326,-4.160764119967295,-0.5289523022133451,0.8243477282914216,0.26346594747806173,-1.9197709175540691,0.4158933677021441,-2.147991749058869,0.9940336671027631,0.047605395956181316,Other_Faults
-0.1955268373731801,-2.3084067595751034,0.8038118962065147,0.7058202949860322,-0.3839190408571971,-1.5920522200150062,0.1671691971962172,-1.342333171601461,0.5268481802923215,-0.7000863020764132,Other_Faults
-1.3828338423942865,-1.7900575060529964,-0.4537388813490869,-0.1184108428030934,0.9597110191276909,-0.47459934264098635,-0.46952510014913995,-1.9471607792647527,0.9443588709838344,0.2827665440332597,Other_Faults
-0.35331888120943344,-1.5153990771963626,0.590415508909262,0.5171708279863014,0.040972320535762836,-1.6131560325606475,0.195028628807487,-1.681519549965096,-0.03871912358704997,-0.028556479772298148,Other_Faults
0.14446296363639682,-2.4976891074445016,-0.3005733628383577,0.1621403742990349,-1.4394292394360313,-1.4692094517670675,0.3716369850346372,-0.8262018999388733,0.4466755131930137,-0.07153042138516452,Other_Faults
0.5475022203628055,-0.44434323409475807,-0.5384589893722891,0.6017620916043538,2.86988265411444,-3.526591897880771,2.164760128376751,1.193581545562414,-0.47562184916069267,0.8668076047553531,Other_Faults
-2.210843661031929,-2.0426269013908356,1.337129977697221,-0.34761333675388695,1.1112100702690972,-2.188135814263803,1.0290999558043628,1.1053445913048237,0.4215103942354852,0.9459342317648012,Other_Faults
-2.00453767834547,0.00881386804881766,-1.381849418120951,-1.9778607745810666,-0.055791200383596834,-0.3669990638302012,-2.080879510259444,0.16080167418303346,0.023035615959969773,0.24984141625434153,Other_Faults
-0.12449045874816406,-1.679860205446384,-0.3464481384619788,-0.4494770543231364,0.6042988835623727,-1.7165819823749706,-0.8298342974260677,0.7950211710708737,-1.2034744323751707,-0.7283804026774499,Other_Faults
-2.4338248456581755,-1.2729580155822522,-1.32353089205918,-1.7471071740226043,-0.451932175828407,-1.0845489561131088,0.13433815531392787,0.08662485123309766,-0.4416123730531205,0.7601779878304727,Other_Faults
-1.226351316447726,1.3111709345219833,-0.3128856476701747,0.7327133256195105,1.8242440417594938,1.5439358821836837,0.6073040300491573,0.8693966553589482,-0.19448373064432467,0.9319276486312179,Other_Faults
-2.9043447260242847,-0.28835481160801735,-0.38140503884650606,-1.1801688502294534,1.9218442758347194,0.6637325724611246,-0.9028137715840061,0.5564880292464027,-0.9580907820097536,-1.5182006629205376,Other_Faults
-2.247222004077932,-1.6266419424279055,-0.337105533357373,-1.2785749401684794,0.3671364643061117,-1.0348599254977393,-0.8887577754498853,0.5151871898543849,0.29799545765889013,0.333437984622376,Other_Faults
-2.70981298309569,-0.7359502467807524,-0.6162575872572466,-1.6034290183166169,-0.28452186513754585,-0.499185233261761,-0.2637211688039484,0.8419911031353421,-0.16750165519962218,-0.27740250892115875,Other_Faults
-2.1162698025022206,-0.8014799983980402,-0.28810733168553004,-1.2227637449096462,-0.745336542525739,-0.1800938745597151,-0.46388826922732757,1.3329098581899312,-0.6774848037120798,-1.1591279184037833,Other_Faults
-2.502971679347797,-0.20884166488666683,-1.3044799979074229,-1.959170613372424,0.13900846104716358,0.2776198141290256,-1.3103021155391388,1.1467289089459525,-0.8816537690074527,-0.8261040943717423,Other_Faults
1.5317402578361532,1.89299811888236,-0.3353410390580656,-0.1805574996793882,2.234959791756262,-3.462602630111518,-0.7264672605010494,1.394939528673315,1.5709716732369061,0.7726065070267215,Other_Faults
-0.16171883479375332,2.1022717834351807,1.759376811354658,0.8406330892632299,-0.4507833294916637,-0.7696585999547361,0.42123135478665424,-0.01706919625076716,-1.0946326976953948,-0.7292012103056101,Other_Faults
-2.1228403986001068,0.6718392990628775,2.1661836762316145,-0.2114329013929384,-0.6973041021033647,0.36306361059662107,-0.16946302292728452,-0.37051589409294167,-1.1802011824452063,-0.7209231730688931,Other_Faults
-1.4399714271931732,3.365437448066783,1.3015908910999936,0.4151352877809077,0.05628144855564772,-0.38131767185956583,1.1975149623442096,0.2263589667073101,0.7586928133246866,-0.8459333568180456,Other_Faults
3.1772543558684774,-0.12678144398273614,-1.1138181134911984,0.4065237537862676,1.3547165218817405,0.0857204776248232,-0.8750825464490605,-0.1479864137436491,-0.9771426413493952,-1.442070483454777,Other_Faults
-1.591947542972171,1.476273109490303,-0.33931820742656865,0.2671881950616916,1.0806343264757343,2.1423902359272016,-0.19476658852228151,1.068730701611062,0.11949625904634685,1.2094072891335,Other_Faults
-2.6242920672345003,1.4366588115756893,-0.021252591734152716,-1.2307699735486777,1.133895223856047,0.008933785631900707,-0.3987270152627813,0.701322667273431,-1.0132418299129466,-1.1074297225332468,Other_Faults
-1.8890305558813374,0.4009555147859092,-0.6170071197891427,-0.4912763919910456,1.214313959966384,1.0680568969622057,0.05383256803919811,0.30156815575473783,-1.7582342303998097,-0.2076133216201537,Other_Faults
-1.0670704470152663,-2.39248044132536,-1.258657089583777,-0.44930953141948726,0.850588709643839,-0.9156302145720102,-0.26567499331245714,0.15056423485928663,-0.46007556597782384,-0.9915184843031842,Other_Faults
-1.7383876926004707,1.9556431435972967,-1.7584607846494043,-0.8166240830639413,2.1320976419927615,-1.9278419945032652,0.7880612869266801,0.06616364698947685,1.6292447803307575,1.3212699674669564,Other_Faults
-1.7370919300373824,0.22617530782467282,0.5676072740813844,-0.17332460954475612,0.14141006054766406,1.061835943505788,-0.14614445867780773,0.7794042080049945,-1.3797523285235227,0.6608244042688585,Other_Faults
0.3234538390868684,-1.8268203339671578,0.8117235871204073,1.2153779791443302,-0.9945748209988226,0.22189098968437934,0.10271144389418438,1.2125897189395929,-0.5184483435087353,0.7755426291268298,Other_Faults
-1.5128020261926896,0.5231106860764644,-0.6104007265364821,-0.05078310588750579,0.7672706257711182,1.9688443740418415,-0.18895505348685057,0.6145785048439181,-1.2911245250372045,0.9672622732672651,Other_Faults
-2.8067312593995304,0.18465020347106553,-0.09453546132448737,-1.1458272154905367,0.4622733867859465,1.201870997882992,-0.9329683518785548,0.9124521005991407,-0.6718109946868229,-0.47981990779073413,Other_Faults
-0.789379198329451,1.2917790726415286,-1.4377630904021759,-0.48343433742097525,-0.5960759939396941,0.0015281340205660211,0.9304621451208346,1.015660742295158,-1.613229601221414,-0.1985454097951365,Other_Faults
-2.930845399259486,-0.21474216186471556,-1.3419222537738955,-2.2464310195938575,-0.5835523980231931,-0.3807368030351409,-0.6297209736561554,0.44408867014704784,-0.42363177995852735,0.7169258760089178,Other_Faults
-2.791428079528167,-1.8165151444760566,-0.46948959797466805,-0.7166732888842366,1.8060249077749797,0.6618725580777739,-0.45059607497926135,0.6358339062934468,0.12476937765366089,-1.9194534995623094,Other_Faults
-2.110469285543023,-2.068888971584037,-0.4463603229402941,-0.7600608981643536,1.7449377056203523,-0.8195192071764636,-0.54952080878491,0.19607861498765253,0.43562333382111673,0.050322761700493365,Other_Faults
-2.885084249605388,-0.6628076838367939,-0.1761719102464549,-1.2572680711805826,1.8527612460368421,0.03840505382262433,-0.9010447564203382,0.682572774158246,-0.8444606758468549,-0.5996151175309278,Other_Faults
-2.058013479328888,1.9282084974323963,-0.05742149163449537,-0.9022063157629674,1.3149172095975998,-2.1423441542536414,0.9877914176797348,0.7377133030196121,-0.04880677604774395,1.0090758343447108,Other_Faults
-2.0801957526725974,0.6844860198958561,1.554876087153618,-0.8208730382087401,-0.8604258548216968,-1.175816071009359,0.41621286243916567,-0.6503341651189947,-1.3453008959655286,1.2406604409943762,Other_Faults
-2.7527159184940255,-0.5336484329899153,0.270437325993481,-1.1241988362968516,1.1102123260605554,0.032876969652511405,-0.8943020343307544,0.6452977639388577,-0.44445697611507456,-0.8734594235921257,Other_Faults
-2.8323176574105573,-1.114142132171106,-1.4153588697552217,-1.6005432169595075,2.3956207690493843,-0.3293604333155916,-1.2520381087406787,-0.5529324856751817,0.06505845685291556,1.197265629446125,Other_Faults
-2.4269052198581136,-0.4240042150451155,-0.14325603503824716,-1.0861820504622561,0.5363354257291475,0.41780254453609045,-0.9977521838180536,1.1294355232805195,-0.45664137824803364,-1.319967500100192,Other_Faults
1.3033840792465825,0.29376348820077225,-2.0691608944986988,0.08984324776033688,-1.732266344458685,0.6314196527898615,0.4794484473140612,1.371616902226829,-2.727374245469319,1.3246983264915542,Other_Faults
-3.3553042384157727,1.8122120123740675,-0.49127704740056694,-1.9644492415649124,0.9249566577512978,0.17328759137666613,-1.2493253658392551,0.8006929014868285,0.5111393641266513,0.053745214987343914,Other_Faults
-1.6178635427824595,1.9217958528740873,-0.3909775611545432,-0.18522032781583425,0.4940070616504719,0.7331441929327073,0.6377460922976302,1.258062333451922,-0.46602067414735515,0.46923658034607946,Other_Faults
-1.2346571392897374,0.06897561649932696,-2.8961684032082102,-2.0987436532003785,-6.251097459787627,0.7156045314799795,0.5584327606095353,0.5838106507909357,0.06062859975408422,-0.6119471654033034,Other_Faults
-2.1006212952913836,1.814714997832011,-4.012128051509975,-3.217989337083876,-4.7656063769642705,1.0094630432510525,-0.23153274428465048,0.15412756198518923,-0.730815421069725,-0.910537607541252,Other_Faults
-2.0326076273072786,0.5814057054411294,-3.0015687884193265,-2.4297391387519522,-5.976181933970974,1.1531241596254536,0.8323465899193799,0.24602773082615936,-0.21086209414416612,-0.4028447135301883,Other_Faults
-2.6087091711815438,1.369538496796654,-3.6847948209258834,-3.447365662869466,-5.199246186899477,1.0688909360844683,-0.49290133937830055,0.419052461864802,0.1930801500237281,-0.5426712690821086,Other_Faults
-2.368640030053337,0.6245264096190184,-3.053423478266507,-2.997746122195857,-6.014713959800249,0.32029430891911537,0.5314896458900122,0.2243612360845339,0.2104485630848888,-0.41027787074756894,Other_Faults
-0.6563681760176112,-1.9436914670058099,0.7472373391265709,0.4236368899000932,-0.531618066734028,-0.4835646960275501,-0.5153184259956786,-0.8173601113865325,0.4776437132235698,-2.343955320257559,Other_Faults
0.38829984043735005,-1.7444378690353175,1.0255123062638967,0.9328819632554581,-0.8326216684631972,-0.5293337304958299,-0.5283573759162271,-0.5616812150485969,0.10385852945872301,-1.8627943368674413,Other_Faults
-2.6760375461425365,-0.5963190036886277,0.5179746450739534,-0.3952631562102371,1.2974003857813645,0.2951360097565717,0.2304420224010983,-1.1096308743333452,0.35896581167296854,-0.5431601347427217,Other_Faults
-2.714330728769925,-0.6056759497927939,0.7378063094847921,0.14375983242437312,0.9918367634833983,1.7237534852504344,0.4081395276283762,-0.7579295229544889,0.21453973749807043,-0.92498021424003,Other_Faults
-2.083076777495295,-0.5375945181189884,1.1056408822226929,0.21520592467928257,-0.19266254673391137,1.0664618533878054,0.35928930732218106,-0.13561006242461454,0.525536514912446,-0.8116695974021552,Other_Faults
-2.0472217892550226,-0.7935881266709501,0.6694279743401103,0.1970502300611033,-0.26220640078853164,1.5210675924390542,0.20310372089011305,-0.09651194419935534,0.7406177122946354,-0.5357292571743578,Other_Faults
-0.589087078233945,-1.2408548610796877,0.3986025724729412,0.4722564143268419,-0.410537346683894,0.4048672142512675,-0.33841882252989836,0.181508645372674,0.056117165026070115,-1.4282793025995217,Other_Faults
-1.4542181994774648,-1.313309796486998,-0.11992715025394668,-0.41262438841914795,0.6957081170721677,-0.27894796955207646,-1.4396461500400182,-1.6131689602875205,1.2666203709143604,0.13198357520231863,Other_Faults
-0.34164543385958546,-1.0663020792072195,0.6882225109812086,0.7119760599596281,-0.41982093101613527,0.40614612240602255,-1.0460710919454201,-0.5344229020561883,0.5800385627943402,-1.5408123923189616,Other_Faults
-2.612363932374117,0.6693269039988827,1.202086287197977,-0.5432617259413453,1.112753279107169,-0.2997148623763539,0.3758656021589165,-0.544718792561148,-0.4409293218164772,0.25834263263867624,Other_Faults
-2.4326703176381144,-1.8852676499546266,1.813511657116004,-0.05278579416073596,-0.18248286499170271,-0.7256446429340413,0.5559539098789583,-0.2574591213933777,1.487093188923665,-0.09943484834855441,Other_Faults
-0.7059003529680958,-1.2785741491373857,0.6753077681910904,0.46767290585200993,-0.8216369094349728,0.21863427880390737,-0.17180260174683198,0.9922819061393555,-0.360965841023805,0.2125596913283151,Other_Faults
0.48221207923915804,2.044568982694962,0.511052835282121,0.19854281016739916,-0.35197790859519223,-3.010031451910368,1.1557649631573417,0.9810691340359939,-1.6079721544954326,-1.0411444745571992,Other_Faults
-1.2482414122841645,-1.4936326855775919,-0.5661276880719678,-0.9233481849302877,-1.2028616283827425,-0.9814172222106896,-0.46362715624358863,1.1081802312905473,-0.3375075872177426,-1.5429611076739147,Other_Faults
-2.5438151870445007,-0.4858169428161054,-0.20273323806006674,-1.4398017673529009,-1.0458325983562091,-0.462441287208356,-0.009756857030225727,0.8734455952293341,-0.40548073066057794,-1.0848831292988839,Other_Faults
-1.5805742626242947,0.7544756409075405,-1.2114447096697667,-0.899098860316561,1.1736507507370073,-0.2440179674751102,-0.9080546098168957,-1.9483981738511462,0.6957061075516918,0.8465721068005893,Other_Faults
-1.97863483619441,1.1052602591704697,-0.06034779399668087,-0.29102651415808006,1.6752509011149208,1.517228834471086,-0.8341533620060505,1.2350764496497904,-0.4257653108347878,0.21068336241424523,Other_Faults
-2.047989854964407,-1.0971915829601075,1.235041377115638,-0.307498683462218,-0.7831856920989726,-0.09936557638933469,-0.9178953387755153,-0.7929463710484835,1.656152553388259,-1.1476333100003981,Other_Faults
-1.8090599185774814,-2.8007110210159394,-0.5948674249277784,0.4150286264578283,1.4425421823568365,0.7290599370463166,1.411594879524731,0.06760771114244642,0.3951006723026874,-2.363899122165032,Other_Faults
-1.746106709174049,-2.3096280703816263,-1.6524904850030337,-0.32636355733544264,2.610137035163705,0.11719272736801578,0.36476174130856814,-0.9089101836002295,0.19102783211154137,0.36616335018706464,Other_Faults
-1.8021247483565863,0.8264651531517515,-2.3346329335944254,-1.0093377091282376,0.6862902952176905,0.1502670545689348,1.003442842099799,0.70923827826763,0.8588161744152736,-0.5302320728316027,Other_Faults
1.1494459269528037,0.6535021022369142,-2.7896336587572046,-0.11284513958341184,0.11239267428632635,-1.70472862806437,1.3669792599732593,0.9343204576706595,0.12472661648479255,-0.4120289994725302,Other_Faults
-1.702565307708924,-0.9811421998314074,-0.8803992837790318,-0.7127571688860302,-1.4123539153959879,0.44821047569983935,1.2494362343160421,0.9896021840042717,-0.6407911865825795,-1.4058603479334741,Other_Faults
6.690288179110864,-1.6563580813393843,-0.12553575998832794,-3.121194895629381,-0.6870436268685752,-1.7918840899107231,1.278072260947305,0.8945073098284834,-1.9535170438893241,-0.6136221700697652,Other_Faults
-0.4361361618347072,-2.3193530985719937,-3.1617417629210993,-0.30974108088650293,-0.9005918348318557,0.17463801094757764,2.1890339150589786,0.21090934714830026,-1.7160311312937397,-2.1774802443223917,Other_Faults
-0.5326095750907578,1.6378732721170324,-1.2184155655805573,-0.3329628398724196,-1.31460715677737,-0.856744040383036,2.1537866345633585,2.6744644803686572,-1.07152947188369,-0.015652850538478046,Other_Faults
-0.798380318819877,-0.372745153162424,-1.3778831364284907,-0.8767199480967213,-1.7239916629500909,-0.28988546881143684,0.960361529464145,0.9467747014823937,-2.065026847489767,-1.468146007882532,Other_Faults
-0.6179006412183513,-0.8352864399744615,-1.2085276545315076,-0.2091009383973373,-1.758876990369044,0.09781488804983945,1.8045345532043646,2.071036057328345,-1.987809316362612,0.44125614359007065,Other_Faults
-1.4319196794193592,-2.2626272697053973,0.8984565353462239,-0.04204081853419716,-1.5727309836531735,-0.4647979404618564,-0.291228412497941,-0.4069592224414405,1.726661610125279,-1.619217206573696,Other_Faults
-0.1547748184454317,-2.1457399268633597,-0.08335838823583917,1.346878779755765,-1.179865996048399,1.7039446446582311,0.3914458231979254,-1.2071348427815325,0.7923446943822122,0.2839553311724699,Other_Faults
-1.753653416735592,1.193647899223762,-1.4025935596023056,-0.5458759387322697,0.7211897114718254,1.0763586348966916,0.9490240052135491,0.7318690756864396,-1.266016903364555,-0.059928332194865784,Other_Faults
2.4527083549783284,-2.4967267935942044,-5.2818199802508845,1.1023009184447945,3.466808040779408,0.17565511978496817,1.57101309352008,-1.0480087031412635,-2.549480268401247,-1.9327021249231058,Other_Faults
-1.6713815780446295,2.338427375333994,-0.5515866091332042,0.36907575860849645,0.9835293824206843,0.9300670824279419,1.4036831524831985,1.2419706529632613,1.1557601568856455,0.4991990019336796,Other_Faults
-1.4714816504008255,1.1621098762535533,-0.3269096917581436,0.18262008530014037,0.7982864744492032,1.7942500598238997,0.2857751163802607,0.5967791545522004,-1.0899059663060637,1.1833721203418566,Other_Faults
0.5092831957086138,1.975363472781321,0.6142354878239557,1.2071736239837243,1.0742463553378214,-1.7402644064496942,0.925149605722482,1.0243551194404603,-0.21896388802951952,-0.6688496836883627,Other_Faults
2.9935304102505005,-5.285259801633971,-5.5347859338813485,1.3415763772668887,-0.31458782357296283,1.5819806850255114,2.422417561168074,-1.4279904637746466,-0.9775782268269138,-0.9128123772430696,Other_Faults
-0.1709159518114661,-0.9037158124943291,-2.8029164899650016,-1.7438910949543305,-5.935011160628954,-1.6044807293929577,1.1387790063757348,-0.4174897477448381,-0.6198656808656114,0.1714778137861963,Other_Faults
-1.2186482523735838,-0.4442336423916485,0.9990557571008016,0.9233788421289056,0.2414031536364287,1.775383846211493,-0.27172365859323244,-1.2741092508689402,0.12937342351883496,0.14572819395889042,Other_Faults
2.9266512079537614,-3.7532834145535863,0.7367873787401135,2.380007500232757,0.2667027660950271,-0.23047360552082108,2.427915411407731,-0.22394411647433138,-0.704248113638003,-0.10956078880130325,Other_Faults
2.219690355690727,-3.1354286535549614,1.5677230772308584,2.116365906838567,-0.3777381564132837,-0.10222456506420009,1.3645359446389957,0.5068225461043951,0.25836716964394973,0.0027388802808863025,Other_Faults
1.3337953325921028,-2.83996954174647,1.392987528237349,2.3596285938951254,-0.3211305128845594,0.07371380252351938,1.5358877712487624,0.3505078595024769,0.10614760526255247,0.11499942141814358,Other_Faults
-1.1614671809066277,1.7346694350642906,1.3683471800086466,1.3807757090669075,0.9348045233261888,1.2523348465910775,1.7985768704865506,0.20876083228111475,-0.0723008881647078,1.0332444859358927,Other_Faults
-1.017538139185824,1.8355106296779307,1.5825264038509335,1.421995279983968,0.7398580805478304,0.9467778102375125,1.8427926712612621,0.3853946822450256,0.060569079750275354,0.9256635391971306,Other_Faults
1.5518857104977117,-3.0929068342491166,1.003270522974654,1.8812577340457421,-0.10055080880578766,0.6148543672403818,0.4407215239912757,0.8241251760943952,0.9474400909338403,-0.15020868144693705,Other_Faults
-0.613860600541786,1.9141374061617114,1.2832050270548634,1.783582978656518,0.8188153638123618,0.6617916222096151,2.562923523863453,0.26451977648318153,0.1664952643775868,1.0042124586659897,Other_Faults
2.9851139782729357,-2.713752800534331,1.3839248795126033,1.1384282859340982,0.0073668337120467876,0.15919616083088955,0.4031319302511787,0.9324109248736036,0.4418710691601978,-0.26367916983497264,Other_Faults
-0.8711547332691094,1.5308794298554411,-0.0553288728097521,1.5746049643990796,1.5823812914750013,1.2398405838904394,2.424548647378303,0.27121048699193634,1.1064944892196897,0.38761752475004946,Other_Faults
1.880592289259426,-3.469777554416873,1.4969326789553092,2.2318149911928797,-0.7491965866136346,-0.09263618043583245,1.7715637840761773,0.39752317991237635,0.08951127911636662,0.1058363411258363,Other_Faults
1.3516397139210035,-5.298098539571156,-0.7050798994316871,2.3209206891924103,0.8469516847450375,1.459618799994272,0.8274067886766477,0.16574758757784977,1.6113601097846908,-0.7011582900497404,Other_Faults
3.0769549888004533,-2.819264137884476,0.5126673149622782,1.5807780052796334,0.7959743771841887,0.35206391440273566,0.681922922446028,0.37534434977814823,-0.1024711305339048,-0.2655241220019734,Other_Faults
-1.028794105919301,-0.43556783169957314,1.5981166075554742,1.116370273343166,0.5490612196252204,0.9169256904001671,1.1286819078084798,-0.16805868174052088,-1.365927595272941,0.31987868410301473,Other_Faults
-0.1017447840067449,-3.969383030552385,0.3544048281403769,1.1476796080868539,0.4508330180511738,-1.6965686194602176,1.7414552435582307,-0.7193972368084328,0.3009244206304454,-1.007008510942101,Other_Faults
-1.306984742891202,-3.1936581198287803,-0.29211853721268843,0.9746333759187846,1.473854102223948,0.6580113204072551,1.5607763799904177,-0.09321291892483981,0.41243443344793485,-1.927412221268681,Other_Faults
1.0399224230560837,-3.4034662796168105,0.22786142110057556,2.025050865287413,0.7343347929669183,-0.09862085791691047,1.5411908076683176,0.2847618757140545,0.03554645422885232,-1.0999042919196946,Other_Faults
-0.5171041802254976,-3.4753263830844823,0.7303184650924126,1.0491756791460853,0.4699250489088463,-1.289920339414497,1.4694649040096963,0.15001792974977698,0.34521069121899867,-1.828085627526692,Other_Faults
0.04093017524365945,-3.4149673089542745,1.1156923277618898,1.4912763750525582,0.10121288209866215,-0.9078930757272341,1.6704811627208407,0.4059507753979911,-0.0420524925926668,-1.9996652111407345,Other_Faults
0.020301891663149604,-1.9905409563343393,0.48782875365291267,1.827356041816973,0.9632656792598522,0.4681901610971025,1.918419751174577,-0.15579401651001967,-1.1471882048932407,-0.18441149495370815,Other_Faults
0.8026480930347583,-2.8473209100422068,1.1785318818457622,2.318191146854855,0.05418220246427512,0.014604008177123914,1.9127281704762615,0.3501001121892239,-0.30489904478682495,-0.03670297352303541,Other_Faults
0.7984257139860107,-3.6652023347226494,0.4964642278674676,2.053602572435107,0.39005500161702983,0.17791382697262498,1.510693878074063,0.4264093623203707,0.28080334023677705,-0.7942226836976715,Other_Faults
1.4643498942988995,-3.5998206810484983,1.6020777404244617,2.146822008129553,-0.3981047460287577,-0.23234826384306012,1.6918802388805763,0.705029972268832,0.30639068218308385,-0.2513953396129244,Other_Faults
0.506885251111246,-2.431950195941533,1.9312636802814638,1.3849239668204287,-0.34832717145717423,-1.3098979443846386,1.3537029803752025,0.7790801155564214,-0.396195319093135,-1.5912986834887741,Other_Faults
0.6071084925924973,-3.3848618606957546,1.1252501826987786,1.509441592030767,-0.014930089248191098,-0.6657593822649176,1.209294167298295,0.7587824691097973,0.3007050933487695,-1.638390587989818,Other_Faults
1.762752579112875,-3.1412529907534674,2.497415600453778,1.9831827795536217,-0.9571553182415662,-0.7644973664952212,1.823601764499361,0.9274150486336775,-0.0036124334526403553,-0.07042955546517256,Other_Faults
2.5241690175633904,-2.4159309339392907,2.878777444765501,1.6665088749504924,-0.957522885125688,-0.8713776783864651,1.538967826133669,1.179018010963496,-0.07828938533527055,0.22870596852479205,Other_Faults
2.4487461684187566,-2.3491102012264635,2.8973700058710845,1.8750162182444061,-1.0584731093960777,-1.0849748827002401,1.9594524449350694,1.011565847358274,-0.4420615626858011,0.31426688966660904,Other_Faults
0.541133811075306,-2.5339250995203093,2.3821961476580684,0.8992019408839856,-1.2998108562301054,-2.5400788123194693,1.7570424359721661,0.8306604872736432,-0.4167036013695672,-1.391035212611166,Other_Faults
-1.592571441302352,0.834913531746223,-0.7962961501284962,-0.43644005952579423,2.383759868860215,-1.6298619548372386,0.3259271196870822,-0.3131206902993541,0.5321303498244013,0.20385724584520604,Other_Faults
-0.9000833605648411,2.3014457472524663,0.4254901110455173,0.01646355406805444,1.5311986137219877,-2.70941835032887,0.7364208392404148,0.49300633036430797,0.6228164894304836,0.16020008870427782,Other_Faults
-1.6861173666595657,-1.3905724688742493,-0.7638089276277573,-0.21734535034409366,2.369309613859253,0.2899210349184738,-0.0496044334702193,0.15771841075864207,-1.3961243726052508,-1.9414222258280285,Other_Faults
-0.28919247604584264,-1.5922124548361245,-3.3034420335815398,-2.01860344544914,-5.708892568358833,-1.558509960092039,0.30522043128896237,-0.41322412090030264,0.7287887604137718,1.023707789814759,Other_Faults
-2.001823429467452,3.334828365441375,4.841791258680801,-0.1372726269302393,-1.7516224906324356,-0.5636354989614082,-1.2174605445041462,0.18016942479548795,-0.934759562808339,0.02296578804264125,Other_Faults
-0.09277767309980912,1.934099436814099,1.9418066950712003,0.8608048891005713,-0.2447278204117126,-1.1098549099795052,0.5054776144342008,-1.003619224104949,-1.6383830655824083,-1.0228853508766196,Other_Faults
-0.2012227997746567,1.7028593371591245,1.5603122773783473,1.1244591878734573,-0.3065288611527717,0.541722117728042,0.19723768913982553,-0.9409297230622604,-1.1479086683028104,0.5097203815579903,Other_Faults
-1.3630154198554711,1.5968603738502587,-0.3452927549523241,-0.5379147475768463,1.1974420438735502,-1.0048716146097312,-0.594587025951909,-1.774496285807327,0.5972653915789038,1.1292354260510227,Other_Faults
-1.3947250788673202,-1.4203037289968943,-0.12928672544482664,-0.3473466996835045,0.18795900005701932,-0.9888380016433266,-0.8040051454105925,-1.592843726008003,1.7397692248473706,0.77093073905387,Other_Faults
-0.7179671189203636,0.948157775499321,-0.8758545685274023,-0.3723812219519751,1.305800704097409,-1.1172379648066482,-0.6505942698565501,-1.9998997961322937,-0.1486549641142704,0.91269344028929,Other_Faults
-1.8501192005016218,-1.3378872138190387,-0.1508959803192055,-0.5516943609336175,0.30522541811386644,-0.738050067391339,-0.47673136851146813,-1.9420802678409061,1.2266696021033223,0.9312483461489937,Other_Faults
-0.5760750041783091,0.8061234607907588,0.26056399382749207,0.8879788016959801,0.19192780352673924,2.0314278607569047,-0.3842646519983423,-1.0876695332326582,-0.7326444944541182,0.8469164058015177,Other_Faults
-0.49171987848142507,0.4694727042020026,0.6146852148089379,1.025307713118035,-0.1703120181105085,1.6926490816983533,0.029523317100795525,-1.102199926745119,-0.9562219766484409,0.9301421818627238,Other_Faults
-0.5161275536616229,-0.2418622308507445,0.5213809715755046,1.0168216254369378,-0.38656151959979335,1.9025975440898595,-0.6920307996117626,-0.527978414408324,0.5383246141682038,0.6079860444692738,Other_Faults
-2.0471989277735605,-1.1241573397984674,-0.19664649068604198,-0.6549776587579386,0.33385666163131755,-0.6268355527744538,-0.5402900442327507,-1.7604611282652445,1.6826897161469503,0.9155297593622901,Other_Faults
-0.8066591008967421,-0.7006068813019339,0.8542840873696321,1.0385234051826173,-0.7652767409966434,1.8776329346547274,-0.3580690283133978,-0.7229522660272327,0.7429865787887129,0.6623275257951602,Other_Faults
-0.6095055764383613,-0.29435870630271876,0.5498208280808601,1.0910751596839936,-0.44603347171018426,1.8288372305436014,-0.09910075548431985,-0.9420398200337422,0.1071649651223867,0.6913563792654246,Other_Faults
-1.3704734614134317,1.0651410680151678,-1.0060724394275753,-0.6205728305735972,1.3810636452440699,-0.7621803178958858,-0.3811195444631832,-1.9516010805666244,0.5733008451633486,0.9354772586183178,Other_Faults
-0.5807286297205785,0.02554657393298418,0.5198980071172646,1.0671635788956533,-0.32808890071809704,1.791187317832641,0.08059363632577399,-1.114121782114257,-0.36614541053865757,0.8319841429538753,Other_Faults
-0.1961923664199012,-0.15008952702992084,-0.30820275712297734,0.9044296433329599,0.23780891713659308,2.284027558736776,-1.1195789344388138,-0.6890848575107994,0.24907798819751964,0.5341258210136605,Other_Faults
-0.9266586292504907,0.07906596453447981,0.8558639603586626,0.899317809412615,-0.5928337045469109,1.938628456366006,-0.264924030727855,-0.8122186362552536,0.2238390918029975,0.8816118140438214,Other_Faults
-1.2873577720214557,-0.13320937059546517,0.10918244558075683,0.5874229011595535,-0.03194476217030013,2.706642569806343,-0.9680269271469468,-0.6332462493027688,1.0317120231553796,0.6465019945427056,Other_Faults
-0.8524300769917891,1.737282851860655,0.2301686665393085,0.7752028200593846,0.24937933891502465,2.074525114906537,-0.13227454308485243,-0.9692185358211227,-0.22825669995672715,0.8559646335468826,Other_Faults
-0.6552389307809778,-0.4463486348091328,0.22241197101849805,0.9880383728072483,-0.3604322909075326,2.053537208082841,-0.2872948587139624,-0.7441577221287944,0.7195929183184588,0.6405344542866274,Other_Faults
-1.0549335773402495,0.20453597013134647,0.3616572076366251,0.747272358304405,-0.3258934702887447,2.262733610301851,-0.4736166874515963,-0.6965802087560982,0.5974032142584161,0.7675556144843487,Other_Faults
-0.7626194627632746,-0.25876385547169234,-0.5236552964995421,0.697032657266443,0.26768193863634737,2.634117353343705,-0.771459012723892,-0.870403333996193,0.4351051122260743,0.5814240461936275,Other_Faults
-0.48860885806872845,-2.313470747744266,0.03601598321468909,1.2204582766282965,-1.149238838539321,1.8701784984788123,0.28771725019632854,-0.8093467166035125,1.4659134926833608,0.3758538504541957,Other_Faults
-1.8071180998759606,3.1065949041525465,0.10731821749343894,-0.37984006274807514,0.7012480384224073,-1.2391727500394625,1.3992346823583628,1.3184649483687265,0.3916708840802335,-1.174028074861696,Other_Faults
-2.1297607478513747,-2.0977863309041225,-2.482190224963324,-1.5873324196032648,1.2370612856515506,-0.8200657343961294,-0.11786708590084757,-0.4826788587293418,-0.4164885619523009,1.1614830501522728,Other_Faults
-0.20069670951786472,-0.3751616143639035,0.5252301672921208,0.40851496889157457,-0.36766131755428955,-0.4266859606487964,-0.30793912252560945,-0.035514732635727624,-1.705296732861464,-0.5704666407006461,Other_Faults
-0.49237155044718156,0.8753810829821856,0.08298370368273023,-0.5090827330406104,0.30547744897777074,-1.8785564641942967,-0.8615302716614084,-0.4374069952959734,-1.1321618348148899,0.06780779224843679,Other_Faults
-0.12471660379676354,-0.40853674953914654,0.48185428642709,0.22374099021345584,-0.48188448279332946,-0.50225574982329,-0.9198826131822958,0.2543629088744924,-1.3190766411270585,-0.8349986309187882,Other_Faults
-0.5854926432891951,1.8268971912479695,0.011335762039739763,-0.5980078777523472,-0.35629967549407054,-2.4034525652325422,0.04407908553686358,-0.19302051351891344,-0.8065598759236602,0.46014729315510455,Other_Faults
-0.8831844054094848,1.7862246306836094,0.007127006750465255,-0.6870948937820751,-0.3417682811847787,-2.228948582054255,0.2757820738698899,-0.2902858754806967,-0.8323651727846237,0.427307072592783,Other_Faults
0.5331956599626787,-0.07251392460212039,-0.5040705584602513,1.4135507242780307,2.2554447720101285,-1.9579937072350984,3.5084551970546003,0.6055756206440169,-1.5124888797402978,-1.358990601163235,Other_Faults
-2.572557733908859,-1.4011837537392609,-0.22828974575305935,-0.14312384614045617,2.3066486184570487,0.34652651664106454,2.0138305968411347,0.14451446285549244,-1.1591383175310295,-0.7323565592231903,Other_Faults
-0.37810266051436225,1.7576092002136126,-1.1326365271015644,-0.25159629585876714,0.4999918674479646,-2.4288293895543047,1.700513274116732,0.5486662476658001,-1.0661925879838368,0.005060075336346185,Other_Faults
1.3285614252845541,0.16080661562011736,5.656843059816647,1.1967406004857946,-3.2974781837952256,-2.124083323647415,-0.43635446625446445,0.6695796983937443,0.006611328587375202,0.038547591298514386,Other_Faults
2.377421118926366,0.29593697123695745,0.524556506772436,0.20144159890379934,-1.0301274205982456,-1.8729635874276649,0.25830338332722597,-0.9648028695253035,-2.963184272521981,-1.6122155467632093,Other_Faults
-0.9342346453714934,2.0555415637764294,-0.3035226471136975,0.4867377308644015,-0.21612575252213712,1.6304664144278198,0.9059909433364169,-0.5100561510468405,-0.7176242022622566,0.8530513255318137,Other_Faults
1.0278271754722372,-2.265681634002027,-0.12316610258062535,1.4549295873139052,-1.6738015575531082,0.7688981749497569,0.5205485686735237,-0.1364020050171796,0.061010679658172084,0.21484165458036386,Other_Faults
-1.58478232473136,1.0195543344804059,-1.5745831915420614,0.06117615846355983,0.5814420413143717,2.575387980615852,0.6612142087735308,-0.8951360559749235,-0.4977130444729994,0.2157996168057105,Other_Faults
1.0884144191211271,-2.1496594295625653,-0.2668576743929397,1.4807463652106996,-1.5522399204288346,0.6221732901305557,0.9083792340049581,-0.4270232692851742,-0.6140919175365868,0.21568305261298754,Other_Faults
-0.7472411052062029,2.0220332021604976,0.2762673688331089,0.5973863673193773,-0.8445670888983805,1.038630809965751,1.371574207146486,-0.3814044548644575,-0.9433513679135898,0.8658533322342448,Other_Faults
-1.5460488115145479,0.5815897245661107,0.5739829406622285,0.18314578871778311,-1.2513737383431078,1.932925990124408,0.345841960794832,-0.3931042212036775,-0.7681439922476064,1.1332384012557208,Other_Faults
-1.6008273952833119,-0.9818908601814086,0.021866356936393685,0.3102360888323399,-1.382010038944403,2.2486689215279254,0.1929272072005264,-0.17763793139160167,0.7394116802006433,0.7173686402664762,Other_Faults
-1.2421855898266028,0.35339076916971823,-0.003963838220896136,0.1447106311090012,-1.1093567900774972,2.0164134073219238,0.06083644207577464,-0.45513226960198305,-0.9508900269279194,0.9861611298684342,Other_Faults
-0.3040157272855823,1.5994840019519305,-2.3960432840470416,0.9506962493862795,0.5318531869845149,1.631316487037062,2.2207564658409056,-0.6752282551216183,0.5020341214809941,0.27356486071178676,Other_Faults
1.1802058648679865,1.6513815475116636,-1.3131986554860526,0.8709570652440531,-0.47087952658716814,-0.9394428612489506,1.724055562548224,-0.2632638049754608,-0.9221832463838098,-1.306696550512833,Other_Faults
-1.2590708653320952,-1.1566977518736314,0.07128399754319352,0.4643179034914835,-1.7744096102941058,1.8808963709472488,0.5716758889665924,-0.2652033825982588,0.49377434132088527,0.7018231317178079,Other_Faults
0.00044018289899848385,1.0840463396015692,-0.8054632837192031,-0.08242783855240167,-0.7627374516017301,-0.10894495409772209,-0.0211514735966242,-0.06811841395288501,-1.4179770905849076,-1.5529501403998291,Other_Faults
0.3800150279039509,-1.546300399104053,1.9266427932187127,1.6069852153051523,-1.9878967324715424,0.21766651750911728,0.4829003660554546,0.43497907060461133,0.3963776550672668,0.43647879095898734,Other_Faults
1.9038170167812931,1.6717332445974356,0.8716593189882402,2.52786577421758,0.5952224516541685,-0.9339381523071661,2.4552137575061175,0.3502951367886864,-0.2552661798926703,0.2896112357563537,Other_Faults
0.8791501963721884,1.0883771495662056,1.0418405282231586,2.0793348706616004,0.4437409753419289,-0.24991790254582374,1.8139993608085887,0.11965256236240833,-0.7827572431006365,0.25831157832428897,Other_Faults
1.1211629733739874,1.4819852047053375,0.8098001734726826,2.195495570678183,0.6084978532632473,-0.44639381494296815,2.068281125897132,0.2592158740731741,-0.47826464121293166,0.17277098282746395,Other_Faults
-0.3165576005409436,1.006699759423437,0.6108832934367125,1.4416149015246562,0.825956958064049,0.8153546993431967,1.265597647462551,0.1793872380806251,0.0243725162271742,0.13320838263305,Other_Faults
0.12383155670393295,1.2321302350354477,0.5121141781720504,0.6018425128079093,0.3154034092032925,-1.6421791554577478,0.6794323058179917,-1.497500755247881,-1.4373671087921285,-1.0040528214657767,Other_Faults
-0.5735722308229052,-0.0456600933856045,1.3088408706295822,0.16316535596599283,-0.4169707094112493,-1.017838705765443,-0.5801362684781276,-1.21324510619737,-1.2235539059195706,-0.9610102217429207,Other_Faults
-0.15369179568649824,2.063390118993538,0.905125915298478,0.5383234459565779,0.0546835621715602,-1.593185436793829,0.311487394630152,-0.7665568968473571,0.0655439241301842,-1.0472519067327255,Other_Faults
-1.2408135592062612,0.6213020044730677,1.4105422108276335,-0.18988904294659173,-0.34204381533727074,-0.6086071840431183,-0.9562796170277548,-0.8437830261792555,-0.5883091914603472,-0.9689532933467506,Other_Faults
0.21203417232791258,1.583587337247702,1.3824990002852595,0.5193007829901206,-0.29350012011062426,-1.7074141604118749,0.2449332184021533,-1.1161112573223162,-1.9641755815522626,-1.2312018243026348,Other_Faults
-0.2547521539292535,2.3398353192031447,0.4460711467693614,0.5453147365979707,0.36835411263441287,-1.5041886539980114,0.5037278510106633,-0.7262201829088525,0.5680840949410001,-1.086388482272466,Other_Faults
0.13395063270810487,1.5241646669082047,1.3790127124010145,0.570181713512919,-0.3082555808841385,-1.8634318612215548,0.6110918613695552,-1.3148296790152445,-2.0721168922169775,-1.0086350846919498,Other_Faults
-0.14104126350218818,1.4625638605612525,0.9570081722730375,0.09297557978759323,-0.5736324038262076,-1.4577715717538489,-0.2882820189881339,-0.9933565207737596,-1.4000944711474663,-0.8041392783513576,Other_Faults
-1.013922229251675,1.149162476215165,-0.09782818019503121,0.22026100747984745,1.4184769419229586,-0.6507777719028244,0.24136812264730012,-1.8144412934810954,0.18139083124733443,-0.6909150538713158,Other_Faults
-1.0120813055904785,1.1541755643977942,-0.09256418298614268,0.22612350532168912,1.4112544771602828,-0.6383080936761013,0.24522076161993023,-1.81575924107785,0.17778160643994093,-0.7155221654303237,Other_Faults
0.9115429817586784,-1.4603129917460924,0.17794275407141405,0.6283272985535122,0.6248447452376379,-2.041309964065955,-0.31907560131447366,-2.3341469323589163,-1.079351260208297,0.3794261448694486,Other_Faults
0.5244344706396938,0.6974114538236439,-0.25925865718108515,0.7528517667749741,1.2499219315784214,-1.9376655035369221,0.31121930113809476,-1.9998720888741819,-0.30478104922112903,0.009630653148412745,Other_Faults
0.6206709382522908,0.7305978654641704,0.2379283222604105,0.6375844986120993,0.923723305400739,-1.9703492364337698,-0.2293156131028394,-1.8939443977531951,-0.7090669663098522,0.08756431606923903,Other_Faults
0.8922709474675377,1.5235816932424382,0.9331697656413757,0.9080943222208332,0.4497963473351934,-2.7316346955234234,0.4426439152477517,-1.678237495488155,-0.44232850252164707,0.3923967512184243,Other_Faults
-0.6797261468842114,0.5497786067860861,-0.05703764398261944,0.07947668830090276,1.3090474264036727,-0.9771063070138305,-0.3559881176134247,-2.2535231815098116,-0.6559774133786003,0.19069977265289295,Other_Faults
2.2404247216529294,1.2429955675925628,-0.059943419266688135,0.942337294203078,1.0924696351184549,-2.8776804634803512,0.40482293304729383,-1.6054992121891525,0.2194652221870315,0.2524177754446268,Other_Faults
0.546443376455708,-1.646757740845559,1.6163605623014796,0.6863732437305529,-0.6927839816684003,-2.5085121260014196,-0.19963436958987152,-1.746208677024765,0.048346382098538414,0.4697891102559189,Other_Faults
0.061493161293138164,0.5529645123926817,1.465972425165614,0.3870938595641655,0.06761673576085793,-2.1737011024837276,-0.1958908014934721,-2.0873016531615662,-1.7607992639549748,0.7148940301042858,Other_Faults
-0.5861519598099663,-0.028662775761280655,1.2902779429395472,0.04755957746140759,0.17373594894618075,-1.646608129973824,-0.6379334864341425,-2.1691003193894556,-1.0850876270175855,1.0517663875749284,Other_Faults
-1.0721216996508496,1.4228625665995054,0.23939817942043756,-0.0037170229875293412,1.1024345440319954,-0.9728506544819513,-0.0625040581350073,-1.8298719628068747,0.10914610975360016,0.12306448226022083,Other_Faults
-0.5656484998413567,0.41266794344018665,-0.3587523393328138,0.017917909541658585,1.3445868416099165,-1.0250179927610534,-0.5647862460458667,-2.1908406664906113,-0.2889539774994353,0.3908677130920176,Other_Faults
-1.6151455153342595,1.4623481009429196,-0.21724053286794034,-0.19802524384749448,-0.2350229299855978,2.1051006666248315,-0.7966373683271515,-0.6409557358520137,-0.16289467451440717,0.12246398826782853,Other_Faults
-2.4905257371162586,-0.8504727840078201,0.7637106634464176,-0.4657427974913255,0.6771154377711383,-0.6690339630305775,0.4444333174445203,-1.37028222598587,0.5875087462970451,1.1543181473181177,Other_Faults
-1.4138442918051268,2.99484717389041,-2.970527055407924,-1.506794010023273,-4.504150612829056,1.2639774144646059,2.168768507230822,1.1684171382270712,-0.11806766143455771,0.8617928236459237,Other_Faults
1.5141807330992634,1.466977874557312,-3.7831766619117233,-0.8999578763659359,-4.534610054030529,0.314426546526802,1.168481557524545,1.0728256689956286,-1.8319885959643996,0.3256339163332737,Other_Faults
-2.855259510930714,0.8420323223296122,0.015531904041542598,-1.1601329402573923,0.8656562948496479,0.5436752269836929,-0.5159731124704492,-0.47239352691037273,-0.11085244230756978,0.01023513641194534,Other_Faults
2.092652767189312,-3.536709142359936,1.0328367576440494,-0.2949792233747331,-1.338463768108211,-1.4506876438011886,0.1349722793233288,0.6518675466429733,0.35440255630823675,-2.110788568416981,Other_Faults
-2.2395219499965133,-0.7818553368250706,0.276811527756923,-0.7561995076427198,-0.19202347004097806,-0.6917575866727278,0.45107345161336715,-0.810083093730222,0.2663892523946503,0.9901885792301524,Other_Faults
-2.621973834943515,1.0577152660482954,-1.0213904123432138,-1.144269218154703,1.1842977261324523,0.23879726914916022,-0.018583986547256626,-0.6604641233310018,0.7335491680506194,0.5601708158318526,Other_Faults
-2.3400367204633055,2.1664260518969254,0.027627458966621953,-0.8016694093874571,0.023160302736571707,-0.04433231017253395,0.5185930168020083,-1.3551313287801445,-0.13995470849859262,-0.5153062071824813,Other_Faults
-2.3283952759474404,-0.6847834098984616,-0.07837942268606463,-0.17636784713194517,2.3429497387589913,-0.14966675705322538,2.1551660314501198,0.014949658999206361,-1.4828738906418544,-0.07108670712038016,Other_Faults
-1.4485315935703058,-0.292312404269674,0.7512941064904419,0.8023226472802567,1.5841181926036574,0.5115397865971181,2.8137921026159427,0.5175557928871061,-2.393066424590093,-0.24707391022279948,Other_Faults
-1.7616674986330882,-1.9186568342805548,0.39869192316963914,0.28947257615062255,1.4797520427373694,-0.7878605382232888,2.729644171171785,0.07314234506818507,-1.5314082354426108,-0.3033750491115054,Other_Faults
-1.770680762778965,0.3341045129755845,-1.3158744777665958,0.2832822526872239,2.973424838613234,-0.7202925504284398,2.9445834398428836,0.2838391286120185,0.7061224550808632,0.1384623719142824,Other_Faults
-2.356867419499624,-0.5137153125072755,-1.0351715520367888,-0.2891404960910811,2.655057332552516,-0.06303258887310041,2.3185432614821044,-0.09531635551869559,-0.7807520041178083,0.12823581497297218,Other_Faults
-2.299814741657532,-1.655954097449232,0.19933833975123558,-0.1548300543710678,1.3684438716408693,-0.5487026583554809,2.154509365142624,0.4554519504799411,-0.30131294622761373,0.1696140234848848,Other_Faults
-2.1958873076307084,0.016291133961223277,-0.47417863379772845,-0.08062487636233427,2.1376325476017004,-0.42010263464850556,2.688031340717335,0.2719431973968701,-0.656762614717166,-0.12716722551568213,Other_Faults
-2.741110574417263,0.12784157823842282,-0.34755748084331256,-0.5440740262529336,2.1954481913804056,0.07942176615541402,1.7894843928002484,0.5575871951449883,-0.3149254614716845,-0.009109853366958862,Other_Faults
-1.1629742262757914,0.3815586497806119,-0.0906623101417184,0.4992971544072206,1.7735556554410665,-1.5609671733309016,3.6632012602526576,0.210178620484339,-1.2989065435233398,0.09291213400698986,Other_Faults
-1.4187503226747609,0.5282738757357486,-0.4529715498198137,0.27064637809690795,2.0338441075531115,-1.1950719953136186,2.9094979209804017,0.5607248208354784,-0.2008543641044775,0.1504813868253674,Other_Faults
-1.7011298267437158,1.7038293064905985,-0.41278239807785755,0.14114176496582384,1.2227589320629166,1.0165662719230735,0.9867677821444275,0.9222306864692211,-0.2547155714478314,0.3191270034914581,Other_Faults
-0.48912916481013474,0.29080779557585124,0.7461404894982493,0.8061763131536085,-0.8476548766660903,1.4985338571614468,0.16370509575250075,0.26806899938177237,-1.060217686097632,1.0977011126277074,Other_Faults
-1.863924425427639,-2.029299073728562,-1.1380101882440268,-1.144369296017978,1.687189445973966,-1.3108170864637207,-0.7033337822835929,0.8016880833563022,0.47129294738628386,0.8415645257125749,Other_Faults
-2.277088811583895,2.791769311226405,0.8203218324490711,-0.19718456462848827,1.1375583623415575,-1.016355703638769,0.7336542049316801,-1.1565384470419808,1.9390315770432611,0.5601070624751424,Other_Faults
-1.9193434836705818,-1.6743281714844909,1.5607551105598338,0.15418352260309384,0.2741522316731595,-0.6541602738729516,0.39332080603326663,-0.13031319336856456,0.9416459427980025,-0.728279641278629,Other_Faults
-0.15559392214671092,2.618797037051061,0.7979427509521226,0.5785546243903372,-1.0567646077795136,-1.55581395164201,1.6910607033759022,-0.7567990694793062,-0.787983857224303,-1.5188284680073405,Other_Faults
-2.253034744930174,-0.3633160531067071,0.9017478105371184,-0.4254689333275212,-0.8553755768271072,0.4504761009859091,-0.10383355122377642,-1.0276491427255612,0.05911042950218147,-1.8348109429469737,Other_Faults
-0.7185928019046554,-1.836230130373336,-0.032399340843309594,-0.012993231486435478,-0.4355834323784157,-0.7017836156878553,0.032011669262424505,1.6011854350101284,-0.8091136388861434,-0.9627973128383877,Other_Faults
-2.298092130341661,-1.0178016796877842,0.1958888180592316,-0.7809987745771948,-0.6220021859872962,0.5029891064590281,-0.3530884446681424,1.8693598737995496,0.17014510963868307,-0.3060320064209397,Other_Faults
-1.6234228997993225,-2.2680362050735323,-0.9392565829085376,0.9220836595836764,1.9987121238766805,1.9189379434622198,2.351784004560106,1.120134126556543,-1.0042664825438714,1.0357406459625995,Other_Faults
-2.5338155642447004,-1.4947847781755237,1.005023806582563,-0.4688320940890244,0.03351655084172503,-0.3780504708110024,-0.18882189243244932,-0.7734741366571081,1.4535018190042908,0.28979305271815253,Other_Faults
-2.174465811954677,-1.595912077388963,1.1450702936133894,0.29506701598539403,0.6472771136603163,0.43601786114206953,0.7255508840815098,0.04765987094692163,0.6689042136136715,-1.9239899028190062,Other_Faults
-2.035579676520376,-0.9413971045502223,1.2393402520069066,-0.1720120896595281,-0.2115668066776294,-0.08735034194166738,-0.2370976582953643,-0.4432548391063851,0.7543712855962366,-1.388331871416417,Other_Faults
-1.85519058507344,-1.7842936193974432,1.0621746362326192,-0.5755817336071154,-0.44553588955840046,-1.6739121904733218,0.11185558205771723,0.3258843329385335,-0.06881139360416332,-0.4021004182031276,Other_Faults
0.9669291347777553,-2.833431125128615,-0.23502196439311016,1.0743195942550112,-3.3762325994032754,0.7130475015277168,0.29281014336977784,-0.18286698592583203,0.9678691164582374,0.10276089600070946,Other_Faults
-1.6911594801695946,-2.5881660130986917,-2.1079267905825434,0.7517970707777533,3.483073053482514,2.329458695753525,2.136816505687815,0.04903500341062723,-0.8474497172923688,-1.1780244451478208,Other_Faults
-1.350016879657034,-1.2368133385594031,-2.379125354955047,0.9009269722742909,3.841010552768103,2.316444311710177,2.058190276290139,0.35255983433223725,-0.3310065399966142,-1.111274204862306,Other_Faults
-0.7695852183988492,-3.671072580481216,-1.7344985674045947,1.7642867366860635,2.701340153562585,2.512098690859297,2.603112308884419,0.13141799996266687,-0.25899198729943557,-0.005396692993503173,Other_Faults
-2.3241420993387245,-0.016270492084158983,4.784332359015712,0.21732645674301693,-1.622362699135281,-2.1357383443643414,1.08037383522966,0.6467041711368616,0.5938680358782978,0.45070877317654073,Other_Faults
-2.4543651109816103,1.7696584861937075,0.4711176051664316,-0.1447978814246754,2.081057057037085,-1.0478264476659997,1.3921208752902077,-0.4831548932917679,1.7985641119523736,1.2255757526764792,Other_Faults
-3.8792843185190824,4.250385651441824,4.767546326354578,-0.7450911093165847,-0.5672667011206781,-1.5151635138394182,0.08882269817190391,1.462552009112046,2.503140496863002,1.4624286194066554,Other_Faults
-2.8464035437968693,4.282006752864596,5.071414899831338,-0.2900949396178227,-0.7783814961884009,-2.415603630438305,0.9518257830317841,0.9165556308760929,0.6179071537529627,1.7263214553770139,Other_Faults
-1.8542645753363272,1.452073572344705,5.573378887393712,0.9975757139485969,-2.009361277446699,0.014717897110704125,0.3205719847953509,1.566558442360467,0.24494273807268352,1.4937930639292007,Other_Faults
-2.7418193447969115,2.033105731939026,5.006815762033137,0.5334489913397369,-1.2826245253033957,0.6597423749863084,0.5660748821733528,1.1940324319354396,-0.0296622992297497,1.4566218401489313,Other_Faults
-1.900453759642995,-0.17733721403888095,4.062895458366566,1.3085003371881094,-1.2962190055407092,0.931530458993102,0.9778584989112294,1.0012269867237162,1.0186965806490547,1.424566519317854,Other_Faults
-2.8244903544810596,1.2365049336592966,4.9638687860157535,-0.2719829108905176,-1.303666211675718,-2.3106797334635556,0.7159761598733368,0.30609952920869266,0.3057353413192181,1.9972365181633616,Other_Faults
-3.1718520880003775,2.3857700779801836,5.377321972029547,-0.3885344947185786,-1.4215388611112536,-1.0376365822462477,0.20342534313730132,1.3426880189050474,-0.5086007627463979,-0.530634834137723,Other_Faults
-2.295880411889783,1.554317938564258,4.8706441892936825,0.9023430855645207,-1.4133596069540646,0.3408673027973183,1.2579818978365447,0.9540737309369568,-0.20131952395644864,1.5224396189977751,Other_Faults
-2.6869557006085065,1.8532540009710974,5.0203831581889435,0.5307532710218507,-1.3849510873477129,0.9723639457165678,0.06582574310199557,1.2529678176738979,-0.020715845347142537,1.700158744276366,Other_Faults
-0.7139019581244137,2.716724274142575,3.4046630428897955,0.3839635969104023,-0.19759075882210875,-3.0254610793766887,0.46836321840039136,0.527883924929026,0.005549056683847284,1.5267501828041896,Other_Faults
-1.4665962660590977,0.536778993777068,4.049055794499842,1.0887718529944415,-1.6657960573946762,0.600309058589912,-0.030313190946143,0.2942299751646468,0.6650900312926025,1.0466792853225004,Other_Faults
-1.2152107176920448,2.404220757916218,5.1093041604539655,0.9300456388183831,-1.9475483161396012,-0.10807982444943269,-0.5544114864787845,0.674430313407772,-0.21604873367147379,1.362012703034079,Other_Faults
-1.5927178944061473,3.698131908509741,3.9518479619134093,0.9569989802282083,-0.8751269505669331,0.7949249728339437,-0.017970065588486406,0.7229863619361675,0.9321389373366319,1.4795241775952446,Other_Faults
0.43438245742785203,0.15972040547396898,3.5066688919320645,2.005332271926113,-1.5172901257304259,-0.10271195306879627,0.293972581315862,0.07319575967197846,-0.2725552172233766,1.2270257324874543,Other_Faults
-1.1469843376509015,5.412217571506979,4.841388890335425,0.44605295426402686,-1.2885777905224785,-3.1648794055310163,0.655776765450997,0.8287786896517324,1.1203112688451804,0.7519739734552335,Other_Faults
-0.9196671398778992,0.10013382131224309,4.503882379980074,1.4559880157838168,-2.182399226493174,-0.06545293191094681,0.4200960662717355,0.26675910530910235,0.44074754078396655,1.056865589793999,Other_Faults
-1.492032232374113,0.2946021316530161,4.805132317684172,1.1831592206495702,-2.359110341235534,0.2596702798491621,-0.05354869593138589,0.6056755439220807,1.1929145525874552,1.1008503734903412,Other_Faults
-1.9070710565571185,1.7121283681913075,3.878490470486626,0.7077344541438079,-1.2171757938701067,1.0072105448974653,-0.4469515920494522,0.5030662456168941,0.7492202036006923,1.1226373110790155,Other_Faults
-1.6468443079172197,0.2912381948930096,3.3043660854320476,-0.07145705676250641,-0.9730392454345976,-1.9838908967214766,-0.4791491217749427,-0.6367673470116617,0.6028571706617455,1.2737403698124579,Other_Faults
-1.6967366011060516,0.6965900588046786,4.409525283259033,0.670124024427304,-1.9772086270572136,-0.43153447258601024,-0.01889645345131375,0.43799583555167665,0.48039717687705974,-0.09010277353069615,Other_Faults
-0.8343965339626734,-0.5457991198686137,3.2827395297410944,1.2388812442575265,-1.5700583549937663,-0.09613411315893482,0.15396477382850968,0.21431797002280262,0.6995833137240134,-0.11491527656925683,Other_Faults
-0.6958239456285804,-0.6407278898483075,3.1227380078027203,1.5693970120448955,-1.4775094717962682,0.2537646061792554,0.7561645570025207,-0.08816938445168232,0.5742459101857588,0.570892332522641,Other_Faults
-1.8548556115207144,-0.1891405596315935,3.532427515491659,0.6389125613744056,-1.5332220368492915,-0.05375521797206256,0.14623694040919746,0.18398480340399453,0.9702014287188069,-0.4946923563244354,Other_Faults
-1.4591016814809477,-0.34056047040470483,3.2339955686719453,0.9751207546413387,-1.3751906262564682,0.566340397386814,0.02468825688626565,0.10259598099985463,0.9112988351456337,0.27399945584765767,Other_Faults
-1.3243647943833887,0.16324654570828492,3.5265536860331204,1.1516122913721634,-1.4942984276058968,0.7330738392282853,0.08604220071745508,0.09055212406494548,0.6030587366386514,0.9487293110654439,Other_Faults
-0.8511985566436477,3.572480526409366,2.624344727563169,0.45115752741001525,-0.11001621336092945,-2.593482879264164,0.9699855529607125,-0.3131088466394915,0.7067170345235153,0.8028457710152236,Other_Faults
-2.8110972737619604,-2.444749516441221,-3.101600263106767,-1.6298464637510046,2.829722143661689,-0.2578351076044612,-0.46794936833750067,-0.8034824791569467,1.0906769394936173,1.0471958194283455,Other_Faults
-1.7993086626357968,3.7976993692053203,0.13794148003971246,-0.3007251595772336,1.0150479635672263,-0.5583547941495108,0.42031921883425466,2.3198560225855154,1.9160156815615366,-0.4970155373548305,Other_Faults
-2.198473631890765,-3.444430926869347,-2.956251460155134,-1.2875110423670004,2.3220896975708203,-0.7002708113973602,-0.39959127808085515,-0.8236294241755951,1.064747845600562,0.9371749876563673,Other_Faults
-0.8087972316950699,3.0808045099684884,-0.5840589249116376,0.7935194699665306,1.2077308139407021,1.2953041420107907,0.4504105490466398,2.210984449534369,2.0704417439843086,1.3990640027439563,Other_Faults
-1.2227354840303482,2.497964842724646,-0.95306988710545,0.5164973124707526,1.4237147116547455,1.8790529952086341,0.11249450164620081,2.142846878035371,2.2501985875534496,1.20566134827707,Other_Faults
-1.2231607268981215,3.759947052973493,-0.39761445238590853,-1.0766350982964599,1.1599531300378132,-2.7384618393274294,-0.32019835735551566,1.9061251502082164,2.436152348038625,1.526376885781929,Other_Faults
-1.3415101621476946,-2.226677268335548,-2.4837365414644514,-1.2544429818251928,1.8197678455876969,-1.5774588834803644,0.1633987989635815,-1.1009553330028572,-1.4009274282154294,1.4556073835828547,Other_Faults
-2.178722786563529,-2.0305927925669183,-3.5122687975754783,-1.9070334261100008,2.5722305022500995,-0.30765561931324775,-1.071290048354317,-0.8168843897081357,-0.31759265053039465,1.223201906496768,Other_Faults
-2.0073273630771453,-2.1750166381438247,-3.7173722044953865,-1.8011806080538637,2.680143520045256,-0.40934724109797643,-0.6713061279473392,-1.0683558929260089,-0.6934253940754388,1.2182995399028118,Other_Faults
-1.7072202827133518,2.7267212041034923,-0.5093675514865742,0.1564986882035728,0.4979783783239078,1.7864404059495893,0.21328528062150742,2.366220597788062,2.2274384252570405,1.343851912401723,Other_Faults
1.6690445266807419,3.8744099926303135,-1.6819023533569963,-0.586368818910955,1.4944264068509805,-3.587850317886623,-0.6230348566709001,2.232595671820714,2.8775817626605193,1.2996559108610626,Other_Faults
-1.9878194326757423,3.3470850363728815,-0.9056297979956967,-1.0256262965068286,0.9440650344185408,-0.9756806611640993,0.1915927718267163,2.10389568058646,1.7283763254664264,-0.840204809182434,Other_Faults
-0.6793636302507501,3.8959065319317,-0.2686566783830511,0.5574842927961926,0.25529362958410157,0.6169956502942744,0.6929954442529768,2.5394479009851842,1.8110450766223347,1.5260365926987667,Other_Faults
-1.3602292001017486,3.160166937022242,-0.6824765053252467,0.33292993913606955,0.4537088128683686,1.338229442471464,0.6701879082289205,2.212980714718947,1.916482417665287,1.3708392126777265,Other_Faults
-1.1530590557682645,3.5590113100155323,-0.493356832047959,0.28733693687906503,0.29922433707388296,1.212234365722822,0.2981310683439926,2.667289225494057,2.4101134439672873,1.427195859590801,Other_Faults
-0.8747851623420095,3.8506709635395477,-0.35576583826521574,-0.13675820809328013,0.19750254024692315,0.3886330222296816,-0.44950228107772605,3.135360385827227,2.352862696039487,0.7146500565856863,Other_Faults
-2.627354570867583,-1.726733690545786,-2.406079607545343,-1.8332808924622617,1.1093545664555424,-0.9653955431846628,0.11738128052471537,-0.7653931742182001,-0.2826203667914115,1.5803014224332295,Other_Faults
-0.9548874382755661,3.6137408676829543,-1.3319909982749907,-1.1832710276558636,0.7908774739776182,-2.226631517453862,-0.5136945451251131,2.2564395408627984,2.6304339821816987,0.7477203706352966,Other_Faults
-2.7208034303513755,0.2805280690458888,-1.5052539321143605,-2.0782008448829328,0.7405207733909943,-0.14072570909865703,-1.0517392619924746,0.4914814780272807,-0.7787267414300013,0.269791756654272,Other_Faults
-2.7536806275007155,1.135357004055534,-1.3199724323445634,-1.9965155177051161,0.5922372641738688,-0.8040227023056862,-0.09428637487253182,0.28207427409736635,-0.8017081908944085,0.8328383849123715,Other_Faults
-0.7615759658515154,3.9701618213234964,-0.5417293195744238,0.3316045233852833,-0.33572774888300255,0.5958886506759629,0.9729393784319981,2.55285557797983,1.587867824291238,1.6297804469607442,Other_Faults
-0.6501973000681874,3.6559453238737265,-1.256047540922728,0.12546885776277675,-0.5773044257480757,0.4942390491229859,1.4214028467085136,2.366597098974758,1.1706916404763712,1.4276019347589342,Other_Faults
-1.2901556029172372,3.760533745231566,-1.4073890928978854,-0.8929367756856094,-0.39856079577993603,-1.4737204894662563,1.7400048592855808,2.0467398833031902,0.5422541176961824,-0.8738656463654455,Other_Faults
-1.8423815427148162,4.019635780019095,1.4219065657851484,-0.5115888797664806,1.3737565599395316,-2.045790757962394,-0.09463670225731376,2.12641011326287,1.8109873826378178,-0.021692711963372007,Other_Faults
-1.3426671353491124,3.7341119836096377,1.6235992127682575,1.09832402663663,0.4798247328953862,1.3453572939547518,0.5606089553524709,0.9077933887498113,2.676482252120098,1.080230018853886,Other_Faults
-0.1223932043605691,1.9324784593338207,1.232174084533611,0.35564067023865714,-0.1990423130106854,-2.138836125509457,0.6316542940273171,-0.6423132911587768,-0.9729298389626945,0.09561038720766298,Other_Faults
-0.6637255080217132,1.1078725322352474,0.0788462408878558,0.09046742926042477,0.5398975218845975,-1.0676732404555165,0.7069640718900557,-1.1339682364673496,-1.352731790487002,-0.5304991709081825,Other_Faults
-1.5386634541314266,3.126383460314283,0.9477944899143192,0.660929261819465,0.0663619663978396,0.9277445432946336,1.110649858190688,0.2814819806040507,1.2551468272641961,0.3908335254550486,Other_Faults
-0.49469073651056383,2.1706610947959173,0.7161190268737668,1.1238261101746432,-0.005856255049454499,0.3190700096592255,1.8443114294421248,-0.4438110594873149,-0.4463286648003107,0.3459987717156951,Other_Faults
-1.4453638578943282,2.2373918905636945,0.5818768430773533,0.5820106272641888,0.2714639827746375,1.81308459139743,0.6451187142836976,-0.2976035976432187,-0.05174626355481708,0.9160412476511973,Other_Faults
-2.159543371137315,2.405032945674039,-2.1686271103058936,-1.9088190755366132,-0.060815855392063856,-1.7999397720919161,0.37123274844375104,0.7243000652934356,1.439860976396389,1.8191695738435394,Other_Faults
-1.6296877177498046,2.2682044834026445,-1.7310241812972522,-1.8094870641004037,-1.2697492077013275,-2.2652071458480965,1.1602329927876285,0.7001590344358043,-0.16224211324982682,1.5572473069051433,Other_Faults
-2.26493238011175,-2.4760798908653228,-1.3498818336187928,-0.9673076095282432,2.5811791054959166,-1.4295215652042996,0.4969807283314095,-0.2842401023616994,-0.1521834894147419,1.4134241053097005,Other_Faults
-2.421588846554049,-2.620245231660868,-1.9894631549885715,-1.0766946698226987,3.062374660710218,-1.1105377591393104,0.9820008864107056,-0.9996150792540228,-1.173662788990531,1.513664155905925,Other_Faults
-1.4244425358805755,-4.3392846073587386,-2.235668826449603,-0.4949454959929349,2.4582926975373502,-1.6426934907333093,0.7325460306760166,-0.3966975075532713,0.43765936356248636,0.8903827672729588,Other_Faults
-1.1633517943434621,-4.173533842676294,-2.164304134402913,-0.4719214169640028,2.397169875564488,-1.7654328349403772,0.5171594177256041,-0.35900806946350083,0.15004303711280045,0.9499384464169939,Other_Faults
-2.7540087153185455,2.469478732194896,0.72775191536275,-0.379733590630513,1.711755966311073,-0.3420381552949922,0.8060031781929256,1.933728189404075,0.8962832976268018,-0.9684613605656545,Other_Faults
-1.3372185748736445,0.9218207412740599,0.9951703250555668,-0.30650717691296675,0.9366554547688972,-1.995658151106838,1.078556752729387,0.8503948344055198,-2.223809158889384,-0.21896441847857354,Other_Faults
0.8636993825918018,0.8682197602522465,-0.21549792453909236,-0.29417538804828774,0.943871398832835,-3.076915803828509,0.3157165587438985,1.426588661915838,-0.57867456300735,0.4104858629670275,Other_Faults
-1.1069696752094893,2.385643123308202,0.2869857835015559,0.634449725235642,0.5904036810369615,0.725251649811437,1.2913237156578556,1.4682536900862138,-0.07450001962761836,1.2595115776953216,Other_Faults
-1.0813685170280176,1.6418358959681825,-0.8699787962929604,-0.7674867354810104,0.9765471977278529,-2.7619625496987856,0.9186959675854155,0.4807790800037756,0.11957264710077453,1.576933008064488,Other_Faults
-1.5229918422573134,1.231436160284743,0.3227473090697667,-1.1504125504546252,0.19626308690929414,-2.2274520937853306,0.20370129258407532,0.46044156527481667,-1.7114578497616635,1.2415594988608591,Other_Faults
-1.0614218641231516,2.338413089992009,-0.09970886937924602,-0.39609832763612474,0.17789305982748926,-1.3834978012512598,0.7170096721880598,1.8543808436045832,-0.40341229547880864,-1.1154781784457835,Other_Faults
0.08607764885020806,0.5964869021964385,-0.6382225628184879,-0.11795251232484388,0.49532149542890686,-0.5740646393309051,-0.26050510240538804,1.611874420940047,-1.9349712883732144,-0.6292318240638666,Other_Faults
-0.3853321178402477,0.22123451339954603,-0.758220456703587,-0.9099225353540288,0.46924014226810234,-2.9222159002106047,0.0022091459634201987,0.3871460939538641,-1.760277850484775,1.422564329839212,Other_Faults
-2.437141421076908,2.8468401781924677,0.6103005864250585,-0.2963470256988335,1.5212853659612102,-0.5414590781568184,1.010080088358206,2.4199807460942635,1.2192278376158967,-0.7116050590076828,Other_Faults
0.13061969104797863,1.2516384046695197,0.33044529666818956,0.212941387229063,1.2878717986861716,-3.651649832960429,1.1721066764404846,1.2017149414042207,-0.5037841813538974,0.8347907347435756,Other_Faults
-2.435361438942249,2.274318906887533,0.5269021325746176,-0.5257510272730361,1.5717814015402958,-1.1093679288356362,1.3386507892369537,1.7957822092987117,0.09128620769921038,-0.9263373044442107,Other_Faults
-1.8682065977190592,1.4045579046580687,0.7106281780934053,-0.32142274801276455,1.2623985960961268,-1.2482320699753777,1.3284065230977653,1.492974866444191,-1.1339932045323469,-1.0994941366049473,Other_Faults
-2.079828916277913,2.3915641381634867,0.5529638778018358,-0.4807132525521002,1.4654913122913364,-1.652591447554055,1.3248167379578697,1.7792697640253126,0.21306161723166844,-0.3984370360915685,Other_Faults
-1.7655319042466624,2.5779971979753746,-0.011062416351117309,-0.4221847747143379,1.7785962414890824,-2.273607078976088,1.4460400997864318,1.5360399931953876,0.9462123871261556,0.5460255683333926,Other_Faults
-1.1630423819529851,1.0794096785453824,0.959303485632278,-0.16553586037449744,0.8494460600087644,-2.1683057603304117,1.5160968133873411,1.0661367353158144,-2.3787354720089207,-0.4620527172698526,Other_Faults
-2.4388037928280393,2.118429432053755,1.6484496903930288,0.3450191411638164,0.5810643222965433,0.8830405350950772,1.1853497090324137,-0.20826050957479253,0.3289754032622878,-0.3580231386612653,Other_Faults
-0.8748317148363938,2.1878343269102882,1.2751366515241913,1.041474499741496,0.4008967771447461,0.884427790143127,0.5612474292287877,-1.0984948789162157,-0.17273502345751507,0.28994355968501134,Other_Faults
0.004039229986239592,2.971770433124849,1.4011280537766881,1.6676859992489035,0.1628913040606417,0.20169991064168166,1.1639518267731013,-0.6945372449184921,0.515117565747627,0.5898642646051194,Other_Faults
-0.9019516468036483,1.9142324299716522,1.7200357756931566,0.9017149819478835,0.0738614434624187,0.8321027275538495,0.5704830462944588,-1.3406114727629255,-1.3183650242674865,0.45806885568807426,Other_Faults
-0.32373192796308464,0.4083281117535452,2.1140764311603357,1.0520246941415627,-0.6513037947201973,0.5115171236466323,-0.3281065911635439,-1.1003166649350906,-1.2744581805635666,0.350576100520941,Other_Faults
-0.6998493757563216,2.52272922745891,1.7104962895209477,0.948320003213256,0.04901524310138313,-0.11736200384883659,1.10830276085439,-1.177023087406253,-1.0088999708483943,-0.1744425691847025,Other_Faults
0.4944470299815997,2.4609542424988886,1.447878885601641,1.7705150931449178,-0.16909561814962235,-0.03142137937791744,0.9422907709008294,-0.7379054790080392,-0.03204676413421043,0.5249474097074517,Other_Faults
1.046210068279523,1.0380481691966845,2.0803661745901816,1.5872842981479243,-0.7893685204803298,-0.3943230196437075,0.13596498842228882,-1.1229072856598434,-2.221336217761015,0.39725605919732476,Other_Faults
-0.22486329808711833,2.843085546742897,1.096111768030049,1.286488292893462,0.1871238605744053,-0.10847432835393953,1.2480814643067055,-0.7437173837150894,0.21147081236861784,-0.1132093472571962,Other_Faults
-0.8559265140362764,2.786645389642467,1.264045267616246,0.7946918995616661,0.15318598271549486,-0.043679279818955107,0.9327903473145057,-0.8485296443019014,-0.027486739660557005,-0.486576244726529,Other_Faults
-1.289390001927525,2.593044441968232,1.4221496316531046,0.16502418437787456,0.14107576866295368,-1.164751931966504,0.8872534255490198,-1.2799912042825146,-0.42248121551252554,-0.7126736837283338,Other_Faults
-0.7918126925953,2.3779363405861793,1.1366162197189047,0.3888055420496147,0.20120454817076358,-1.2153657239400564,1.0469375779368975,-1.2301840821040435,-0.8700248685651862,-1.2893917326182758,Other_Faults
-0.5735031368080924,2.127028695939667,1.8234681423051844,1.155047704779082,-0.10076647525434976,0.6311391564465058,0.5874937330743797,-1.1229375861517437,-0.8542721093432432,0.6300714851921708,Other_Faults
0.022014479811735335,1.9339006786585982,0.7514377685032271,0.8407376839855819,-0.31649611888529794,0.4116142679610337,-0.5861064162459606,-0.40587505917208433,-0.0821096866396537,-0.3438611501331852,Other_Faults
-0.22014143195146765,1.0910058625785037,0.23704448095331698,0.6669267738512689,-0.2827177516508677,0.7622669340773474,-0.05456820466928958,-1.0953055891208938,-1.1294498788186234,-0.32391484591226927,Other_Faults
0.9596879466340683,2.4783149554345494,0.790056337198736,1.5267504416947304,-0.8099104966832162,-0.5716755651510915,1.020122781655522,-0.4968157279747649,-0.19808646410159428,0.08637533629747936,Other_Faults
0.7240968499994745,1.7933510901578043,0.6876613626321019,1.1661724668998512,-0.7869856281978638,-0.2777700961397353,0.27428277852495814,-0.5942679389473613,-0.7382107730428562,-0.2950173028601879,Other_Faults
0.6883778247583469,1.1607875750216627,-0.44607320373809856,1.0568452292842003,-1.1813520614512283,1.0280091699743479,0.3640476715532694,-0.8824517362723001,-1.2631628505302614,0.7219903844677417,Other_Faults
0.15578277145796202,1.1464766449237094,-0.3023752699872356,0.8228949909540517,-1.298846069644608,1.2904782922000153,0.49588969736591193,-0.9837545563260258,-1.165609717069609,0.8888348169264557,Other_Faults
0.8269849460073586,0.11501412877657002,0.2645192585171614,1.1371569820626035,-2.1298079053720245,0.6852175331951311,0.24093126043865848,-0.790414779931037,-1.4352343734837578,0.9579701533533398,Other_Faults
0.19202752388686378,-0.1214631074329336,0.08851892071699717,0.781992485715135,-2.277856950835683,1.1788765741036114,0.13045404618728032,-0.7603574027037864,-1.0128074959789315,0.9976002890774908,Other_Faults
-1.8888551969112617,-1.0089218375816635,2.4022253522856074,0.20018777234979596,-0.12024262961685189,-1.4582106024387245,1.4156402756625721,-0.599776862906749,-0.5765580927760416,0.20583867076551532,Other_Faults
-1.096416536035245,-0.8945329447506388,2.7087065916112367,1.3965882659990991,-0.700087059359592,0.4317815367104054,1.4964039004344953,0.22628216286573472,-0.19226385168109156,0.5611347405681245,Other_Faults
0.06894740547800324,0.023729448989880022,-0.8145630043544252,0.6724420115296043,2.306401091150942,-1.8675979676571481,1.1502228012125937,-0.9956029480432632,0.18626545577797426,0.40463254883162075,Other_Faults
-0.15595306391461763,1.3948078268948048,1.3939339965629456,1.2758277363394313,-0.032158084347557195,0.8636927246636649,-0.2783668880819435,-0.7594132229127871,-0.08277126399347591,0.23286353866750464,Other_Faults
-0.09433087575921567,1.8117704826412955,1.3995702885059635,1.1834207565352406,0.010322527212083446,0.2701599230761271,0.022028796508577038,-0.7923240810176169,-0.501202889672512,-0.214372473431926,Other_Faults
0.4890718873561697,2.7299259517052774,1.1165007556767426,1.3809969809723792,0.14631997574690422,-1.4872354306953315,1.157616993776574,-0.5700245479815136,0.2227928921788774,-1.4346401308053132,Other_Faults
0.21606323376224432,1.722861990993997,1.2121204527754197,1.3697296126947,-0.015392982121611628,0.12599683582401583,0.0423829982522744,-0.6198733117712616,0.0403323290154202,-0.32448396555933495,Other_Faults
1.428694114542608,2.4753609414796456,1.3954750658748434,1.8420522744388959,-0.21073859778366014,-1.5588064196027174,1.1439590782364804,-0.5578976284556504,-0.14969047358645146,-0.755708205098331,Other_Faults
0.7313787640466767,1.4018051944490093,0.6611322173672647,1.7924642818715641,0.2229528686298858,0.2770378610772483,0.5276434174246302,-0.9318762605744648,-0.1634685804461316,-0.01628996533196184,Other_Faults
1.1111449760750471,1.7554207277104061,1.3370717806377077,1.602798302613024,-0.2181423249627869,-0.46555972684109376,0.11114106318155587,-0.4995970379508795,-0.19179336828064425,-0.3594865059464778,Other_Faults
0.1050476579294671,1.8466956571046964,1.273150760616141,1.2968502252973753,-0.07518029830562631,0.14564274148160744,-0.03384695409451662,-0.5427489715556262,0.2530010534965513,-0.3014304069404674,Other_Faults
0.4387485410265004,1.8390534695452427,0.7335262217276673,1.617637158655117,0.24436483384546245,0.41548273101669014,0.29757131748451626,-0.6791225572006008,0.26885438355506075,0.003382355330465343,Other_Faults
0.09371737558015653,2.218684344637345,1.024067807899542,1.4093523478337555,0.07953194937908872,0.5820747798356165,-0.12825657738284418,-0.343056487716568,0.84213315340193,0.08605771735022781,Other_Faults
1.177711364272967,1.1978003203953846,1.5065239950250169,1.651817766370205,-0.41160520141336576,-0.06296334585243996,0.04686951683645869,-1.0217313545781785,-1.61757531963175,0.2942593781729749,Other_Faults
-0.8391536922296351,1.2394813821733939,0.36633878267768377,0.17165433241308492,1.3919443097467574,-1.6595702291968133,1.0065975322,-1.7455737670569125,-1.0583061697440115,1.0275631903568152,Other_Faults
